,mean_fit_time,std_fit_time,mean_score_time,std_score_time,param_min_samples_split,param_n_estimators,params,split0_test_accuracy,split1_test_accuracy,split2_test_accuracy,split3_test_accuracy,split4_test_accuracy,mean_test_accuracy,std_test_accuracy,rank_test_accuracy,split0_train_accuracy,split1_train_accuracy,split2_train_accuracy,split3_train_accuracy,split4_train_accuracy,mean_train_accuracy,std_train_accuracy,split0_test_size,split1_test_size,split2_test_size,split3_test_size,split4_test_size,mean_test_size,std_test_size,rank_test_size,split0_train_size,split1_train_size,split2_train_size,split3_train_size,split4_train_size,mean_train_size,std_train_size,split0_test_compute,split1_test_compute,split2_test_compute,split3_test_compute,split4_test_compute,mean_test_compute,std_test_compute,rank_test_compute,split0_train_compute,split1_train_compute,split2_train_compute,split3_train_compute,split4_train_compute,mean_train_compute,std_train_compute,depth_param_type,depth_param_value,feature_set
0,0.07720060348510742,0.006231547835754482,0.022866296768188476,0.0014379481403389125,0.42366811947298216,24,"{'min_samples_split': np.float64(0.42366811947298216), 'n_estimators': 24}",0.7530864197530864,0.5925925925925926,0.6125,0.6125,0.6125,0.6366358024691359,0.058733570442345485,84,0.7258566978193146,0.632398753894081,0.6242236024844721,0.7142857142857143,0.639751552795031,0.6673032642557226,0.04351812059184346,368.0,304.0,296.0,312.0,312.0,318.4,25.499803920814763,93,368.0,304.0,296.0,312.0,312.0,318.4,25.499803920814763,65.49382716049384,58.851851851851855,57.837500000000006,60.162499999999994,59.52499999999999,60.37413580246914,2.6731603223910696,88,65.30218068535825,58.99065420560747,58.14285714285714,59.745341614906835,59.46583850931676,60.32937443160929,2.5451373383343467,min_samples_split,param_min_samples_split,combined
1,0.1484386920928955,0.026459409476246826,0.05688872337341309,0.0069832728976195095,0.11675776969521896,37,"{'min_samples_split': np.float64(0.11675776969521896), 'n_estimators': 37}",0.8888888888888888,0.8765432098765432,0.8625,0.8625,0.9125,0.8805864197530863,0.01875095892482614,52,0.9283489096573209,0.9252336448598131,0.937888198757764,0.922360248447205,0.9099378881987578,0.9247537779841721,0.009065404864662752,2288.0,2392.0,2200.0,2296.0,2216.0,2278.4,68.33330081300039,58,2288.0,2392.0,2200.0,2296.0,2216.0,2278.4,68.33330081300039,176.49382716049382,174.1234567901235,164.36250000000004,176.11249999999998,167.65000000000003,171.74845679012347,4.869368416042014,58,174.83800623052966,175.45171339563865,168.09627329192546,172.8633540372671,166.48757763975158,171.54738491902248,3.6142928867285162,min_samples_split,param_min_samples_split,combined
2,0.13412003517150878,0.008849469752224495,0.045330238342285153,0.017294859363826926,0.23759446520393473,36,"{'min_samples_split': np.float64(0.23759446520393473), 'n_estimators': 36}",0.7901234567901234,0.8641975308641975,0.775,0.7625,0.775,0.7933641975308642,0.03648273482837931,73,0.8411214953271028,0.8629283489096573,0.8540372670807453,0.8354037267080745,0.8043478260869565,0.8395677328225073,0.0200762584209516,1128.0,1088.0,1080.0,1168.0,1080.0,1108.8,34.53925303187664,71,1128.0,1088.0,1080.0,1168.0,1080.0,1108.8,34.53925303187664,134.8148148148148,127.56790123456794,124.39999999999999,135.9625,126.21250000000003,129.79154320987655,4.693332237100488,73,133.3239875389408,128.6448598130841,127.72670807453417,133.45652173913047,125.69565217391303,129.7695458679205,3.106849255103145,min_samples_split,param_min_samples_split,combined
3,0.16529521942138672,0.017996480465718476,0.10687146186828614,0.01336122403046124,0.020715507161027432,36,"{'min_samples_split': np.float64(0.020715507161027432), 'n_estimators': 36}",0.9382716049382716,0.9259259259259259,0.875,0.9125,0.9625,0.9228395061728396,0.0290384371775475,16,0.9937694704049844,0.9937694704049844,0.9968944099378882,1.0,0.9968944099378882,0.9962655521371492,0.0023322895675599565,6968.0,6920.0,6784.0,6688.0,6704.0,6812.8,112.97858204102226,29,6968.0,6920.0,6784.0,6688.0,6704.0,6812.8,112.97858204102226,224.53086419753086,214.55555555555551,207.14999999999998,225.45000000000002,217.74999999999994,217.88728395061725,6.74893117698667,52,222.11214953271028,218.5077881619938,214.65217391304353,217.89440993788816,214.1180124223603,217.45690679359922,2.8976468993067117,min_samples_split,param_min_samples_split,combined
4,0.2514064311981201,0.019712472504659295,0.06671886444091797,0.00497570129920877,0.577683907952542,80,"{'min_samples_split': np.float64(0.577683907952542), 'n_estimators': 80}",0.5061728395061729,0.49382716049382713,0.5,0.5,0.5,0.5,0.0039040464940350537,94,0.4984423676012461,0.5015576323987538,0.5,0.5,0.5,0.5,0.0009851332274667674,656.0,656.0,640.0,640.0,640.0,646.4,7.83836717690617,82,656.0,656.0,640.0,640.0,640.0,646.4,7.83836717690617,161.81481481481484,161.8148148148148,160.0,160.0,160.0,160.72592592592594,0.8890740547879727,65,161.87850467289718,161.84735202492212,160.0,160.0,160.0,160.74517133956385,0.912697943850363,min_samples_split,param_min_samples_split,combined
5,0.14907922744750976,0.016911088380963616,0.042909431457519534,0.004065440902869632,0.29691835059950983,42,"{'min_samples_split': np.float64(0.29691835059950983), 'n_estimators': 42}",0.7283950617283951,0.8148148148148148,0.725,0.7125,0.75,0.7461419753086419,0.036399345611158866,75,0.7725856697819314,0.778816199376947,0.7515527950310559,0.7919254658385093,0.7639751552795031,0.7717710570615894,0.013609202926007253,992.0,976.0,928.0,960.0,880.0,947.2,39.710955667170744,76,992.0,976.0,928.0,960.0,880.0,947.2,39.710955667170744,139.82716049382717,132.93827160493828,128.8125,135.7375,126.96249999999998,132.8555864197531,4.647367494451735,71,137.7570093457944,133.9190031152648,131.19254658385094,133.5652173913044,126.39440993788818,132.56563727482052,3.7349840261068623,min_samples_split,param_min_samples_split,combined
6,0.2980997562408447,0.02854512204993979,0.23877863883972167,0.03160461720294208,0.0130449885002876,70,"{'min_samples_split': np.float64(0.0130449885002876), 'n_estimators': 70}",0.9382716049382716,0.9506172839506173,0.875,0.925,0.975,0.9327777777777777,0.033256312480013886,3,1.0,1.0,0.9968944099378882,1.0,1.0,0.9993788819875776,0.0012422360248447006,14840.0,14960.0,14848.0,13936.0,14848.0,14686.4,377.83043815976504,5,14840.0,14960.0,14848.0,13936.0,14848.0,14686.4,377.83043815976504,441.8148148148147,427.81481481481484,415.6500000000001,433.8499999999999,431.6499999999999,430.15592592592594,8.575672789117311,11,435.5077881619937,432.64174454828674,429.17701863354034,421.33850931677017,425.1242236024845,428.7578568526151,5.080784611978944,min_samples_split,param_min_samples_split,combined
7,0.20349512100219727,0.01331792923427317,0.06827363967895508,0.0049957383808516154,0.18779339699177167,58,"{'min_samples_split': np.float64(0.18779339699177167), 'n_estimators': 58}",0.8641975308641975,0.8765432098765432,0.7875,0.7875,0.8625,0.8356481481481481,0.03961056327623365,67,0.8847352024922118,0.9096573208722741,0.8944099378881988,0.8913043478260869,0.8540372670807453,0.8868288152319034,0.018321098913314935,2368.0,2432.0,2224.0,2376.0,2320.0,2344.0,69.74238309665078,57,2368.0,2432.0,2224.0,2376.0,2320.0,2344.0,69.74238309665078,237.25925925925918,232.2962962962963,220.87500000000003,237.73750000000004,225.49999999999994,230.73361111111112,6.6130692815332965,47,234.72585669781935,233.85046728971963,225.45031055900625,233.496894409938,224.71118012422355,230.44694181614136,4.405918636211973,min_samples_split,param_min_samples_split,combined
8,0.30004315376281737,0.026160068127142642,0.24922103881835939,0.018064242068658972,0.013363179710403883,68,"{'min_samples_split': np.float64(0.013363179710403883), 'n_estimators': 68}",0.9382716049382716,0.9506172839506173,0.875,0.925,0.975,0.9327777777777777,0.033256312480013886,3,1.0,1.0,0.9968944099378882,1.0,1.0,0.9993788819875776,0.0012422360248447006,14336.0,14576.0,14392.0,13504.0,14408.0,14243.2,378.1758321204569,8,14336.0,14576.0,14392.0,13504.0,14408.0,14243.2,378.1758321204569,428.753086419753,415.1851851851852,402.8500000000001,420.1624999999999,419.2999999999999,417.25015432098763,8.445467583629773,15,422.4735202492211,420.1557632398755,415.8757763975155,407.76397515527947,412.45031055900625,415.7438691201795,5.2781938058157545,min_samples_split,param_min_samples_split,combined
9,0.46007137298583983,0.035521332290515066,0.36188511848449706,0.06661686141494425,0.041248536462899325,95,"{'min_samples_split': np.float64(0.041248536462899325), 'n_estimators': 95}",0.9012345679012346,0.9506172839506173,0.8875,0.8875,0.975,0.9203703703703703,0.03585072843697842,23,0.9813084112149533,0.9844236760124611,0.984472049689441,0.9906832298136646,0.984472049689441,0.9850718832839922,0.003059107884324228,14472.0,14752.0,14448.0,14056.0,14512.0,14448.0,223.94284985236746,6,14472.0,14752.0,14448.0,14056.0,14512.0,14448.0,223.94284985236746,564.79012345679,556.3703703703703,535.0625000000003,554.4875000000003,555.3375000000001,553.2095987654322,9.793643020831977,2,559.1993769470405,561.7196261682243,550.1583850931677,541.4192546583851,547.1490683229813,551.9291422379598,7.551851597425345,min_samples_split,param_min_samples_split,combined
10,0.20611195564270018,0.008416012352282126,0.056856632232666016,0.004851324541356736,0.35807670836017036,63,"{'min_samples_split': np.float64(0.35807670836017036), 'n_estimators': 63}",0.7530864197530864,0.7283950617283951,0.7125,0.6625,0.6375,0.6987962962962962,0.04262851857554684,82,0.7476635514018691,0.7071651090342679,0.7453416149068323,0.7763975155279503,0.7236024844720497,0.7400340550685939,0.023490614244807532,1160.0,1064.0,1088.0,1112.0,960.0,1076.8,66.47224984909117,72,1160.0,1064.0,1088.0,1112.0,960.0,1076.8,66.47224984909117,185.1234567901234,172.962962962963,174.61249999999995,180.64999999999992,165.64999999999998,175.79978395061724,6.6772865998612225,57,183.24299065420564,173.70716510903432,176.58385093167698,178.25776397515529,165.2701863354037,175.4123914010952,5.9423710332070625,min_samples_split,param_min_samples_split,combined
11,0.2156521797180176,0.007982212749896314,0.07367310523986817,0.003795880335974176,0.20228844320183897,60,"{'min_samples_split': np.float64(0.20228844320183897), 'n_estimators': 60}",0.8518518518518519,0.8765432098765432,0.8,0.7375,0.8625,0.825679012345679,0.051113440783072416,70,0.8722741433021807,0.897196261682243,0.8819875776397516,0.8509316770186336,0.8540372670807453,0.8712853853447108,0.017312764661186485,2264.0,2336.0,2136.0,2264.0,2104.0,2220.8,86.99057420203638,59,2264.0,2336.0,2136.0,2264.0,2104.0,2220.8,86.99057420203638,238.4691358024691,233.48148148148147,221.75000000000006,238.72500000000005,221.90000000000003,230.86512345679012,7.614498099929098,46,235.4984423676013,234.88473520249215,226.93788819875783,234.48447204968957,221.28881987577637,230.61887153886346,5.613379979382217,min_samples_split,param_min_samples_split,combined
12,0.0729243278503418,0.010979417540817282,0.018398571014404296,0.0012867386738079345,0.5912252466267619,20,"{'min_samples_split': np.float64(0.5912252466267619), 'n_estimators': 20}",0.5555555555555556,0.49382716049382713,0.5,0.5,0.5,0.5098765432098766,0.022964290416960846,93,0.5389408099688473,0.5015576323987538,0.5,0.5,0.5,0.5080996884735203,0.015432356481620963,168.0,168.0,160.0,160.0,160.0,163.2,3.919183588453085,97,168.0,168.0,160.0,160.0,160.0,163.2,3.919183588453085,40.901234567901234,40.93827160493827,40.0,40.0,40.0,40.367901234567896,0.45073734236928625,95,40.93457943925234,40.925233644859816,40.0,40.0,40.0,40.37196261682243,0.4555688936454821,min_samples_split,param_min_samples_split,combined
13,0.13904109001159667,0.012918548451930901,0.04451913833618164,0.004123381136594813,0.1933162421486903,38,"{'min_samples_split': np.float64(0.1933162421486903), 'n_estimators': 38}",0.8641975308641975,0.8518518518518519,0.7875,0.775,0.8625,0.82820987654321,0.038777446632315214,68,0.8785046728971962,0.9034267912772586,0.8788819875776398,0.8757763975155279,0.84472049689441,0.8762620692324065,0.018681124322035506,1472.0,1544.0,1408.0,1520.0,1456.0,1480.0,48.0,66,1472.0,1544.0,1408.0,1520.0,1456.0,1480.0,48.0,154.80246913580245,151.3086419753087,142.1875,155.18750000000006,145.8375,149.86472222222224,5.098165787497952,68,152.5919003115265,152.48286604361368,145.70807453416148,152.42236024844726,145.60559006211176,149.76215823997214,3.352581679277535,min_samples_split,param_min_samples_split,combined
14,0.2584080219268799,0.006385997912884029,0.08249506950378419,0.010462623941393872,0.2997503157785519,74,"{'min_samples_split': np.float64(0.2997503157785519), 'n_estimators': 74}",0.7283950617283951,0.7654320987654321,0.7125,0.7125,0.7125,0.7262654320987654,0.02052814878518925,77,0.7570093457943925,0.7507788161993769,0.7546583850931677,0.8167701863354038,0.7484472049689441,0.765532787678257,0.025790577834542503,1704.0,1664.0,1648.0,1696.0,1512.0,1644.8,69.48496240194709,64,1704.0,1664.0,1648.0,1696.0,1512.0,1644.8,69.48496240194709,240.85185185185185,230.70370370370367,227.51250000000005,239.27499999999998,220.52499999999995,231.77361111111108,7.543451622432045,45,237.7352024922119,231.82554517133957,231.90062111801248,235.41925465838509,219.64906832298135,231.30593835258605,6.2411708217820445,min_samples_split,param_min_samples_split,combined
15,0.15670347213745117,0.01989600346885121,0.05064711570739746,0.005660892440592507,0.19260345798622838,43,"{'min_samples_split': np.float64(0.19260345798622838), 'n_estimators': 43}",0.8641975308641975,0.8641975308641975,0.8,0.7875,0.8625,0.835679012345679,0.03446791646822769,65,0.8785046728971962,0.9096573208722741,0.8788819875776398,0.8850931677018633,0.8509316770186336,0.8806137652135215,0.01871933148242026,1672.0,1792.0,1592.0,1720.0,1632.0,1681.6,69.63217647036463,62,1672.0,1792.0,1592.0,1720.0,1632.0,1681.6,69.63217647036463,174.75308641975306,172.95061728395063,161.38750000000005,175.28750000000005,164.09999999999997,169.69574074074075,5.792718133756629,59,172.24610591900316,173.93146417445482,165.27639751552798,172.20186335403733,163.96273291925462,169.52371277645557,4.073729770695624,min_samples_split,param_min_samples_split,combined
16,0.06722579002380372,0.009562036392939812,0.02715911865234375,0.00687198545775997,0.1191929601098553,16,"{'min_samples_split': np.float64(0.1191929601098553), 'n_estimators': 16}",0.8518518518518519,0.9012345679012346,0.825,0.825,0.8875,0.8581172839506174,0.031480815776064895,62,0.9127725856697819,0.9314641744548287,0.9161490683229814,0.922360248447205,0.8944099378881988,0.9154312029565992,0.012284502497959685,976.0,1040.0,928.0,1008.0,944.0,979.2,40.97999511957023,75,976.0,1040.0,928.0,1008.0,944.0,979.2,40.97999511957023,77.32098765432099,75.38271604938271,69.5375,76.75,72.225,74.24324074074075,2.94183832436769,84,76.23052959501558,75.96261682242991,71.35403726708074,75.15217391304348,70.90683229813665,73.92123797914127,2.3105159479225663,min_samples_split,param_min_samples_split,combined
17,0.3939384937286377,0.10447618451807254,0.2874542236328125,0.05435811321916102,0.01821848490119729,81,"{'min_samples_split': np.float64(0.01821848490119729), 'n_estimators': 81}",0.9382716049382716,0.9506172839506173,0.875,0.9125,0.975,0.9302777777777778,0.03420338007649561,6,1.0,1.0,0.9968944099378882,1.0,0.9968944099378882,0.9987577639751553,0.0015214222004864217,16248.0,16456.0,16304.0,15440.0,16320.0,16153.6,363.2880950430388,2,16248.0,16456.0,16304.0,15440.0,16320.0,16153.6,363.2880950430388,507.641975308642,496.5679012345679,478.425,500.9875,497.3249999999998,496.1894753086419,9.707625896029652,7,501.91277258566987,502.33021806853577,494.9316770186337,487.027950310559,490.45031055900625,495.3305857084809,6.086542622711309,min_samples_split,param_min_samples_split,combined
18,0.23279037475585937,0.027769529860445855,0.12439932823181152,0.013471430466062008,0.052380855526097295,52,"{'min_samples_split': np.float64(0.052380855526097295), 'n_estimators': 52}",0.9135802469135802,0.9259259259259259,0.875,0.8625,0.975,0.9104012345679011,0.0399296840424962,35,0.9781931464174455,0.9688473520249221,0.9751552795031055,0.968944099378882,0.9751552795031055,0.9732590313654921,0.0037314489946346707,7096.0,6872.0,6968.0,6760.0,6976.0,6934.4,112.50173331998045,27,7096.0,6872.0,6968.0,6760.0,6976.0,6934.4,112.50173331998045,300.3456790123456,286.32098765432096,283.11249999999995,297.96250000000003,292.6875,292.0858333333333,6.58599151751544,34,297.4143302180686,290.9408099688474,291.27018633540376,289.3354037267081,289.3757763975155,291.66730132930866,2.9800222819802555,min_samples_split,param_min_samples_split,combined
19,0.05537347793579102,0.0025479464168745134,0.03608007431030273,0.0069553338218835605,0.010335093497996953,13,"{'min_samples_split': np.float64(0.010335093497996953), 'n_estimators': 13}",0.9506172839506173,0.9629629629629629,0.8625,0.9,0.9375,0.922716049382716,0.03676642392679191,19,1.0,0.9968847352024922,0.9968944099378882,1.0,0.9937888198757764,0.9975135930032314,0.00232453109938882,2856.0,2824.0,2768.0,2648.0,2752.0,2769.6,71.44676339765154,53,2856.0,2824.0,2768.0,2648.0,2752.0,2769.6,71.44676339765154,83.20987654320989,78.18518518518518,74.52499999999999,80.8,78.775,79.09901234567901,2.8863200262107567,80,81.62616822429906,79.18691588785047,77.25465838509317,78.3695652173913,76.98447204968944,78.68435595286469,1.6697041387815261,min_samples_split,param_min_samples_split,combined
20,0.19534635543823242,0.016487967027140952,0.06886305809020996,0.005017089882271858,0.14020542378744186,50,"{'min_samples_split': np.float64(0.14020542378744186), 'n_estimators': 50}",0.8765432098765432,0.8765432098765432,0.85,0.8375,0.925,0.8731172839506172,0.030060904493488246,58,0.9221183800623053,0.9252336448598131,0.9285714285714286,0.9099378881987578,0.8881987577639752,0.9148120198912562,0.014719628894598755,2680.0,2728.0,2648.0,2600.0,2664.0,2664.0,41.72289539329695,54,2680.0,2728.0,2648.0,2600.0,2664.0,2664.0,41.72289539329695,224.50617283950612,220.53086419753086,214.76250000000005,223.56250000000003,217.72500000000002,220.21740740740742,3.6235208858717596,50,223.0903426791277,221.89408099688478,218.5776397515528,219.3975155279504,216.41925465838509,219.87576672278018,2.3777478662917524,min_samples_split,param_min_samples_split,combined
21,0.4613058090209961,0.06937034767378303,0.3538917064666748,0.10532972330473377,0.030292526775754877,80,"{'min_samples_split': np.float64(0.030292526775754877), 'n_estimators': 80}",0.9259259259259259,0.9506172839506173,0.8875,0.8875,0.975,0.9253086419753085,0.03455177644197834,13,0.9937694704049844,0.9968847352024922,0.9968944099378882,0.9968944099378882,0.9937888198757764,0.9956463690718058,0.0015245983275368154,13944.0,14016.0,13744.0,13488.0,13632.0,13764.8,194.88499172588945,11,13944.0,14016.0,13744.0,13488.0,13632.0,13764.8,194.88499172588945,489.9382716049381,475.2839506172841,459.0500000000001,484.3999999999999,476.1,476.95444444444445,10.470012617603206,8,483.86604361370684,482.52959501557626,473.4813664596274,471.3322981366461,469.4347826086957,476.1288171668504,5.927230700398485,min_samples_split,param_min_samples_split,combined
22,0.15864601135253906,0.009843476687150847,0.06265244483947754,0.008111729536662683,0.13343357632367456,42,"{'min_samples_split': np.float64(0.13343357632367456), 'n_estimators': 42}",0.8765432098765432,0.8641975308641975,0.8625,0.8625,0.9125,0.8756481481481482,0.019161024795366677,57,0.9221183800623053,0.9252336448598131,0.9316770186335404,0.9130434782608695,0.8975155279503105,0.9179176099533679,0.011836336200900731,2392.0,2440.0,2408.0,2336.0,2336.0,2382.4,40.91747792814215,56,2392.0,2440.0,2408.0,2336.0,2336.0,2382.4,40.91747792814215,194.37037037037035,189.2098765432099,185.00000000000006,192.31250000000003,185.275,189.23354938271606,3.727210237094386,55,192.52647975077878,190.70404984423675,188.86024844720495,189.30434782608697,184.14596273291926,189.10821772024534,2.791240792743675,min_samples_split,param_min_samples_split,combined
23,0.08543252944946289,0.0030682409472144625,0.031093454360961913,0.0046589269494460035,0.5986316248348169,27,"{'min_samples_split': np.float64(0.5986316248348169), 'n_estimators': 27}",0.5061728395061729,0.49382716049382713,0.5,0.5,0.5,0.5,0.0039040464940350537,94,0.4984423676012461,0.5015576323987538,0.5,0.5,0.5,0.5,0.0009851332274667674,216.0,216.0,216.0,216.0,216.0,216.0,0.0,96,216.0,216.0,216.0,216.0,216.0,216.0,0.0,53.0,53.0,53.0,53.0,53.0,53.0,0.0,91,53.0,53.0,53.0,53.0,53.0,53.0,0.0,min_samples_split,param_min_samples_split,combined
24,0.04438014030456543,0.00808638745641003,0.01192612648010254,0.0008048115613791027,0.3569802621237461,10,"{'min_samples_split': np.float64(0.3569802621237461), 'n_estimators': 10}",0.7777777777777778,0.7283950617283951,0.6375,0.725,0.65,0.7037345679012346,0.05256838833284524,80,0.7476635514018691,0.6915887850467289,0.6708074534161491,0.7857142857142857,0.7049689440993789,0.7201486039356823,0.04131964526340234,192.0,152.0,152.0,168.0,144.0,161.6,17.083325203250098,98,192.0,152.0,152.0,168.0,144.0,161.6,17.083325203250098,30.48148148148148,26.185185185185187,26.2125,28.1875,25.787499999999998,27.37083333333333,1.7662116765996447,98,30.470404984423677,26.314641744548286,26.403726708074537,28.009316770186334,25.60248447204969,27.360114935856508,1.7431193126805224,min_samples_split,param_min_samples_split,combined
25,0.302519416809082,0.049145251286823045,0.11835851669311523,0.032383524007947244,0.15013877371745804,57,"{'min_samples_split': np.float64(0.15013877371745804), 'n_estimators': 57}",0.8888888888888888,0.8641975308641975,0.85,0.825,0.9,0.8656172839506173,0.026905084172628598,60,0.9190031152647975,0.9283489096573209,0.9254658385093167,0.9099378881987578,0.8913043478260869,0.9148120198912559,0.013346792287247125,2968.0,2992.0,2840.0,2824.0,2888.0,2902.4,67.2,51,2968.0,2992.0,2840.0,2824.0,2888.0,2902.4,67.2,253.358024691358,247.9753086419753,240.03750000000008,250.70000000000007,243.10000000000002,247.03416666666672,4.873320723438451,40,251.7196261682243,249.62616822429914,243.9844720496895,246.01863354037272,241.78571428571425,246.62692285365998,3.625492032314779,min_samples_split,param_min_samples_split,combined
26,0.3316492080688477,0.0775266511498576,0.2735757827758789,0.059781014439827314,0.0112549795830755,58,"{'min_samples_split': np.float64(0.0112549795830755), 'n_estimators': 58}",0.9506172839506173,0.9259259259259259,0.9,0.925,0.9625,0.9328086419753087,0.02183336038421065,2,1.0,1.0,0.9968944099378882,1.0,1.0,0.9993788819875776,0.0012422360248447006,13112.0,13384.0,13160.0,12216.0,13200.0,13014.4,409.6874906559877,12,13112.0,13384.0,13160.0,12216.0,13200.0,13014.4,409.6874906559877,368.679012345679,357.3333333333332,346.2125000000001,362.6875,363.47499999999997,359.6774691358024,7.632950584351469,20,363.49844236760134,362.0996884735203,357.1583850931678,351.7546583850932,356.5807453416148,358.21838393219946,4.207820045205623,min_samples_split,param_min_samples_split,combined
27,0.2685710430145264,0.06341929224155736,0.15543618202209472,0.04193896761165235,0.041509776473593246,44,"{'min_samples_split': np.float64(0.041509776473593246), 'n_estimators': 44}",0.9259259259259259,0.9506172839506173,0.8875,0.9,0.975,0.9278086419753085,0.032090217285333324,8,0.9781931464174455,0.9781931464174455,0.9813664596273292,0.9875776397515528,0.9782608695652174,0.9807182523557982,0.00364039608534987,6648.0,6848.0,6552.0,6448.0,6536.0,6606.4,136.46039718541053,31,6648.0,6848.0,6552.0,6448.0,6536.0,6606.4,136.46039718541053,262.5185185185185,255.18518518518522,247.42500000000004,256.9125000000001,254.05,255.21824074074075,4.8634360366210565,38,259.34267912772583,259.05295950155767,253.5372670807453,249.79503105590067,250.18944099378882,254.38347555194363,4.141439315183688,min_samples_split,param_min_samples_split,combined
28,0.03097524642944336,0.003605823072871486,0.012128686904907227,0.002339955306255285,0.5468761210961881,8,"{'min_samples_split': np.float64(0.5468761210961881), 'n_estimators': 8}",0.7037037037037037,0.49382716049382713,0.5,0.5125,0.5,0.5420061728395063,0.08107645782477545,90,0.6947040498442367,0.5015576323987538,0.5,0.577639751552795,0.5,0.5547802867591571,0.0760731558153584,88.0,64.0,64.0,64.0,64.0,68.8,9.6,99,88.0,64.0,64.0,64.0,64.0,68.8,9.6,18.728395061728396,16.0,16.0,16.0,16.0,16.54567901234568,1.0913580246913583,99,18.71651090342679,16.0,16.0,16.0,16.0,16.54330218068536,1.0866043613707161,min_samples_split,param_min_samples_split,combined
29,0.030468845367431642,0.00432505738165701,0.019145488739013672,0.00408052812916333,0.015274719818085187,6,"{'min_samples_split': np.float64(0.015274719818085187), 'n_estimators': 6}",0.8518518518518519,0.9506172839506173,0.9,0.8875,0.9125,0.9004938271604936,0.03222307954963719,38,0.9844236760124611,0.9750778816199377,0.984472049689441,0.9875776397515528,0.9782608695652174,0.9819624233277221,0.004582249655419545,1280.0,1304.0,1184.0,1144.0,1144.0,1211.2,67.99529395480249,69,1280.0,1304.0,1184.0,1144.0,1144.0,1211.2,67.99529395480249,39.22222222222222,36.53086419753086,33.6625,36.95,34.162499999999994,36.105617283950615,2.017501935179111,96,38.647975077881625,37.35514018691589,35.24223602484472,35.31987577639752,33.62111801242236,36.03726901569242,1.7627868137706604,min_samples_split,param_min_samples_split,combined
30,0.08077511787414551,0.015984641648685797,0.03709421157836914,0.018285995266704876,0.13977342227975184,14,"{'min_samples_split': np.float64(0.13977342227975184), 'n_estimators': 14}",0.8641975308641975,0.8641975308641975,0.825,0.7625,0.8625,0.835679012345679,0.03953526610079567,65,0.8909657320872274,0.9283489096573209,0.9099378881987578,0.8975155279503105,0.84472049689441,0.8942977109576052,0.02786917961003249,784.0,800.0,728.0,784.0,696.0,758.4,39.64643741876437,80,784.0,800.0,728.0,784.0,696.0,758.4,39.64643741876437,66.01234567901234,63.01234567901235,58.9375,64.8125,59.300000000000004,62.41493827160493,2.8580397224493392,87,65.11838006230528,63.457943925233636,60.50621118012422,63.63354037267081,58.546583850931675,62.252531878253116,2.3814690945135415,min_samples_split,param_min_samples_split,combined
31,0.30814342498779296,0.040904460952206546,0.07982416152954101,0.0131030675840283,0.5605418866392299,80,"{'min_samples_split': np.float64(0.5605418866392299), 'n_estimators': 80}",0.5061728395061729,0.49382716049382713,0.5,0.5,0.5,0.5,0.0039040464940350537,94,0.4984423676012461,0.5015576323987538,0.5,0.5,0.5,0.5,0.0009851332274667674,656.0,680.0,648.0,656.0,648.0,657.6,11.757550765359253,81,656.0,680.0,648.0,656.0,648.0,657.6,11.757550765359253,161.81481481481484,164.45679012345678,160.8875,161.8,160.9125,161.97432098765432,1.3059193470618045,64,161.87850467289718,164.6230529595016,160.87888198757764,161.78571428571428,160.90683229813664,162.01459724076545,1.3705431138924518,min_samples_split,param_min_samples_split,combined
32,0.4231605052947998,0.08339315438150258,0.1550980567932129,0.03868611944189732,0.1785068093319067,74,"{'min_samples_split': np.float64(0.1785068093319067), 'n_estimators': 74}",0.8641975308641975,0.8765432098765432,0.7875,0.8125,0.875,0.843148148148148,0.03635621681141049,64,0.9003115264797508,0.9252336448598131,0.906832298136646,0.906832298136646,0.8695652173913043,0.9017549970008322,0.018116679593063997,3168.0,3320.0,3072.0,3176.0,3152.0,3177.6,80.22368727501872,48,3168.0,3320.0,3072.0,3176.0,3152.0,3177.6,80.22368727501872,306.8024691358023,304.54320987654336,290.97500000000014,308.1875000000001,294.02499999999986,300.90663580246917,7.0283825477028605,32,304.7352024922117,306.6355140186917,296.67701863354034,303.1770186335405,293.723602484472,300.98967125249123,4.941331021639657,min_samples_split,param_min_samples_split,combined
33,0.3845068454742432,0.10629500625413249,0.20852441787719728,0.028674251684531152,0.054508289313875795,63,"{'min_samples_split': np.float64(0.054508289313875795), 'n_estimators': 63}",0.9135802469135802,0.9012345679012346,0.8875,0.85,0.925,0.8954629629629631,0.025939443859725825,41,0.9750778816199377,0.9595015576323987,0.9751552795031055,0.968944099378882,0.9720496894409938,0.9701457015150636,0.005792910993892894,8280.0,8008.0,8152.0,7616.0,8200.0,8051.2,234.9113875485818,24,8280.0,8008.0,8152.0,7616.0,8200.0,8051.2,234.9113875485818,360.0864197530863,347.39506172839504,339.7625,352.27499999999986,352.05,350.31379629629623,6.666539694721326,23,356.7725856697819,352.0747663551401,349.7298136645962,342.83540372670797,347.62732919254654,349.8079797217545,4.626493711706961,min_samples_split,param_min_samples_split,combined
34,0.2861217498779297,0.07228574375258286,0.0919262409210205,0.01697257788504213,0.11349972149025846,47,"{'min_samples_split': np.float64(0.11349972149025846), 'n_estimators': 47}",0.8765432098765432,0.8641975308641975,0.8625,0.85,0.9375,0.8781481481481481,0.030844839608399923,54,0.9345794392523364,0.9283489096573209,0.9316770186335404,0.922360248447205,0.9192546583850931,0.9272440548750991,0.005698451671023089,2992.0,3008.0,2856.0,2912.0,2896.0,2932.8,58.042742871094575,50,2992.0,3008.0,2856.0,2912.0,2896.0,2932.8,58.042742871094575,224.6543209876543,218.80246913580248,210.20000000000002,221.0875,214.93750000000006,217.9363580246914,4.993100349793615,51,223.44236760124608,220.18380062305295,214.40993788819875,217.08074534161491,213.2453416149069,217.67243861380393,3.7467911447582876,min_samples_split,param_min_samples_split,combined
35,0.29516048431396485,0.035489089700601065,0.19252285957336426,0.035799605203984036,0.03768246774317342,61,"{'min_samples_split': np.float64(0.03768246774317342), 'n_estimators': 61}",0.8888888888888888,0.9506172839506173,0.8875,0.9,0.975,0.9204012345679011,0.0357372756801305,21,0.9875389408099688,0.9844236760124611,0.9906832298136646,0.9906832298136646,0.9875776397515528,0.9881813432402625,0.0023416265557069603,9664.0,9896.0,9512.0,9152.0,9648.0,9574.4,244.61692500724476,20,9664.0,9896.0,9512.0,9152.0,9648.0,9574.4,244.61692500724476,368.76543209876536,355.97530864197523,345.3625000000001,358.1750000000001,359.0125,357.4581481481482,7.473795203530911,21,364.1339563862929,360.2741433021807,355.9037267080745,347.94099378881987,352.9534161490682,356.2412472668872,5.6280914893438725,min_samples_split,param_min_samples_split,combined
36,0.08511672019958497,0.01535727443387182,0.03277444839477539,0.01134373184991254,0.14492288871986106,17,"{'min_samples_split': np.float64(0.14492288871986106), 'n_estimators': 17}",0.8641975308641975,0.8888888888888888,0.825,0.7875,0.8625,0.8456172839506173,0.03551161658332271,63,0.9034267912772586,0.9283489096573209,0.9161490683229814,0.8913043478260869,0.8478260869565217,0.8974110408080339,0.02771430679424235,952.0,928.0,896.0,912.0,848.0,907.2,34.90787876683429,77,952.0,928.0,896.0,912.0,848.0,907.2,34.90787876683429,79.5185185185185,75.11111111111111,71.9875,77.48749999999998,72.48750000000001,75.31842592592592,2.880897383792001,83,78.73520249221183,75.59190031152649,73.59937888198758,76.06211180124225,71.35714285714286,75.0691472688222,2.4754153619345765,min_samples_split,param_min_samples_split,combined
37,0.17308263778686522,0.01612337266037169,0.10412359237670898,0.011030122013411709,0.021913719926161323,37,"{'min_samples_split': np.float64(0.021913719926161323), 'n_estimators': 37}",0.9259259259259259,0.9259259259259259,0.8875,0.8875,0.975,0.9203703703703703,0.03227087642163715,23,0.9937694704049844,0.9968847352024922,0.9906832298136646,0.9968944099378882,0.9968944099378882,0.9950252510593834,0.002484967792744847,6864.0,6904.0,6728.0,6456.0,6696.0,6729.6,157.77655085594944,30,6864.0,6904.0,6728.0,6456.0,6696.0,6729.6,157.77655085594944,228.76543209876544,219.55555555555554,212.17500000000007,227.58750000000006,224.52499999999995,222.52169753086423,6.074733653526403,49,225.81308411214948,223.35514018691586,219.87267080745343,220.32919254658384,220.4192546583852,221.95786846229757,2.288362860870803,min_samples_split,param_min_samples_split,combined
38,0.04325881004333496,0.008509628519431003,0.01935124397277832,0.0031278516215463357,0.024631003505415743,6,"{'min_samples_split': np.float64(0.024631003505415743), 'n_estimators': 6}",0.8641975308641975,0.8765432098765432,0.8875,0.8625,0.925,0.883148148148148,0.022801812405737306,49,0.9719626168224299,0.9688473520249221,0.968944099378882,0.9751552795031055,0.9751552795031055,0.972012925446489,0.002799637744869085,1160.0,1128.0,1048.0,968.0,1032.0,1067.2,68.93010953132165,73,1160.0,1128.0,1048.0,968.0,1032.0,1067.2,68.93010953132165,39.46913580246913,35.76543209876543,33.6,36.625,33.9375,35.87941358024691,2.1176284444216553,97,38.8380062305296,36.14641744548287,34.70807453416149,35.01242236024844,33.64596273291926,35.67017666066833,1.773001563205818,min_samples_split,param_min_samples_split,combined
39,0.17163076400756835,0.02416618719065125,0.09622936248779297,0.02555031487711725,0.025811035873442557,28,"{'min_samples_split': np.float64(0.025811035873442557), 'n_estimators': 28}",0.9259259259259259,0.9259259259259259,0.8875,0.875,0.9625,0.9153703703703704,0.03114663976618153,31,0.9906542056074766,0.9968847352024922,0.9937888198757764,0.9906832298136646,0.9906832298136646,0.9925388440626148,0.0024854649432874045,5016.0,4984.0,4936.0,4712.0,4864.0,4902.4,108.09181282594903,39,5016.0,4984.0,4936.0,4712.0,4864.0,4902.4,108.09181282594903,173.50617283950618,164.1111111111111,160.175,171.64999999999998,169.56249999999997,167.80095679012345,4.944448126568807,61,171.5327102803738,167.50778816199377,165.39130434782612,166.1583850931677,166.89440993788818,167.49691956424994,2.138973242027024,min_samples_split,param_min_samples_split,combined
40,0.22284631729125975,0.06031702786330049,0.055946636199951175,0.016739816534958377,0.2866574680620422,42,"{'min_samples_split': np.float64(0.2866574680620422), 'n_estimators': 42}",0.7407407407407407,0.8148148148148148,0.725,0.7125,0.7375,0.7461111111111111,0.03577310950297246,76,0.7912772585669782,0.7819314641744548,0.7515527950310559,0.8012422360248447,0.7701863354037267,0.7792380178402121,0.017232458357837314,1040.0,1000.0,968.0,992.0,920.0,984.0,39.5170849127311,74,1040.0,1000.0,968.0,992.0,920.0,984.0,39.5170849127311,142.74074074074076,134.27160493827165,130.64999999999998,137.68750000000003,129.4125,134.9524691358025,4.85393949624545,70,140.55140186915887,135.3239875389408,133.49689440993788,135.44099378881992,128.69565217391303,134.70178595615408,3.812531337772742,min_samples_split,param_min_samples_split,combined
41,0.14316706657409667,0.040561594083748174,0.058086061477661134,0.014988316674472965,0.0764031444919172,24,"{'min_samples_split': np.float64(0.0764031444919172), 'n_estimators': 24}",0.8765432098765432,0.8765432098765432,0.8625,0.8625,0.975,0.8906172839506172,0.042656219249893844,44,0.9532710280373832,0.9376947040498442,0.9472049689440993,0.9440993788819876,0.937888198757764,0.9440316557342155,0.005887945719533701,2096.0,2048.0,2088.0,2064.0,1976.0,2054.4,42.75324549083964,61,2096.0,2048.0,2088.0,2064.0,1976.0,2054.4,42.75324549083964,125.19753086419756,120.37037037037037,116.2375,123.66249999999998,120.1,121.11358024691359,3.115493828077785,76,124.46728971962618,121.47040498442367,119.59316770186336,121.41304347826087,119.01242236024845,121.19126564888452,1.9058180926329014,min_samples_split,param_min_samples_split,combined
42,0.3615269660949707,0.03433374909079193,0.25927319526672366,0.04954736908361172,0.027280461711419013,69,"{'min_samples_split': np.float64(0.027280461711419013), 'n_estimators': 69}",0.9259259259259259,0.9506172839506173,0.875,0.8875,0.975,0.9228086419753085,0.03752157333019222,18,0.9937694704049844,0.9968847352024922,0.9968944099378882,0.9968944099378882,0.9968944099378882,0.9962674870842282,0.0012490139600984727,12528.0,12432.0,12352.0,11824.0,12392.0,12305.6,247.78829673735603,14,12528.0,12432.0,12352.0,11824.0,12392.0,12305.6,247.78829673735603,424.58024691358014,407.83950617283955,397.25000000000006,417.4250000000001,417.8749999999999,412.99395061728393,9.509378340822133,16,418.3831775700933,413.3520249221183,410.68012422360243,406.0683229813664,410.64285714285734,411.8253013680076,4.029616117559381,min_samples_split,param_min_samples_split,combined
43,0.2368603229522705,0.04792782426130788,0.11969594955444336,0.017780122625084743,0.04807078345306424,44,"{'min_samples_split': np.float64(0.04807078345306424), 'n_estimators': 44}",0.9012345679012346,0.9506172839506173,0.875,0.875,0.9625,0.9128703703703704,0.037125870831773475,33,0.9781931464174455,0.9657320872274143,0.9813664596273292,0.9782608695652174,0.9782608695652174,0.9763626864805248,0.005451681718728841,6136.0,6168.0,5976.0,6080.0,6152.0,6102.4,69.81575753366857,34,6136.0,6168.0,5976.0,6080.0,6152.0,6102.4,69.81575753366857,257.0123456790123,246.44444444444434,240.28750000000002,255.13750000000002,251.2999999999999,250.03635802469134,6.07000692257937,39,254.3239875389408,250.50467289719634,247.38819875776394,248.48757763975155,247.58695652173913,249.65827867107836,2.5806743920759394,min_samples_split,param_min_samples_split,combined
44,0.07485218048095703,0.01851343820266091,0.023903417587280273,0.010678027123045284,0.2197913231653746,15,"{'min_samples_split': np.float64(0.2197913231653746), 'n_estimators': 15}",0.8395061728395061,0.8271604938271605,0.775,0.7375,0.775,0.7908333333333333,0.0375087755824454,74,0.8317757009345794,0.8566978193146417,0.8633540372670807,0.8291925465838509,0.7732919254658385,0.8308624059131983,0.03175266115013293,480.0,520.0,480.0,528.0,488.0,499.2,20.6145579627602,87,480.0,520.0,480.0,528.0,488.0,499.2,20.6145579627602,56.99999999999999,55.49382716049383,52.199999999999996,58.212500000000006,54.12500000000001,55.40626543209877,2.113972020053692,89,56.63239875389409,56.13395638629283,53.76397515527951,57.198757763975166,53.61490683229813,55.46879897834795,1.49214587570054,min_samples_split,param_min_samples_split,combined
45,0.32803754806518554,0.04378171114834636,0.10865979194641114,0.016894678122296204,0.20161656833892072,71,"{'min_samples_split': np.float64(0.20161656833892072), 'n_estimators': 71}",0.8518518518518519,0.8765432098765432,0.7875,0.7625,0.8625,0.828179012345679,0.04482397535868789,69,0.8753894080996885,0.897196261682243,0.8913043478260869,0.8695652173913043,0.8571428571428571,0.878119618428436,0.01454930752096292,2680.0,2768.0,2568.0,2680.0,2528.0,2644.8,86.25172462043874,55,2680.0,2768.0,2568.0,2680.0,2528.0,2644.8,86.25172462043874,281.1728395061728,276.7901234567901,263.7875000000001,282.8000000000001,263.775,273.66509259259266,8.306134863795112,36,278.14953271028037,277.94704049844233,269.8043478260871,278.26086956521755,263.06211180124217,273.44478048025394,6.109865983788486,min_samples_split,param_min_samples_split,combined
46,0.31863741874694823,0.056411558935591,0.12053403854370118,0.022185843426249692,0.154382934759836,74,"{'min_samples_split': np.float64(0.154382934759836), 'n_estimators': 74}",0.9012345679012346,0.8765432098765432,0.8375,0.8125,0.9,0.8655555555555555,0.03516289634079241,61,0.9252336448598131,0.9314641744548287,0.9254658385093167,0.9099378881987578,0.8850931677018633,0.9154389427449159,0.01675953784344595,3728.0,3816.0,3632.0,3560.0,3648.0,3676.8,87.72320103598591,47,3728.0,3816.0,3632.0,3560.0,3648.0,3676.8,87.72320103598591,324.61728395061715,320.0987654320988,310.07500000000016,321.0625,311.275,317.42570987654324,5.726331700880868,27,322.65109034267914,322.2866043613708,315.3850931677018,315.7950310559007,310.3602484472049,317.29561347497145,4.638798249934011,min_samples_split,param_min_samples_split,combined
47,0.027670526504516603,0.0061858702205073515,0.011909246444702148,0.003926479084464437,0.4206202680237228,5,"{'min_samples_split': np.float64(0.4206202680237228), 'n_estimators': 5}",0.7654320987654321,0.5555555555555556,0.5,0.5875,0.5,0.5816975308641975,0.0978002413714567,88,0.7445482866043613,0.5482866043613707,0.5,0.6366459627329193,0.5,0.5858961707397302,0.09371960204177385,80.0,48.0,48.0,64.0,48.0,57.6,12.8,100,80.0,48.0,48.0,64.0,48.0,57.6,12.8,14.234567901234566,10.691358024691358,10.7625,12.4125,10.725,11.765185185185185,1.3969491786378616,100,14.17133956386293,10.738317757009346,10.782608695652174,12.32919254658385,10.729813664596273,11.750254445540914,1.3563536427708236,min_samples_split,param_min_samples_split,combined
48,0.2814033985137939,0.043276720767787366,0.1919239044189453,0.030347174414606454,0.015499563661621,52,"{'min_samples_split': np.float64(0.015499563661621), 'n_estimators': 52}",0.9506172839506173,0.9382716049382716,0.875,0.9125,0.9625,0.9277777777777778,0.03116504608605779,11,1.0,1.0,0.9968944099378882,1.0,1.0,0.9993788819875776,0.0012422360248447006,10960.0,11352.0,10968.0,10368.0,10952.0,10920.0,315.0415845567058,18,10960.0,11352.0,10968.0,10368.0,10952.0,10920.0,315.0415845567058,327.320987654321,318.5061728395062,308.36250000000007,324.26249999999993,319.99999999999994,319.6904320987654,6.464511286907522,26,323.34890965732086,322.7196261682244,318.42236024844715,314.30434782608694,314.6024844720497,318.67954567442587,3.8459365310544302,min_samples_split,param_min_samples_split,combined
49,0.12440543174743653,0.021235972781881347,0.036588096618652345,0.009061176683511467,0.46612276486974374,33,"{'min_samples_split': np.float64(0.46612276486974374), 'n_estimators': 33}",0.691358024691358,0.5185185185185185,0.5875,0.5875,0.5,0.5769753086419753,0.06730132010482752,89,0.6884735202492211,0.514018691588785,0.5838509316770186,0.6801242236024845,0.5,0.5932934734235019,0.0795941521763863,416.0,360.0,376.0,384.0,344.0,376.0,24.26520142096496,90,416.0,360.0,376.0,384.0,344.0,376.0,24.26520142096496,81.9506172839506,75.79012345679013,77.0375,78.7,74.3,77.55564814814815,2.630973001353593,81,81.74143302180687,75.94392523364486,77.28571428571428,78.29192546583852,74.3447204968944,77.52154370077979,2.4914917280718933,min_samples_split,param_min_samples_split,combined
50,0.1438364028930664,0.02818190799798637,0.0642932415008545,0.014215352177600796,0.06899558158179071,32,"{'min_samples_split': np.float64(0.06899558158179071), 'n_estimators': 32}",0.8765432098765432,0.9135802469135802,0.8625,0.875,0.925,0.8905246913580246,0.024256903099226186,46,0.9532710280373832,0.9532710280373832,0.9658385093167702,0.9565217391304348,0.937888198757764,0.9533581006559471,0.00900113589231519,3000.0,3080.0,3040.0,2992.0,2960.0,3014.4,41.53841595439094,49,3000.0,3080.0,3040.0,2992.0,2960.0,3014.4,41.53841595439094,171.13580246913583,167.74074074074073,160.12499999999997,170.43750000000003,165.36250000000004,166.96030864197533,3.985200606975623,62,169.8317757009346,169.3364485981309,164.06521739130434,167.05279503105592,163.77639751552792,166.81252684739076,2.542029268551658,min_samples_split,param_min_samples_split,combined
51,0.24085936546325684,0.04184297221449762,0.060261201858520505,0.006663180898181394,0.5975379169818078,63,"{'min_samples_split': np.float64(0.5975379169818078), 'n_estimators': 63}",0.5061728395061729,0.49382716049382713,0.5,0.5,0.5,0.5,0.0039040464940350537,94,0.4984423676012461,0.5015576323987538,0.5,0.5,0.5,0.5,0.0009851332274667674,504.0,504.0,504.0,504.0,504.0,504.0,0.0,86,504.0,504.0,504.0,504.0,504.0,504.0,0.0,124.0,124.0,124.0,124.0,124.0,124.0,0.0,74,124.0,124.0,124.0,124.0,124.0,124.0,0.0,min_samples_split,param_min_samples_split,combined
52,0.36912951469421384,0.05134100842577684,0.15307412147521973,0.013614508868421743,0.12223162559340774,93,"{'min_samples_split': np.float64(0.12223162559340774), 'n_estimators': 93}",0.9012345679012346,0.8888888888888888,0.875,0.825,0.9375,0.8855246913580247,0.03669756980134787,48,0.9314641744548287,0.9283489096573209,0.9254658385093167,0.9254658385093167,0.9192546583850931,0.9259998839031752,0.004035960095980069,5576.0,5776.0,5464.0,5368.0,5488.0,5534.4,137.76734010642724,36,5576.0,5776.0,5464.0,5368.0,5488.0,5534.4,137.76734010642724,431.03703703703724,428.40740740740756,413.4625000000001,429.68749999999994,418.7875,424.27638888888896,6.915488341050047,13,430.32087227414337,430.53271028037386,421.38198757763973,421.7639751552794,416.53105590062097,424.1061202376115,5.481101066367457,min_samples_split,param_min_samples_split,combined
53,0.35357027053833007,0.0696472103970212,0.09011449813842773,0.018385587074615687,0.38279603680408486,92,"{'min_samples_split': np.float64(0.38279603680408486), 'n_estimators': 92}",0.7407407407407407,0.7037037037037037,0.725,0.65,0.6,0.6838888888888889,0.05196284416976468,83,0.7289719626168224,0.6884735202492211,0.7111801242236024,0.7484472049689441,0.6894409937888198,0.713302761169482,0.02311292512331612,1528.0,1360.0,1416.0,1480.0,1312.0,1419.2,78.15471834764679,67,1528.0,1360.0,1416.0,1480.0,1312.0,1419.2,78.15471834764679,256.8395061728395,239.5802469135803,242.99999999999997,252.40000000000003,235.97499999999997,245.55895061728393,7.8510652267275285,41,255.33333333333337,239.94080996884742,245.33850931677014,250.49068322981356,235.24223602484471,245.26911437472185,7.176171925173154,min_samples_split,param_min_samples_split,combined
54,0.14386382102966308,0.024677626793088048,0.09601750373840331,0.025154490534954842,0.01841382100824246,25,"{'min_samples_split': np.float64(0.01841382100824246), 'n_estimators': 25}",0.9506172839506173,0.9135802469135802,0.875,0.9125,0.9375,0.9178395061728395,0.02585649875105804,26,0.9968847352024922,0.9968847352024922,0.9968944099378882,0.9937888198757764,0.9906832298136646,0.9950271860064628,0.0024815724579390266,5040.0,4976.0,4992.0,4712.0,4880.0,4920.0,116.26177359734368,38,5040.0,4976.0,4992.0,4712.0,4880.0,4920.0,116.26177359734368,156.80246913580248,149.7901234567901,146.39999999999998,155.43749999999997,152.075,152.10101851851852,3.7703652788860254,66,155.33644859813083,152.7538940809969,150.97515527950313,150.64906832298135,149.2701863354037,151.79695052340315,2.0890814165139426,min_samples_split,param_min_samples_split,combined
55,0.047719383239746095,0.005311392143598043,0.020470333099365235,0.007124724997397454,0.14956780366085284,11,"{'min_samples_split': np.float64(0.14956780366085284), 'n_estimators': 11}",0.8395061728395061,0.8518518518518519,0.85,0.7625,0.8125,0.8232716049382717,0.03347839378129242,71,0.8691588785046729,0.9158878504672897,0.9130434782608695,0.8881987577639752,0.8509316770186336,0.8874441284030882,0.025029786149420467,576.0,600.0,560.0,536.0,496.0,553.6,35.561777233428586,84,576.0,600.0,560.0,536.0,496.0,553.6,35.561777233428586,50.91358024691358,48.53086419753087,46.362500000000004,48.599999999999994,44.74999999999999,47.831388888888895,2.108673723811937,92,50.271028037383175,48.86915887850467,47.35093167701863,47.58695652173914,44.04347826086957,47.62431067510304,2.071388521427096,min_samples_split,param_min_samples_split,combined
56,0.2741082668304443,0.03200974961172597,0.12562193870544433,0.03023359611616558,0.08592082128601287,62,"{'min_samples_split': np.float64(0.08592082128601287), 'n_estimators': 62}",0.8888888888888888,0.8765432098765432,0.8625,0.8625,0.9375,0.8855864197530863,0.02776210120055132,47,0.9376947040498442,0.9376947040498442,0.9503105590062112,0.9409937888198758,0.9254658385093167,0.9384319188870185,0.007960797452862309,4872.0,4872.0,4744.0,4776.0,4888.0,4830.4,58.65696889543476,41,4872.0,4872.0,4744.0,4776.0,4888.0,4830.4,58.65696889543476,313.3580246913581,303.35802469135814,294.36250000000007,311.5375,306.1375,305.7507098765433,6.736824946691754,30,310.1682242990654,306.2087227414331,301.5031055900622,304.8167701863355,304.93167701863365,305.525699967106,2.794861803477377,min_samples_split,param_min_samples_split,combined
57,0.19494152069091797,0.010114400904313049,0.14716815948486328,0.011870793970458244,0.010422103820891765,48,"{'min_samples_split': np.float64(0.010422103820891765), 'n_estimators': 48}",0.9382716049382716,0.9382716049382716,0.8875,0.925,0.9625,0.9303086419753086,0.024592123117636953,5,1.0,1.0,1.0,1.0,1.0,1.0,0.0,10776.0,11032.0,10808.0,10152.0,10736.0,10700.8,293.0053924418457,19,10776.0,11032.0,10808.0,10152.0,10736.0,10700.8,293.0053924418457,304.71604938271605,294.76543209876536,284.8875,301.575,299.03749999999997,296.99629629629624,6.874959355438188,33,300.14330218068545,299.0872274143303,293.65838509316774,292.167701863354,293.74223602484466,295.75977051527644,3.214857464621449,min_samples_split,param_min_samples_split,combined
58,0.29547901153564454,0.04029230350799834,0.0829988956451416,0.01212255656365733,0.34145937364282514,83,"{'min_samples_split': np.float64(0.34145937364282514), 'n_estimators': 83}",0.7283950617283951,0.7530864197530864,0.7375,0.6875,0.675,0.7162962962962963,0.029946956866689637,78,0.7507788161993769,0.719626168224299,0.7515527950310559,0.7670807453416149,0.7391304347826086,0.745633791915791,0.015749081421382198,1624.0,1536.0,1568.0,1672.0,1424.0,1564.8,84.45211661053855,65,1624.0,1536.0,1568.0,1672.0,1424.0,1564.8,84.45211661053855,250.76543209876542,238.13580246913583,238.67500000000004,252.3874999999999,230.11249999999993,242.01524691358023,8.390853324826203,42,248.16822429906543,239.0,242.1366459627329,249.31987577639745,228.90062111801245,241.50507343124164,7.362271525231182,min_samples_split,param_min_samples_split,combined
59,0.1864903450012207,0.026606343759528747,0.1096837043762207,0.014769027124271085,0.019192723143417374,40,"{'min_samples_split': np.float64(0.019192723143417374), 'n_estimators': 40}",0.9135802469135802,0.9259259259259259,0.875,0.9125,0.975,0.9204012345679013,0.032192467696272556,20,0.9937694704049844,0.9968847352024922,0.9968944099378882,1.0,0.9968944099378882,0.9968886050966507,0.001970272155707859,7736.0,7784.0,7552.0,7464.0,7528.0,7612.8,124.51248933339981,26,7736.0,7784.0,7552.0,7464.0,7528.0,7612.8,124.51248933339981,249.17283950617283,238.41975308641972,230.41249999999997,249.3875,241.98749999999995,241.8760185185185,7.113879479647709,43,246.54828660436138,242.71962616822432,238.28260869565221,241.31677018633533,238.11490683229817,241.39643969737426,3.12291843225283,min_samples_split,param_min_samples_split,combined
60,0.15512485504150392,0.02492259696041145,0.042812442779541014,0.009897423109852295,0.42285753294545764,39,"{'min_samples_split': np.float64(0.42285753294545764), 'n_estimators': 39}",0.7283950617283951,0.5925925925925926,0.625,0.6125,0.55,0.6216975308641975,0.059105832762467135,86,0.7258566978193146,0.5919003115264797,0.6242236024844721,0.7142857142857143,0.5869565217391305,0.6486445695710221,0.059820033981708265,568.0,488.0,504.0,520.0,480.0,512.0,31.189741903388683,85,568.0,488.0,504.0,520.0,480.0,512.0,31.189741903388683,103.65432098765433,94.7530864197531,95.68750000000001,98.82499999999999,94.13749999999999,97.41148148148149,3.513665063600224,77,103.05607476635512,95.02180685358256,96.4472049689441,97.95962732919256,94.04037267080744,97.30501731777636,3.1657533942016256,min_samples_split,param_min_samples_split,combined
61,0.24649195671081542,0.0383541216198084,0.14100985527038573,0.01563879816966208,0.040843078675348705,52,"{'min_samples_split': np.float64(0.040843078675348705), 'n_estimators': 52}",0.9012345679012346,0.9506172839506173,0.8875,0.875,0.9625,0.9153703703703704,0.03484219328867913,31,0.9781931464174455,0.9781931464174455,0.9813664596273292,0.9906832298136646,0.984472049689441,0.9825816063930652,0.004673410349702426,7880.0,8160.0,7808.0,7592.0,7808.0,7849.6,182.80656443355636,25,7880.0,8160.0,7808.0,7592.0,7808.0,7849.6,182.80656443355636,309.8765432098765,302.3209876543211,293.25,302.7375,301.3375000000001,301.90450617283955,5.284745654355549,31,306.5140186915888,306.26791277258576,300.8540372670807,294.3167701863354,296.29192546583846,300.8489328766858,4.997880198902476,min_samples_split,param_min_samples_split,combined
62,0.2560394763946533,0.035255433653074764,0.12561554908752443,0.02476689937869241,0.07781044321994304,58,"{'min_samples_split': np.float64(0.07781044321994304), 'n_estimators': 58}",0.9012345679012346,0.9135802469135802,0.8625,0.8625,0.9375,0.8954629629629629,0.029331804372589584,42,0.940809968847352,0.940809968847352,0.9503105590062112,0.937888198757764,0.9347826086956522,0.9409202608308662,0.005197426336431991,5016.0,5096.0,4776.0,4688.0,4776.0,4870.4,156.9631803959132,40,5016.0,5096.0,4776.0,4688.0,4776.0,4870.4,156.9631803959132,299.4691358024693,292.3086419753086,279.65,295.75000000000006,289.38749999999993,291.31305555555554,6.736971758971339,35,296.49221183800637,294.92523364485976,286.9689440993789,289.1490683229813,287.58695652173924,291.0244828853931,3.9215578158000457,min_samples_split,param_min_samples_split,combined
63,0.29119529724121096,0.041444028297218355,0.13315463066101074,0.015461566226779903,0.0732589457624439,69,"{'min_samples_split': np.float64(0.0732589457624439), 'n_estimators': 69}",0.9012345679012346,0.9259259259259259,0.875,0.8625,0.9375,0.9004320987654321,0.02867139426782002,39,0.9532710280373832,0.9439252336448598,0.9503105590062112,0.9472049689440993,0.9440993788819876,0.9477622337029082,0.0036135964292381335,6232.0,6360.0,6304.0,6016.0,6160.0,6214.4,119.88260924754682,33,6232.0,6360.0,6304.0,6016.0,6160.0,6214.4,119.88260924754682,360.4074074074074,353.54320987654324,341.375,357.49999999999994,350.9625,352.75762345679016,6.5484816679257145,22,356.0218068535827,356.1682242990655,350.70496894409945,350.52795031055905,347.33850931677017,352.1522919448154,3.435304676628704,min_samples_split,param_min_samples_split,combined
64,0.2952290058135986,0.06048565043187641,0.16543679237365722,0.013705679679857308,0.055277006947866435,68,"{'min_samples_split': np.float64(0.055277006947866435), 'n_estimators': 68}",0.9012345679012346,0.9382716049382716,0.8875,0.85,0.9375,0.9029012345679013,0.03312598403780322,37,0.9750778816199377,0.9595015576323987,0.9782608695652174,0.9720496894409938,0.9751552795031055,0.9720090555523306,0.006555009570754111,8952.0,8632.0,8832.0,8296.0,8872.0,8716.8,235.34689290492025,22,8952.0,8632.0,8832.0,8296.0,8872.0,8716.8,235.34689290492025,388.5308641975308,374.753086419753,366.9,380.5749999999999,379.95,378.1417901234567,7.141206499589244,18,384.63239875389405,379.10591900311516,377.51552795031046,371.1273291925465,375.16149068322983,377.5085331166192,4.461603387141255,min_samples_split,param_min_samples_split,combined
65,0.06870498657226562,0.005234755943585001,0.02044386863708496,0.004020591450497783,0.34660086529985007,19,"{'min_samples_split': np.float64(0.34660086529985007), 'n_estimators': 19}",0.7407407407407407,0.7283950617283951,0.65,0.675,0.7,0.6988271604938271,0.03341918528069592,81,0.7414330218068536,0.7102803738317757,0.6894409937888198,0.7670807453416149,0.7049689440993789,0.7226408157736885,0.027911854474021648,400.0,336.0,312.0,344.0,296.0,337.6,35.56177723342859,92,400.0,336.0,312.0,344.0,296.0,337.6,35.56177723342859,60.30864197530864,53.64197530864197,51.387499999999996,55.225,50.912499999999994,54.29512345679011,3.386741604507477,90,59.79439252336448,53.86604361370716,51.9751552795031,54.68944099378882,50.69565217391304,54.204136916855326,3.126615077234201,min_samples_split,param_min_samples_split,combined
66,0.237526273727417,0.01607982462968197,0.13089232444763182,0.02252942690892646,0.05696457975416259,57,"{'min_samples_split': np.float64(0.05696457975416259), 'n_estimators': 57}",0.9012345679012346,0.9135802469135802,0.8875,0.8375,0.9375,0.8954629629629629,0.033321985951498545,42,0.9750778816199377,0.956386292834891,0.9751552795031055,0.9596273291925466,0.9720496894409938,0.967659294518295,0.008026130163440899,6928.0,6896.0,6920.0,6560.0,7064.0,6873.6,167.45817388231606,28,6928.0,6896.0,6920.0,6560.0,7064.0,6873.6,167.45817388231606,319.6419753086419,310.79012345679007,303.725,316.2625,316.875,313.45891975308643,5.650336448176754,28,317.40186915887836,314.9376947040498,311.98136645962734,307.6521739130434,313.09316770186336,313.01325438749245,3.248869736712277,min_samples_split,param_min_samples_split,combined
67,0.3125746726989746,0.03341764399385342,0.08411054611206055,0.010380611744526947,0.5977146977652156,98,"{'min_samples_split': np.float64(0.5977146977652156), 'n_estimators': 98}",0.5061728395061729,0.49382716049382713,0.5,0.5,0.5,0.5,0.0039040464940350537,94,0.4984423676012461,0.5015576323987538,0.5,0.5,0.5,0.5,0.0009851332274667674,784.0,784.0,784.0,784.0,784.0,784.0,0.0,79,784.0,784.0,784.0,784.0,784.0,784.0,0.0,193.0,193.0,193.0,193.0,193.0,193.0,0.0,54,193.0,193.0,193.0,193.0,193.0,193.0,0.0,min_samples_split,param_min_samples_split,combined
68,0.0610166072845459,0.00972662662819252,0.0208310604095459,0.004975101874043167,0.3186339464815265,15,"{'min_samples_split': np.float64(0.3186339464815265), 'n_estimators': 15}",0.7407407407407407,0.7407407407407407,0.7,0.7125,0.675,0.7137962962962963,0.02509652149096565,79,0.7476635514018691,0.7414330218068536,0.7267080745341615,0.7919254658385093,0.7018633540372671,0.7419186935237321,0.02956250902010987,336.0,312.0,272.0,312.0,264.0,299.2,27.05845524046042,94,336.0,312.0,272.0,312.0,264.0,299.2,27.05845524046042,49.19753086419753,45.098765432098766,42.1125,46.412499999999994,42.15,44.994259259259266,2.6864164861743713,94,48.753894080996886,45.51713395638629,42.57453416149069,45.857142857142854,41.75155279503106,44.890851570209556,2.5087673888330024,min_samples_split,param_min_samples_split,combined
69,0.28417458534240725,0.013414343136439957,0.20959200859069824,0.004569779941768219,0.014777410249480007,66,"{'min_samples_split': np.float64(0.014777410249480007), 'n_estimators': 66}",0.9259259259259259,0.9506172839506173,0.875,0.9125,0.975,0.9278086419753085,0.033982084182991264,8,1.0,1.0,0.9968944099378882,1.0,1.0,0.9993788819875776,0.0012422360248447006,13936.0,14168.0,13976.0,13096.0,13992.0,13833.6,377.2880067004516,10,13936.0,14168.0,13976.0,13096.0,13992.0,13833.6,377.2880067004516,416.1851851851851,403.2962962962963,391.2500000000001,408.01249999999993,407.0249999999999,405.15379629629626,8.125650603897782,17,410.08411214953264,408.32710280373846,404.01552795031057,396.04658385093165,400.2515527950311,403.74497590990893,5.152144774664607,min_samples_split,param_min_samples_split,combined
70,0.07098608016967774,0.0034993521127720086,0.03067784309387207,0.007007544365259686,0.08894243339545865,18,"{'min_samples_split': np.float64(0.08894243339545865), 'n_estimators': 18}",0.8518518518518519,0.8765432098765432,0.8625,0.875,0.925,0.8781790123456791,0.025075636230978384,53,0.9283489096573209,0.9314641744548287,0.9316770186335404,0.9316770186335404,0.922360248447205,0.9291054739652871,0.003601655419467042,1384.0,1408.0,1328.0,1336.0,1344.0,1360.0,30.776614498674153,68,1384.0,1408.0,1328.0,1336.0,1344.0,1360.0,30.776614498674153,91.14814814814817,89.0,83.55000000000001,89.825,87.78750000000002,88.26212962962964,2.597905244578399,78,90.6791277258567,89.54828660436135,85.65217391304348,87.9223602484472,86.81366459627328,88.12312261759641,1.8124473973955828,min_samples_split,param_min_samples_split,combined
71,0.26983914375305174,0.01826406117610911,0.10652952194213867,0.0043150814582687165,0.11674915483847789,74,"{'min_samples_split': np.float64(0.11674915483847789), 'n_estimators': 74}",0.8888888888888888,0.8641975308641975,0.8625,0.8375,0.9125,0.8731172839506172,0.02553672443906949,58,0.9345794392523364,0.9345794392523364,0.9347826086956522,0.922360248447205,0.922360248447205,0.929732396818947,0.0060197910915865994,4600.0,4664.0,4416.0,4496.0,4480.0,4531.2,88.88284423891935,43,4600.0,4664.0,4416.0,4496.0,4480.0,4531.2,88.88284423891935,348.962962962963,342.4691358024692,329.27500000000015,345.63750000000005,334.68750000000006,340.2064197530865,7.228388182909893,24,347.1183800623054,344.60747663551416,336.2453416149068,340.57453416149053,332.6397515527949,340.23709680540236,5.29565685215028,min_samples_split,param_min_samples_split,combined
72,0.10818777084350586,0.01130423328072889,0.055538272857666014,0.00598274120555753,0.027679210820971308,22,"{'min_samples_split': np.float64(0.027679210820971308), 'n_estimators': 22}",0.9259259259259259,0.9506172839506173,0.9,0.875,0.9625,0.9228086419753087,0.03213827103583813,17,0.9906542056074766,0.9937694704049844,0.9937888198757764,0.9937888198757764,0.9906832298136646,0.9925369091155357,0.0015254158704368743,3944.0,3896.0,3864.0,3680.0,3816.0,3840.0,90.22638195117878,45,3944.0,3896.0,3864.0,3680.0,3816.0,3840.0,90.22638195117878,135.03703703703704,127.44444444444446,125.325,133.4125,132.3875,130.72129629629632,3.7014105979953045,72,133.90965732087227,130.3208722741433,129.01242236024848,129.71428571428572,129.90993788819875,130.5734351115497,1.7210051527380394,min_samples_split,param_min_samples_split,combined
73,0.28407764434814453,0.011029742502153331,0.22292132377624513,0.01647615759278769,0.015930883709800288,70,"{'min_samples_split': np.float64(0.015930883709800288), 'n_estimators': 70}",0.9259259259259259,0.9259259259259259,0.875,0.9125,0.975,0.9228703703703705,0.032047739595308815,14,1.0,1.0,0.9968944099378882,1.0,0.9968944099378882,0.9987577639751553,0.0015214222004864217,14032.0,14216.0,14112.0,13336.0,14088.0,13956.8,316.0799898759806,9,14032.0,14216.0,14112.0,13336.0,14088.0,13956.8,316.0799898759806,438.8024691358024,424.88888888888897,412.75,432.8125,430.2874999999999,427.90827160493825,8.800972602881332,12,432.8193146417446,430.00311526479743,426.98136645962745,420.1428571428571,423.2670807453417,426.64274685087366,4.543135847944025,min_samples_split,param_min_samples_split,combined
74,0.1039663314819336,0.005279195051006998,0.026358318328857423,0.0012926829461685275,0.4352575738809747,33,"{'min_samples_split': np.float64(0.4352575738809747), 'n_estimators': 33}",0.7283950617283951,0.5925925925925926,0.6125,0.625,0.5375,0.6191975308641976,0.062265456883136436,87,0.7289719626168224,0.6043613707165109,0.6335403726708074,0.7142857142857143,0.593167701863354,0.6548654244306418,0.05627535178479141,480.0,408.0,408.0,432.0,400.0,425.6,29.241067011995305,89,480.0,408.0,408.0,432.0,400.0,425.6,29.241067011995305,87.9753086419753,80.00000000000001,79.65,83.15,79.4125,82.03756172839508,3.2630481209955997,79,87.46417445482865,80.21183800623054,80.16459627329192,82.50310559006212,79.3198757763975,81.93271802016214,2.9609788717049517,min_samples_split,param_min_samples_split,combined
75,0.2405242443084717,0.008634047968987542,0.16582851409912108,0.006583573001590481,0.022349091228569967,62,"{'min_samples_split': np.float64(0.022349091228569967), 'n_estimators': 62}",0.9012345679012346,0.9382716049382716,0.8875,0.9,0.975,0.9204012345679011,0.03214479131362109,21,0.9968847352024922,0.9968847352024922,0.9937888198757764,0.9968944099378882,0.9968944099378882,0.9962694220313075,0.001240308624338052,11552.0,11760.0,11464.0,10904.0,11608.0,11457.6,293.08401525842385,16,11552.0,11760.0,11464.0,10904.0,11608.0,11457.6,293.08401525842385,383.83950617283944,371.56790123456796,359.1,378.2750000000001,380.325,374.6214814814815,8.73030400353893,19,378.09968847352025,376.5420560747664,371.82298136645966,366.0559006211181,372.65217391304355,373.0345600897816,4.201758769824196,min_samples_split,param_min_samples_split,combined
76,0.14700417518615722,0.013504165156393152,0.08704428672790528,0.006995003910379479,0.02612703078054487,36,"{'min_samples_split': np.float64(0.02612703078054487), 'n_estimators': 36}",0.9135802469135802,0.9506172839506173,0.875,0.8875,0.9625,0.9178395061728395,0.03418418534444644,26,0.9906542056074766,0.9937694704049844,0.9937888198757764,0.9968944099378882,0.9968944099378882,0.9944002631528029,0.002334362691430803,6472.0,6464.0,6312.0,6016.0,6272.0,6307.2,166.01493908681832,32,6472.0,6464.0,6312.0,6016.0,6272.0,6307.2,166.01493908681832,222.41975308641975,210.9753086419753,205.52500000000003,219.37500000000003,216.39999999999998,214.93901234567903,6.035039832857706,53,219.5887850467289,215.38629283489092,212.50310559006212,212.3416149068323,213.04968944099383,214.57389756390162,2.7350889639517106,min_samples_split,param_min_samples_split,combined
77,0.16030545234680177,0.004681732117113727,0.08913621902465821,0.004645883902292741,0.04982430414815626,40,"{'min_samples_split': np.float64(0.04982430414815626), 'n_estimators': 40}",0.9012345679012346,0.9506172839506173,0.875,0.85,0.975,0.9103703703703705,0.04642393926488122,36,0.9781931464174455,0.9657320872274143,0.9782608695652174,0.9658385093167702,0.968944099378882,0.9713937423811458,0.005697456192528553,5584.0,5560.0,5280.0,5224.0,5368.0,5403.2,145.46807209831303,37,5584.0,5560.0,5280.0,5224.0,5368.0,5403.2,145.46807209831303,234.83950617283946,223.4567901234567,215.675,230.47500000000002,225.27499999999998,225.94425925925924,6.507628227010556,48,232.2710280373832,227.1401869158879,222.1832298136646,223.62732919254657,223.08385093167695,225.66112497823184,3.708176485860348,min_samples_split,param_min_samples_split,combined
78,0.2135767459869385,0.01181659073028484,0.08352494239807129,0.00937214141596816,0.10551282698713514,55,"{'min_samples_split': np.float64(0.10551282698713514), 'n_estimators': 55}",0.9012345679012346,0.8641975308641975,0.8625,0.8375,0.925,0.8780864197530864,0.03104775662727742,55,0.940809968847352,0.9252336448598131,0.9409937888198758,0.9285714285714286,0.9192546583850931,0.9309726978967123,0.008639553659482293,3728.0,3768.0,3648.0,3672.0,3608.0,3684.8,56.929429998903025,46,3728.0,3768.0,3648.0,3672.0,3608.0,3684.8,56.929429998903025,265.90123456790127,261.54320987654324,253.16250000000002,267.175,255.81250000000006,260.71888888888896,5.484327624706845,37,264.4361370716511,262.79439252336454,257.99689440993785,261.8633540372671,254.44720496894408,260.30759660223293,3.6147729188607047,min_samples_split,param_min_samples_split,combined
79,0.36678385734558105,0.007397283807968774,0.272232723236084,0.02518767860126807,0.04279984355054593,97,"{'min_samples_split': np.float64(0.04279984355054593), 'n_estimators': 97}",0.9012345679012346,0.9506172839506173,0.8875,0.875,0.975,0.9178703703703703,0.03840086693440428,25,0.9813084112149533,0.9844236760124611,0.984472049689441,0.9875776397515528,0.984472049689441,0.9844507652715698,0.0019825928937404393,14784.0,15064.0,14720.0,14320.0,14848.0,14747.2,242.94723707010954,4,14784.0,15064.0,14720.0,14320.0,14848.0,14747.2,242.94723707010954,576.8518518518517,567.5925925925926,545.5000000000003,565.6750000000003,567.2,564.5638888888891,10.312929643541862,1,571.0872274143303,573.1557632398753,560.9627329192546,552.251552795031,559.2763975155278,563.3467347768037,7.765132827543073,min_samples_split,param_min_samples_split,combined
80,0.13176908493041992,0.008724328276122732,0.046924400329589847,0.004379661123606099,0.11923550601237186,36,"{'min_samples_split': np.float64(0.11923550601237186), 'n_estimators': 36}",0.8765432098765432,0.8888888888888888,0.85,0.85,0.925,0.8780864197530864,0.027920074487113235,55,0.9221183800623053,0.9283489096573209,0.9409937888198758,0.9192546583850931,0.906832298136646,0.9235096070122483,0.011200787429024804,2208.0,2312.0,2112.0,2192.0,2112.0,2187.2,73.9470080530646,60,2208.0,2312.0,2112.0,2192.0,2112.0,2187.2,73.9470080530646,171.679012345679,169.320987654321,159.26250000000002,170.475,161.56250000000003,166.46,5.04644583291105,63,170.0778816199377,170.5919003115265,162.81366459627327,167.35403726708074,160.60559006211182,166.288614771386,3.95939347247996,min_samples_split,param_min_samples_split,combined
81,0.1269674777984619,0.011666768483458698,0.07522287368774414,0.004625074327449601,0.016742622952378654,30,"{'min_samples_split': np.float64(0.016742622952378654), 'n_estimators': 30}",0.9382716049382716,0.9259259259259259,0.875,0.9125,0.9375,0.9178395061728395,0.023380031981217807,26,0.9937694704049844,0.9937694704049844,0.9968944099378882,0.9937888198757764,0.9968944099378882,0.9950233161123044,0.001527758049025257,5992.0,6032.0,5976.0,5648.0,5856.0,5900.8,139.3562341626667,35,5992.0,6032.0,5976.0,5648.0,5856.0,5900.8,139.3562341626667,188.40740740740745,181.1111111111111,175.45,186.58749999999998,183.97499999999997,183.1062037037037,4.551369930490181,56,186.49532710280374,183.93769470404985,181.34161490683232,180.94720496894408,180.64906832298138,182.6741820011223,2.238610478775276,min_samples_split,param_min_samples_split,combined
82,0.3087562084197998,0.01679947885257609,0.1975125789642334,0.014970421367155165,0.046100527601586956,78,"{'min_samples_split': np.float64(0.046100527601586956), 'n_estimators': 78}",0.9135802469135802,0.9506172839506173,0.8875,0.8875,0.95,0.9178395061728395,0.028170170884527244,26,0.9813084112149533,0.9813084112149533,0.9875776397515528,0.9875776397515528,0.9813664596273292,0.9838277123120683,0.0030618763011193892,11504.0,11528.0,11448.0,11216.0,11552.0,11449.6,121.78932629750442,17,11504.0,11528.0,11448.0,11216.0,11552.0,11449.6,121.78932629750442,460.864197530864,452.0123456790123,436.0124999999999,453.16250000000014,450.93749999999994,450.5978086419752,8.0848489906661,9,455.7227414330216,456.7320872274143,449.0590062111802,442.93788819875755,444.20186335403724,449.73071728488213,5.6936013736919175,min_samples_split,param_min_samples_split,combined
83,0.35242657661437987,0.01641065499390819,0.2535704135894775,0.01698968111151718,0.03897391348550065,91,"{'min_samples_split': np.float64(0.03897391348550065), 'n_estimators': 91}",0.9259259259259259,0.9506172839506173,0.9,0.8875,0.9625,0.9253086419753087,0.02861512284258884,12,0.9844236760124611,0.9875389408099688,0.9937888198757764,0.9937888198757764,0.984472049689441,0.9888024612526849,0.004224932023888609,14296.0,14720.0,14288.0,13880.0,14384.0,14313.6,267.98925351588264,7,14296.0,14720.0,14288.0,13880.0,14384.0,14313.6,267.98925351588264,545.2592592592594,536.3580246913581,515.9375000000002,535.6250000000003,534.15,533.4659567901236,9.5898093830085,3,540.0342679127726,542.3925233644859,531.5962732919253,523.0931677018634,527.2422360248445,532.8716936591784,7.360512597415534,min_samples_split,param_min_samples_split,combined
84,0.09552240371704102,0.005275596684206479,0.026356935501098633,0.0028010156788539587,0.511294516554346,29,"{'min_samples_split': np.float64(0.511294516554346), 'n_estimators': 29}",0.6049382716049383,0.49382716049382713,0.5,0.5375,0.5,0.5272530864197531,0.041815645870865406,91,0.6292834890965732,0.5015576323987538,0.5,0.5372670807453416,0.5,0.5336216404481336,0.04990673010092988,304.0,280.0,264.0,280.0,280.0,281.6,12.799999999999999,95,304.0,280.0,264.0,280.0,280.0,281.6,12.799999999999999,65.8395061728395,63.11111111111111,61.349999999999994,63.262499999999996,63.0375,63.32012345679012,1.4391357369386488,86,65.8380062305296,63.202492211838,61.41304347826087,63.11490683229814,63.05590062111801,63.324869874808925,1.4214316546375763,min_samples_split,param_min_samples_split,combined
85,0.09816145896911621,0.0074010292160546194,0.05908083915710449,0.0034764918432129946,0.020030604396645807,25,"{'min_samples_split': np.float64(0.020030604396645807), 'n_estimators': 25}",0.9382716049382716,0.9259259259259259,0.8625,0.8875,0.95,0.9128395061728396,0.03278751221381643,34,0.9937694704049844,0.9937694704049844,0.9968944099378882,0.9937888198757764,0.9937888198757764,0.994402198099882,0.0012461359644030182,4936.0,4728.0,4744.0,4616.0,4632.0,4731.2,114.21803710447837,42,4936.0,4728.0,4744.0,4616.0,4632.0,4731.2,114.21803710447837,156.62962962962965,147.46913580246914,145.2375,156.46250000000003,150.325,151.22475308641978,4.63482684679662,67,155.2990654205607,150.6822429906542,149.66770186335404,151.4347826086956,146.99068322981364,150.81489522261563,2.700010715520539,min_samples_split,param_min_samples_split,combined
86,0.225639009475708,0.016493140934072895,0.05495333671569824,0.0058955009382999374,0.5399229525208723,69,"{'min_samples_split': np.float64(0.5399229525208723), 'n_estimators': 69}",0.5061728395061729,0.49382716049382713,0.5,0.5,0.5,0.5,0.0039040464940350537,94,0.4984423676012461,0.5015576323987538,0.5,0.5,0.5,0.5,0.0009851332274667674,600.0,576.0,592.0,584.0,568.0,584.0,11.313708498984761,83,600.0,576.0,592.0,584.0,568.0,584.0,11.313708498984761,143.41975308641975,140.69135802469134,142.425,141.5625,139.8375,141.5872222222222,1.2589481861301777,69,143.46417445482865,140.7289719626168,142.40372670807454,141.52173913043478,139.81055900621118,141.5858342524332,1.2717730421071243,min_samples_split,param_min_samples_split,combined
87,0.18678083419799804,0.013646710062758746,0.04823079109191895,0.004267586974750391,0.5735106944965861,61,"{'min_samples_split': np.float64(0.5735106944965861), 'n_estimators': 61}",0.5061728395061729,0.49382716049382713,0.5,0.5,0.5,0.5,0.0039040464940350537,94,0.4984423676012461,0.5015576323987538,0.5,0.5,0.5,0.5,0.0009851332274667674,504.0,504.0,488.0,488.0,496.0,496.0,7.155417527999327,88,504.0,504.0,488.0,488.0,496.0,496.0,7.155417527999327,123.81481481481482,123.82716049382717,122.0,122.0,122.9125,122.91089506172838,0.8143801894530815,75,123.8785046728972,123.85669781931465,122.0,122.0,122.90683229813665,122.9284069580697,0.835314792916659,min_samples_split,param_min_samples_split,combined
88,0.29703335762023925,0.015564834692550317,0.0968465805053711,0.005247298171289422,0.2220713117805794,87,"{'min_samples_split': np.float64(0.2220713117805794), 'n_estimators': 87}",0.8271604938271605,0.8271604938271605,0.7625,0.75,0.8625,0.8058641975308642,0.042698807445795225,72,0.8629283489096573,0.881619937694704,0.8726708074534162,0.8633540372670807,0.8509316770186336,0.8663009616686983,0.010310380717630525,2920.0,2880.0,2824.0,2960.0,2832.0,2883.2,51.74707721214793,52,2920.0,2880.0,2824.0,2960.0,2832.0,2883.2,51.74707721214793,329.48148148148147,318.16049382716045,310.925,331.45000000000016,312.7,320.5433950617284,8.468223049471954,25,326.7289719626169,318.94392523364485,318.30434782608694,326.33540372670814,311.50931677018616,320.3643931038486,5.671591034259788,min_samples_split,param_min_samples_split,combined
89,0.0360964298248291,0.0021720190318867544,0.019849395751953124,0.0012983577319327954,0.03971615637093105,8,"{'min_samples_split': np.float64(0.03971615637093105), 'n_estimators': 8}",0.9259259259259259,0.8641975308641975,0.8875,0.85,0.925,0.8905246913580248,0.030939660832120425,45,0.9719626168224299,0.9844236760124611,0.9658385093167702,0.9627329192546584,0.9720496894409938,0.9714014821694625,0.00743509552350156,1232.0,1216.0,1128.0,1128.0,1152.0,1171.2,44.28272800991375,70,1232.0,1216.0,1128.0,1128.0,1152.0,1171.2,44.28272800991375,49.01234567901234,46.39506172839506,42.625,46.4,44.2125,45.72898148148148,2.172962324671413,93,48.788161993769464,46.890965732087224,44.12422360248447,44.75465838509317,43.65527950310559,45.64265784330799,1.9233474566161772,min_samples_split,param_min_samples_split,combined
90,0.3580753803253174,0.030789128114665998,0.28159685134887696,0.03147336460358919,0.015926386229483693,86,"{'min_samples_split': np.float64(0.015926386229483693), 'n_estimators': 86}",0.9506172839506173,0.9506172839506173,0.875,0.9125,0.9625,0.930246913580247,0.03236461018897095,7,1.0,1.0,0.9968944099378882,1.0,0.9968944099378882,0.9987577639751553,0.0015214222004864217,17256.0,17504.0,17288.0,16392.0,17312.0,17150.4,388.9481199337515,1,17256.0,17504.0,17288.0,16392.0,17312.0,17150.4,388.9481199337515,539.0864197530864,527.5308641975308,507.9875,531.225,528.5124999999999,526.8684567901234,10.27511828315074,4,532.8317757009347,533.252336448598,525.5372670807454,516.4906832298137,520.8416149068324,525.790735473385,6.577244847818417,min_samples_split,param_min_samples_split,combined
91,0.2390742778778076,0.016988135186876488,0.06436753273010254,0.006390154881831775,0.46733901482451895,75,"{'min_samples_split': np.float64(0.46733901482451895), 'n_estimators': 75}",0.5555555555555556,0.49382716049382713,0.5,0.5375,0.5,0.5173765432098765,0.02458069336301097,92,0.5327102803738317,0.5015576323987538,0.5,0.5900621118012422,0.5,0.5248660049147655,0.0349055343486332,848.0,776.0,808.0,808.0,728.0,793.6,39.96798718974975,78,848.0,776.0,808.0,808.0,728.0,793.6,39.96798718974975,175.60493827160494,167.88888888888889,170.46249999999998,171.40000000000003,162.8875,169.6487654320988,4.1956371874487655,60,175.41744548286607,168.2149532710281,170.8913043478261,170.97826086956522,163.05900621118013,169.71219403649312,4.050919860157711,min_samples_split,param_min_samples_split,combined
92,0.2943239212036133,0.023954898430164677,0.2521714687347412,0.029891253966737745,0.01421159440204951,73,"{'min_samples_split': np.float64(0.01421159440204951), 'n_estimators': 73}",0.9382716049382716,0.9382716049382716,0.875,0.9125,0.975,0.9278086419753085,0.03307288510713203,8,1.0,1.0,0.9968944099378882,1.0,1.0,0.9993788819875776,0.0012422360248447006,15528.0,15632.0,15512.0,14536.0,15480.0,15337.6,404.02455370930124,3,15528.0,15632.0,15512.0,14536.0,15480.0,15337.6,404.02455370930124,460.85185185185173,448.1604938271605,434.3875000000001,452.2874999999999,449.54999999999995,449.0474691358024,8.553305896999174,10,454.23987538940804,453.27725856697833,448.3509316770186,439.3385093167702,443.56832298136646,447.7549795863084,5.679254580269387,min_samples_split,param_min_samples_split,combined
93,0.06045002937316894,0.007018962045907964,0.031638717651367186,0.008415993551544066,0.05618723189050438,14,"{'min_samples_split': np.float64(0.05618723189050438), 'n_estimators': 14}",0.8518518518518519,0.9135802469135802,0.8625,0.8625,0.925,0.8830864197530863,0.030032719798532725,50,0.9657320872274143,0.9595015576323987,0.9565217391304348,0.953416149068323,0.968944099378882,0.9608231264874906,0.0057473452684013125,1720.0,1640.0,1720.0,1520.0,1712.0,1662.4,77.29838290675943,63,1720.0,1640.0,1720.0,1520.0,1712.0,1662.4,77.29838290675943,81.09876543209877,75.43209876543209,74.7375,76.91249999999998,77.45,77.12617283950615,2.2139402395540038,82,80.28971962616822,76.51401869158879,76.79813664596273,74.49068322981367,75.92546583850931,76.80360480640853,1.9161221684247778,min_samples_split,param_min_samples_split,combined
94,0.36363019943237307,0.02623232756222263,0.20022339820861818,0.015477671076004786,0.07155436541108938,97,"{'min_samples_split': np.float64(0.07155436541108938), 'n_estimators': 97}",0.9012345679012346,0.9259259259259259,0.875,0.8625,0.9375,0.9004320987654321,0.02867139426782002,39,0.9532710280373832,0.9501557632398754,0.9565217391304348,0.953416149068323,0.9503105590062112,0.9527350476964453,0.0023503642159406393,9328.0,9496.0,8864.0,8512.0,8672.0,8974.4,378.0336492959324,21,9328.0,9496.0,8864.0,8512.0,8672.0,8974.4,378.0336492959324,512.0,504.9135802469135,484.2500000000001,505.80000000000007,492.7875,499.95021604938273,10.018518202650133,6,509.14018691588785,509.17757009345814,496.4099378881988,494.2173913043479,488.1521739130434,499.41945202298723,8.39980621431266,min_samples_split,param_min_samples_split,combined
95,0.2835247039794922,0.015098546478027169,0.18812789916992187,0.01501356218654211,0.03503554366861913,71,"{'min_samples_split': np.float64(0.03503554366861913), 'n_estimators': 71}",0.9012345679012346,0.9506172839506173,0.8875,0.9,0.975,0.9228703703703702,0.03385148265010146,15,0.9906542056074766,0.9906542056074766,0.9968944099378882,0.9937888198757764,0.9906832298136646,0.9925349741684565,0.0024932046526913738,11656.0,11736.0,11408.0,11032.0,11648.0,11496.0,256.64917689328365,15,11656.0,11736.0,11408.0,11032.0,11648.0,11496.0,256.64917689328365,430.97530864197523,416.27160493827165,402.35000000000014,420.6250000000001,420.21250000000003,418.08688271604944,9.252205381012464,14,425.67912772585663,421.4361370716511,415.4844720496894,410.1894409937889,413.65217391304344,417.2882703508059,5.558408939223613,min_samples_split,param_min_samples_split,combined
96,0.26198711395263674,0.027163100227285936,0.09796242713928223,0.011761786916593653,0.11986333604608572,67,"{'min_samples_split': np.float64(0.11986333604608572), 'n_estimators': 67}",0.9012345679012346,0.8765432098765432,0.8625,0.85,0.925,0.8830555555555556,0.027008976926734346,51,0.9314641744548287,0.9221183800623053,0.937888198757764,0.922360248447205,0.9192546583850931,0.9266171320214391,0.006972755706692323,4064.0,4168.0,3912.0,4000.0,4000.0,4028.8,84.75470488415377,44,4064.0,4168.0,3912.0,4000.0,4000.0,4028.8,84.75470488415377,313.34567901234567,307.71604938271616,295.8375000000001,312.1125,301.9875,306.19984567901236,6.533656754210995,29,311.00000000000006,309.62305295950165,301.57453416149065,307.2173913043477,299.8850931677018,305.86001431860836,4.392889887893445,min_samples_split,param_min_samples_split,combined
97,0.15668058395385742,0.009310318383628934,0.11330628395080566,0.013265504652363971,0.010540250794481199,39,"{'min_samples_split': np.float64(0.010540250794481199), 'n_estimators': 39}",0.9506172839506173,0.9629629629629629,0.8875,0.9125,0.975,0.937716049382716,0.032715263209748095,1,1.0,1.0,1.0,1.0,1.0,1.0,0.0,8792.0,8912.0,8744.0,8256.0,8680.0,8676.8,223.6912157417005,23,8792.0,8912.0,8744.0,8256.0,8680.0,8676.8,223.6912157417005,248.30864197530866,239.55555555555557,229.95000000000002,245.60000000000002,242.83749999999998,241.25033950617285,6.3533963229846675,44,244.54205607476644,243.0654205607477,237.52173913043484,238.17080745341616,238.63354037267078,240.38671271840718,2.8507640095561926,min_samples_split,param_min_samples_split,combined
98,0.3412588119506836,0.026134089917551843,0.15894684791564942,0.006608077802246983,0.04817444707010838,92,"{'min_samples_split': np.float64(0.04817444707010838), 'n_estimators': 92}",0.9259259259259259,0.9382716049382716,0.8875,0.8875,0.95,0.9178395061728395,0.025915746090799083,26,0.9781931464174455,0.9781931464174455,0.984472049689441,0.9782608695652174,0.984472049689441,0.980718252355798,0.003065062447108668,13136.0,13080.0,12960.0,12784.0,13048.0,13001.6,122.8358253930831,13,13136.0,13080.0,12960.0,12784.0,13048.0,13001.6,122.8358253930831,537.0740740740738,524.3827160493826,506.76249999999993,530.4750000000003,528.6125,525.4613580246912,10.205216661954614,5,532.2274143302179,529.9719626168225,521.9689440993789,518.5807453416148,521.1521739130435,524.7802480602156,5.32755800392407,min_samples_split,param_min_samples_split,combined
99,0.09279775619506836,0.007697034843349656,0.023070669174194335,0.002788569200590938,0.42966712718380323,28,"{'min_samples_split': np.float64(0.42966712718380323), 'n_estimators': 28}",0.7530864197530864,0.6049382716049383,0.6125,0.625,0.575,0.6341049382716049,0.06172577154918745,85,0.7320872274143302,0.6105919003115264,0.6366459627329193,0.717391304347826,0.6304347826086957,0.6654302354830596,0.04940357544736247,424.0,352.0,360.0,376.0,368.0,376.0,25.298221281347036,90,424.0,352.0,360.0,376.0,368.0,376.0,25.298221281347036,76.14814814814815,68.5432098765432,68.65,71.45,69.83749999999999,70.92577160493826,2.8138267197121043,85,75.71339563862928,68.70716510903426,69.20186335403727,70.81055900621118,69.72360248447204,70.83131711847682,2.538869615250545,min_samples_split,param_min_samples_split,combined
