,mean_fit_time,std_fit_time,mean_score_time,std_score_time,param_min_samples_leaf,param_n_estimators,params,split0_test_accuracy,split1_test_accuracy,split2_test_accuracy,split3_test_accuracy,split4_test_accuracy,mean_test_accuracy,std_test_accuracy,rank_test_accuracy,split0_train_accuracy,split1_train_accuracy,split2_train_accuracy,split3_train_accuracy,split4_train_accuracy,mean_train_accuracy,std_train_accuracy,split0_test_size,split1_test_size,split2_test_size,split3_test_size,split4_test_size,mean_test_size,std_test_size,rank_test_size,split0_train_size,split1_train_size,split2_train_size,split3_train_size,split4_train_size,mean_train_size,std_train_size,split0_test_compute,split1_test_compute,split2_test_compute,split3_test_compute,split4_test_compute,mean_test_compute,std_test_compute,rank_test_compute,split0_train_compute,split1_train_compute,split2_train_compute,split3_train_compute,split4_train_compute,mean_train_compute,std_train_compute,depth_param_type,depth_param_value,feature_set
0,0.3436913967132568,0.061164052957680945,0.21186137199401855,0.07177740957531087,0.02533303884082197,84,"{'min_samples_leaf': np.float64(0.02533303884082197), 'n_estimators': 84}",0.8765432098765432,0.9012345679012346,0.8875,0.85,0.9375,0.8905555555555555,0.028873023764329476,27,0.9595015576323987,0.9501557632398754,0.9565217391304348,0.9658385093167702,0.953416149068323,0.9570867436775605,0.005371325962764556,9120.0,9056.0,9144.0,8840.0,8992.0,9030.4,108.91758352075205,13,9120.0,9056.0,9144.0,8840.0,8992.0,9030.4,108.91758352075205,452.5308641975307,436.5432098765432,427.31249999999994,443.43750000000006,439.25000000000006,439.8148148148148,8.272267527474279,10,447.1183800623053,440.7227414330217,440.3664596273293,434.0621118012423,433.75155279503105,439.2042491437859,4.94900988395249,min_samples_leaf,param_min_samples_leaf,combined
1,0.02747068405151367,0.0013579657691060506,0.014238214492797852,0.007961116499859913,0.15182631707690183,8,"{'min_samples_leaf': np.float64(0.15182631707690183), 'n_estimators': 8}",0.6790123456790124,0.654320987654321,0.6375,0.6125,0.6,0.6366666666666667,0.028404218866986693,77,0.6355140186915887,0.6261682242990654,0.6428571428571429,0.6956521739130435,0.6490683229813664,0.6498519765484414,0.02413999604819074,128.0,128.0,128.0,128.0,128.0,128.0,0.0,97,128.0,128.0,128.0,128.0,128.0,128.0,0.0,21.049382716049383,21.01234567901235,20.6625,21.0375,21.099999999999998,20.972345679012346,0.1575307976798491,99,20.993769470404985,21.049844236760123,20.86335403726708,20.940993788819874,21.0,20.969592306650412,0.06333084627898329,min_samples_leaf,param_min_samples_leaf,combined
2,0.021457529067993163,0.0024325908479293835,0.009122705459594727,0.0005735349012716147,0.05416297679579574,5,"{'min_samples_leaf': np.float64(0.05416297679579574), 'n_estimators': 5}",0.7901234567901234,0.8765432098765432,0.775,0.6875,0.7625,0.7783333333333333,0.06049245715253908,62,0.8411214953271028,0.8722741433021807,0.8540372670807453,0.8509316770186336,0.8074534161490683,0.8451635997755462,0.021379386400689492,280.0,272.0,264.0,272.0,240.0,265.6,13.763720427268202,89,280.0,272.0,264.0,272.0,240.0,265.6,13.763720427268202,22.80246913580247,21.654320987654323,20.8625,21.8125,19.85,21.39635802469136,0.9892517396213406,98,22.538940809968846,21.526479750778815,21.06211180124224,21.037267080745345,19.81055900621118,21.195071689789284,0.8803716843069898,min_samples_leaf,param_min_samples_leaf,combined
3,0.29726996421813967,0.0628084504654613,0.21965622901916504,0.06827056238080284,0.014457445680765034,63,"{'min_samples_leaf': np.float64(0.014457445680765034), 'n_estimators': 63}",0.9135802469135802,0.9382716049382716,0.875,0.9,0.9625,0.9178703703703703,0.030277510349808766,9,0.9781931464174455,0.9719626168224299,0.9751552795031055,0.9782608695652174,0.9751552795031055,0.9757454383622608,0.002337733202078935,9744.0,9800.0,9688.0,9328.0,9696.0,9651.2,166.4769053052104,11,9744.0,9800.0,9688.0,9328.0,9696.0,9651.2,166.4769053052104,368.1481481481481,356.45679012345676,347.2124999999998,364.2,360.82500000000005,359.368487654321,7.194350512863304,18,363.36448598130846,361.0498442367601,357.62732919254665,353.1149068322982,355.43167701863354,358.1176486523094,3.704304399200286,min_samples_leaf,param_min_samples_leaf,combined
4,0.1892780303955078,0.004866229353797711,0.05481867790222168,0.004060978195747998,0.2203007431922335,62,"{'min_samples_leaf': np.float64(0.2203007431922335), 'n_estimators': 62}",0.5061728395061729,0.49382716049382713,0.5,0.5,0.5,0.5,0.0039040464940350537,83,0.4984423676012461,0.5015576323987538,0.5,0.5,0.5,0.5,0.0009851332274667674,496.0,496.0,496.0,496.0,496.0,496.0,0.0,86,496.0,496.0,496.0,496.0,496.0,496.0,0.0,124.0,124.0,124.0,124.0,124.0,124.0,0.0,74,124.0,124.0,124.0,124.0,124.0,124.0,0.0,min_samples_leaf,param_min_samples_leaf,combined
5,0.4335198879241943,0.10871981633778048,0.2847625732421875,0.013591088445498554,0.016978560774925384,98,"{'min_samples_leaf': np.float64(0.016978560774925384), 'n_estimators': 98}",0.9259259259259259,0.9259259259259259,0.8875,0.875,0.95,0.9128703703703703,0.02755839292440928,13,0.9719626168224299,0.9688473520249221,0.9720496894409938,0.9751552795031055,0.968944099378882,0.9713918074340666,0.0023404222764218646,13960.0,14152.0,13864.0,13336.0,13840.0,13830.4,270.50885382922314,1,13960.0,14152.0,13864.0,13336.0,13840.0,13830.4,270.50885382922314,561.4814814814816,546.395061728395,528.4250000000003,549.6625,550.0,547.1928086419754,10.686560827495768,1,554.6043613707167,551.5887850467293,545.217391304348,536.2577639751554,542.9937888198759,546.132418103365,6.476771185084824,min_samples_leaf,param_min_samples_leaf,combined
6,0.22411370277404785,0.04880718608323543,0.0595555305480957,0.020541872640474548,0.2818308521104059,63,"{'min_samples_leaf': np.float64(0.2818308521104059), 'n_estimators': 63}",0.5061728395061729,0.49382716049382713,0.5,0.5,0.5,0.5,0.0039040464940350537,83,0.4984423676012461,0.5015576323987538,0.5,0.5,0.5,0.5,0.0009851332274667674,504.0,504.0,504.0,504.0,504.0,504.0,0.0,82,504.0,504.0,504.0,504.0,504.0,504.0,0.0,126.0,126.0,126.0,126.0,126.0,126.0,0.0,70,126.0,126.0,126.0,126.0,126.0,126.0,0.0,min_samples_leaf,param_min_samples_leaf,combined
7,0.40261044502258303,0.10865905028854579,0.20991792678833007,0.06966989202091557,0.038427513394359396,94,"{'min_samples_leaf': np.float64(0.038427513394359396), 'n_estimators': 94}",0.9012345679012346,0.9012345679012346,0.875,0.825,0.9375,0.8879938271604939,0.03725199963638206,31,0.9376947040498442,0.9283489096573209,0.9440993788819876,0.9316770186335404,0.9254658385093167,0.9334571699464019,0.006698327348249368,7056.0,7136.0,7104.0,6896.0,7016.0,7041.6,83.50712544447929,22,7056.0,7136.0,7104.0,6896.0,7016.0,7041.6,83.50712544447929,457.9012345679014,447.9753086419754,436.1124999999999,456.5749999999999,448.95,449.5028086419753,7.778028899532172,9,453.878504672897,449.8006230529594,448.0590062111801,447.1521739130434,443.27329192546586,448.4327199551091,3.4619904043460537,min_samples_leaf,param_min_samples_leaf,combined
8,0.2510663986206055,0.023611416373003537,0.07549080848693848,0.00370787965171612,0.12984439094811975,78,"{'min_samples_leaf': np.float64(0.12984439094811975), 'n_estimators': 78}",0.7283950617283951,0.7654320987654321,0.6625,0.725,0.675,0.7112654320987655,0.037707663087359705,71,0.7538940809968847,0.7445482866043613,0.7298136645962733,0.8198757763975155,0.7298136645962733,0.7555890946382616,0.033425426108279754,1720.0,1664.0,1696.0,1704.0,1696.0,1696.0,18.24280680158621,57,1720.0,1664.0,1696.0,1704.0,1696.0,1696.0,18.24280680158621,238.28395061728386,231.99999999999991,231.2750000000001,237.93750000000003,233.28750000000005,234.5567901234568,2.9745367432066345,42,237.08722741433027,232.25233644859813,234.9378881987577,235.09627329192537,231.7049689440994,234.21573885954217,1.9850038624957025,min_samples_leaf,param_min_samples_leaf,combined
9,0.15388412475585939,0.011706018481381782,0.09452261924743652,0.0061583264457805795,0.010099044324801881,39,"{'min_samples_leaf': np.float64(0.010099044324801881), 'n_estimators': 39}",0.9012345679012346,0.9259259259259259,0.875,0.9,0.9625,0.9129320987654321,0.02955920127684409,12,0.9875389408099688,0.9813084112149533,0.9906832298136646,0.9875776397515528,0.9875776397515528,0.9869371722683384,0.0030626269998420257,6680.0,6648.0,6512.0,6328.0,6472.0,6528.0,127.19748425185146,24,6680.0,6648.0,6512.0,6328.0,6472.0,6528.0,127.19748425185146,235.30864197530855,223.8518518518519,215.15000000000003,230.5375,226.6625,226.30209876543208,6.775829839517659,43,231.18691588785035,227.2772585669782,223.01863354037266,222.695652173913,223.17701863354043,225.47109576053094,3.3140088026330408,min_samples_leaf,param_min_samples_leaf,combined
10,0.12170238494873047,0.03117375029914307,0.06791172027587891,0.02546092384473657,0.014461088596299488,19,"{'min_samples_leaf': np.float64(0.014461088596299488), 'n_estimators': 19}",0.9259259259259259,0.9135802469135802,0.875,0.875,0.9375,0.9054012345679012,0.025949797945506038,18,0.9813084112149533,0.9781931464174455,0.9565217391304348,0.9782608695652174,0.9782608695652174,0.9745090071786537,0.00907192958254804,2880.0,2832.0,2872.0,2696.0,2848.0,2825.6,67.00925309239015,44,2880.0,2832.0,2872.0,2696.0,2848.0,2825.6,67.00925309239015,111.77777777777779,104.74074074074073,102.82499999999997,109.325,107.95000000000002,107.3237037037037,3.1983196355404737,78,110.07788161993768,106.58255451713396,105.81677018633539,106.24844720496895,106.09316770186335,106.96376424604787,1.576595069179189,min_samples_leaf,param_min_samples_leaf,combined
11,0.03969526290893555,0.009695305187549194,0.014228630065917968,0.002141258687008866,0.12367317811076987,9,"{'min_samples_leaf': np.float64(0.12367317811076987), 'n_estimators': 9}",0.7160493827160493,0.7283950617283951,0.75,0.65,0.7375,0.716388888888889,0.035006096100718975,70,0.7320872274143302,0.6884735202492211,0.7701863354037267,0.7670807453416149,0.7546583850931677,0.7424972427004121,0.030152475344088832,216.0,200.0,200.0,208.0,208.0,206.4,5.986651818838306,91,216.0,200.0,200.0,208.0,208.0,206.4,5.986651818838306,27.987654320987655,26.98765432098765,26.775000000000002,27.8375,27.65,27.447561728395062,0.47928847679367054,95,27.996884735202492,27.062305295950157,27.096273291925467,27.596273291925467,27.447204968944103,27.43978831678954,0.34507824530398995,min_samples_leaf,param_min_samples_leaf,combined
12,0.2753902912139893,0.004422564087930215,0.12454915046691895,0.00825904809671977,0.04954842009063438,74,"{'min_samples_leaf': np.float64(0.04954842009063438), 'n_estimators': 74}",0.9012345679012346,0.9012345679012346,0.8625,0.825,0.9,0.8779938271604939,0.030374134063687896,42,0.9345794392523364,0.9252336448598131,0.9347826086956522,0.922360248447205,0.9130434782608695,0.9259998839031752,0.00815410988963983,4640.0,4640.0,4680.0,4624.0,4584.0,4633.6,30.94252736930195,32,4640.0,4640.0,4680.0,4624.0,4584.0,4633.6,30.94252736930195,341.2716049382717,333.59259259259284,325.93749999999994,341.9874999999999,332.36250000000007,335.03033950617294,5.986980715419146,25,337.85981308411203,334.1651090342678,334.7453416149069,336.12732919254654,329.2732919254659,334.43417697025984,2.877697088583082,min_samples_leaf,param_min_samples_leaf,combined
13,0.15168328285217286,0.02329989816626489,0.06514039039611816,0.011578489397948451,0.04580149597938215,38,"{'min_samples_leaf': np.float64(0.04580149597938215), 'n_estimators': 38}",0.8765432098765432,0.9012345679012346,0.85,0.8375,0.9125,0.8755555555555554,0.028728351292098206,44,0.940809968847352,0.9283489096573209,0.9409937888198758,0.9192546583850931,0.9037267080745341,0.9266268067568353,0.014066278755659377,2520.0,2472.0,2472.0,2440.0,2424.0,2465.6,32.9460164511584,47,2520.0,2472.0,2472.0,2440.0,2424.0,2465.6,32.9460164511584,182.28395061728398,174.01234567901238,168.85,178.55,173.0875,175.35675925925926,4.636327599673283,52,180.2897196261682,175.14953271028037,173.5248447204969,174.45341614906835,171.36335403726704,174.9561734486562,2.9561434601489265,min_samples_leaf,param_min_samples_leaf,combined
14,0.3153830528259277,0.01287753704482449,0.2002209186553955,0.007622933658553509,0.023506395296989568,84,"{'min_samples_leaf': np.float64(0.023506395296989568), 'n_estimators': 84}",0.9135802469135802,0.9012345679012346,0.8875,0.875,0.9375,0.902962962962963,0.02158495548541675,19,0.9595015576323987,0.9595015576323987,0.9658385093167702,0.9627329192546584,0.9658385093167702,0.9626826106305992,0.002834082579852827,10040.0,9864.0,9984.0,9728.0,9912.0,9905.6,107.25968487740396,10,10040.0,9864.0,9984.0,9728.0,9912.0,9905.6,107.25968487740396,462.5185185185184,446.2716049382715,436.0624999999999,453.96250000000003,452.24999999999994,450.213024691358,8.779580292236899,8,455.9999999999999,451.49221183800614,449.6397515527951,444.4037267080747,445.7360248447205,449.45434298871925,4.156140664755129,min_samples_leaf,param_min_samples_leaf,combined
15,0.07111773490905762,0.003834336905642355,0.020351362228393555,0.0022577285816956084,0.299514857678527,24,"{'min_samples_leaf': np.float64(0.299514857678527), 'n_estimators': 24}",0.5061728395061729,0.49382716049382713,0.5,0.5,0.5,0.5,0.0039040464940350537,83,0.4984423676012461,0.5015576323987538,0.5,0.5,0.5,0.5,0.0009851332274667674,192.0,192.0,192.0,192.0,192.0,192.0,0.0,94,192.0,192.0,192.0,192.0,192.0,192.0,0.0,47.0,47.0,47.0,47.0,47.0,47.0,0.0,90,47.0,47.0,47.0,47.0,47.0,47.0,0.0,min_samples_leaf,param_min_samples_leaf,combined
16,0.21604714393615723,0.03750636782013021,0.07073297500610351,0.014630770191092449,0.11022157423738194,58,"{'min_samples_leaf': np.float64(0.11022157423738194), 'n_estimators': 58}",0.7407407407407407,0.7654320987654321,0.7875,0.7125,0.7375,0.7487345679012346,0.0256305558361628,67,0.7975077881619937,0.8535825545171339,0.8633540372670807,0.8198757763975155,0.7888198757763976,0.8246280064240242,0.029591834919166768,1584.0,1592.0,1544.0,1544.0,1560.0,1564.8,19.983993594874875,60,1584.0,1592.0,1544.0,1544.0,1560.0,1564.8,19.983993594874875,192.32098765432104,190.23456790123467,187.08750000000006,192.65,189.05,190.26861111111117,2.073108892303447,48,191.43925233644856,190.5919003115265,190.1832298136646,189.49378881987576,187.8167701863354,189.90498829357017,1.2192598154402217,min_samples_leaf,param_min_samples_leaf,combined
17,0.17238907814025878,0.02583201890359845,0.05537567138671875,0.008586960599798021,0.11231357416825152,48,"{'min_samples_leaf': np.float64(0.11231357416825152), 'n_estimators': 48}",0.7407407407407407,0.7530864197530864,0.8,0.725,0.7375,0.7512654320987655,0.025955744169410735,66,0.7757009345794392,0.838006230529595,0.8571428571428571,0.8074534161490683,0.7670807453416149,0.8090768367485148,0.034720340362932034,1264.0,1232.0,1248.0,1240.0,1256.0,1248.0,11.313708498984761,64,1264.0,1232.0,1248.0,1240.0,1256.0,1248.0,11.313708498984761,157.65432098765436,153.32098765432104,154.0625,157.03750000000005,155.1,155.43506172839508,1.6708334043150055,63,156.8909657320873,153.7881619937695,156.52484472049693,154.9223602484472,153.99068322981364,155.22340318492292,1.2762960105972743,min_samples_leaf,param_min_samples_leaf,combined
18,0.29033517837524414,0.01182056596148339,0.2156538963317871,0.010823326876723379,0.014019335141718086,77,"{'min_samples_leaf': np.float64(0.014019335141718086), 'n_estimators': 77}",0.9259259259259259,0.9382716049382716,0.875,0.8875,0.9625,0.9178395061728395,0.032351598035379465,11,0.9813084112149533,0.9750778816199377,0.984472049689441,0.9782608695652174,0.9782608695652174,0.9794760163309533,0.0031816590826431574,11920.0,11936.0,11784.0,11432.0,11856.0,11785.6,184.75670488510016,5,11920.0,11936.0,11784.0,11432.0,11856.0,11785.6,184.75670488510016,449.2962962962963,438.4814814814815,423.53749999999985,443.3999999999999,439.775,438.8980555555555,8.547281986414276,11,443.4922118380063,442.85046728971963,436.84472049689447,432.40993788819884,434.055900621118,437.9306476267874,4.512355484631365,min_samples_leaf,param_min_samples_leaf,combined
19,0.08844032287597656,0.012788433021017146,0.04363760948181152,0.01326110194254402,0.029429936611665406,21,"{'min_samples_leaf': np.float64(0.029429936611665406), 'n_estimators': 21}",0.8765432098765432,0.9012345679012346,0.85,0.85,0.9125,0.8780555555555555,0.025691251238202147,40,0.9376947040498442,0.9439252336448598,0.937888198757764,0.9285714285714286,0.922360248447205,0.9340879626942205,0.007644523625300569,2032.0,2000.0,2032.0,2000.0,2064.0,2025.6,23.946607275353223,51,2032.0,2000.0,2032.0,2000.0,2064.0,2025.6,23.946607275353223,110.92592592592592,106.45679012345678,102.85000000000002,109.375,109.0625,107.73404320987655,2.833051550042883,77,109.47352024922118,107.56074766355138,105.8944099378882,106.30745341614907,107.26086956521739,107.29940016640546,1.2453546606142512,min_samples_leaf,param_min_samples_leaf,combined
20,0.2664011478424072,0.012716375945818353,0.2108363151550293,0.024308845986244988,0.010814012176846953,67,"{'min_samples_leaf': np.float64(0.010814012176846953), 'n_estimators': 67}",0.9135802469135802,0.9506172839506173,0.875,0.9125,0.9625,0.9228395061728396,0.031067080099923643,1,0.9813084112149533,0.9937694704049844,0.9906832298136646,0.9906832298136646,0.9937888198757764,0.9900466322246088,0.00458324147145189,11448.0,11488.0,11256.0,10968.0,11296.0,11291.2,183.86777858015253,6,11448.0,11488.0,11256.0,10968.0,11296.0,11291.2,183.86777858015253,399.0617283950616,385.0493827160494,371.00000000000017,395.41249999999985,391.2999999999999,388.3647222222222,9.851274254587961,15,392.44859813084094,388.98753894081,384.9472049689442,383.25776397515517,384.40372670807466,386.808966544765,3.418011019264944,min_samples_leaf,param_min_samples_leaf,combined
21,0.03427720069885254,0.004708824463987844,0.022932958602905274,0.01380232030294187,0.022940887289493724,7,"{'min_samples_leaf': np.float64(0.022940887289493724), 'n_estimators': 7}",0.8271604938271605,0.8395061728395061,0.875,0.7875,0.9125,0.8483333333333333,0.04255672581814678,51,0.9283489096573209,0.9376947040498442,0.953416149068323,0.922360248447205,0.9254658385093167,0.9334571699464019,0.011219758561972746,816.0,808.0,808.0,824.0,784.0,808.0,13.386560424545209,73,816.0,808.0,808.0,824.0,784.0,808.0,13.386560424545209,39.567901234567906,36.98765432098765,35.775,38.2625,36.5125,37.42111111111111,1.3446028281079496,91,38.97507788161994,37.31464174454828,36.816770186335404,36.87267080745342,35.91614906832299,37.17906193765601,1.0063930552501175,min_samples_leaf,param_min_samples_leaf,combined
22,0.3676902294158936,0.03916187518065215,0.2670262813568115,0.022552448751843104,0.01139555116034412,79,"{'min_samples_leaf': np.float64(0.01139555116034412), 'n_estimators': 79}",0.9259259259259259,0.9382716049382716,0.875,0.9125,0.9625,0.9228395061728396,0.0290384371775475,1,0.9906542056074766,0.9968847352024922,0.9906832298136646,0.9906832298136646,0.9937888198757764,0.9925388440626148,0.0024854649432874045,13472.0,13560.0,13320.0,12944.0,13392.0,13337.6,212.46891537352,2,13472.0,13560.0,13320.0,12944.0,13392.0,13337.6,212.46891537352,470.2716049382715,458.6913580246914,439.2750000000002,466.3249999999999,461.0499999999999,459.1225925925925,10.714503656582373,5,463.4890965732085,463.2647975077883,455.8540372670808,453.4161490683229,453.63354037267095,457.93152415781435,4.527861401925131,min_samples_leaf,param_min_samples_leaf,combined
23,0.1367039203643799,0.024502235902530485,0.06363444328308106,0.018735454713810207,0.03627467207880158,30,"{'min_samples_leaf': np.float64(0.03627467207880158), 'n_estimators': 30}",0.8888888888888888,0.9012345679012346,0.875,0.85,0.9125,0.8855246913580247,0.021718923300311138,33,0.9376947040498442,0.9345794392523364,0.9472049689440993,0.9409937888198758,0.9440993788819876,0.9409144559896288,0.004477048589732045,2432.0,2384.0,2440.0,2384.0,2424.0,2412.8,24.053274205396654,49,2432.0,2384.0,2440.0,2384.0,2424.0,2412.8,24.053274205396654,152.8148148148148,145.49382716049382,141.225,150.2,147.86249999999998,147.51922839506173,3.9766108326529515,64,150.7725856697819,146.69158878504672,145.64285714285714,146.6708074534162,145.74844720496898,147.10525725121417,1.886197950102644,min_samples_leaf,param_min_samples_leaf,combined
24,0.39054222106933595,0.10216445588458146,0.12575187683105468,0.02517550858743144,0.18787038979964674,72,"{'min_samples_leaf': np.float64(0.18787038979964674), 'n_estimators': 72}",0.5679012345679012,0.5185185185185185,0.525,0.525,0.5375,0.5347839506172839,0.017664354396567196,82,0.5514018691588785,0.5015576323987538,0.5496894409937888,0.5341614906832298,0.577639751552795,0.5428900369574892,0.024943059290301658,952.0,912.0,936.0,896.0,912.0,921.6,19.855477833585372,71,952.0,912.0,936.0,896.0,912.0,921.6,19.855477833585372,175.7407407407408,171.33333333333331,171.8875,171.4,172.1,172.49231481481485,1.6497498355479034,54,174.91277258566984,171.47040498442365,173.49378881987585,170.52795031055894,171.7795031055901,172.43688396122366,1.5657158902875492,min_samples_leaf,param_min_samples_leaf,combined
25,0.06497068405151367,0.02817561200117977,0.03272604942321777,0.013258200039982673,0.013255725429867467,13,"{'min_samples_leaf': np.float64(0.013255725429867467), 'n_estimators': 13}",0.9012345679012346,0.9382716049382716,0.8625,0.875,0.9125,0.8979012345679012,0.026950754426394163,21,0.9719626168224299,0.9750778816199377,0.9627329192546584,0.9751552795031055,0.9782608695652174,0.9726379133530699,0.005338036109549201,1912.0,1888.0,1952.0,1800.0,1912.0,1892.8,50.748004886891856,54,1912.0,1888.0,1952.0,1800.0,1912.0,1892.8,50.748004886891856,76.4320987654321,70.79012345679013,70.35,74.7375,72.7625,73.01444444444444,2.313422813150819,80,75.18380062305295,71.96261682242991,72.3695652173913,72.82608695652175,71.4751552795031,72.76344497977979,1.2898219112603864,min_samples_leaf,param_min_samples_leaf,combined
26,0.4134610652923584,0.02964504987199553,0.3317423820495605,0.029573044862917102,0.01810248954161358,91,"{'min_samples_leaf': np.float64(0.01810248954161358), 'n_estimators': 91}",0.9135802469135802,0.9259259259259259,0.8875,0.875,0.95,0.9104012345679011,0.026821254029846867,17,0.9688473520249221,0.9688473520249221,0.9720496894409938,0.9751552795031055,0.9658385093167702,0.9701476364621427,0.0031825885800839024,12960.0,13096.0,12904.0,12384.0,12856.0,12840.0,241.75359356170904,4,12960.0,13096.0,12904.0,12384.0,12856.0,12840.0,241.75359356170904,520.9876543209876,508.1111111111111,492.35000000000025,509.3125,510.80000000000007,508.3122530864199,9.194445679219388,2,514.6884735202493,513.1557632398756,507.53416149068335,498.13043478260875,504.3416149068324,507.5700895880499,6.023330679818693,min_samples_leaf,param_min_samples_leaf,combined
27,0.13019781112670897,0.038865392486914584,0.06434330940246583,0.015113111027491296,0.024354814806003936,26,"{'min_samples_leaf': np.float64(0.024354814806003936), 'n_estimators': 26}",0.8641975308641975,0.9012345679012346,0.8625,0.8625,0.975,0.8930864197530862,0.04354733745011346,24,0.9532710280373832,0.940809968847352,0.9565217391304348,0.9596273291925466,0.9596273291925466,0.9539714788800525,0.006988520452616992,3096.0,3016.0,3016.0,3032.0,3064.0,3044.8,31.025151087464508,41,3096.0,3016.0,3016.0,3032.0,3064.0,3044.8,31.025151087464508,145.25925925925927,138.62962962962962,133.6625,142.0375,140.925,140.1027777777778,3.8640870603563986,67,142.71962616822427,140.3551401869159,137.69875776397515,138.29503105590064,138.88819875776397,139.591350786556,1.795898498270785,min_samples_leaf,param_min_samples_leaf,combined
28,0.40976839065551757,0.08576031526340679,0.19760284423828126,0.0336407088089714,0.03019891931338628,67,"{'min_samples_leaf': np.float64(0.03019891931338628), 'n_estimators': 67}",0.9012345679012346,0.9135802469135802,0.8625,0.8125,0.9375,0.8854629629629629,0.04381339985679182,37,0.9501557632398754,0.9439252336448598,0.9472049689440993,0.9440993788819876,0.9409937888198758,0.9452758267061396,0.0031330288829532656,6504.0,6536.0,6560.0,6408.0,6512.0,6504.0,51.84592558726288,25,6504.0,6536.0,6560.0,6408.0,6512.0,6504.0,51.84592558726288,350.3703703703702,339.0617283950617,331.7000000000001,346.4375,342.1874999999999,341.9514197530863,6.395331147948556,22,344.95638629283496,342.3800623052957,340.77329192546574,338.18633540372673,338.27639751552795,340.91449468857024,2.5654287820175408,min_samples_leaf,param_min_samples_leaf,combined
29,0.4332447052001953,0.07094733884380602,0.15854597091674805,0.04402010108051072,0.08171702305511594,82,"{'min_samples_leaf': np.float64(0.08171702305511594), 'n_estimators': 82}",0.8765432098765432,0.8641975308641975,0.825,0.7875,0.8625,0.8431481481481482,0.03273796726796409,52,0.8753894080996885,0.8847352024922118,0.9037267080745341,0.8819875776397516,0.8633540372670807,0.8818385867146535,0.01319676408072002,3136.0,3120.0,3128.0,3096.0,3176.0,3131.2,26.095210288480146,40,3136.0,3120.0,3128.0,3096.0,3176.0,3131.2,26.095210288480146,314.64197530864203,307.70370370370364,303.175,313.0,309.6249999999998,309.6291358024691,4.046095900528693,29,312.8348909657322,307.9532710280375,308.9906832298137,308.90683229813664,308.0248447204968,309.34210444844337,1.7986966299849823,min_samples_leaf,param_min_samples_leaf,combined
30,0.30335125923156736,0.03238559129714033,0.08319616317749023,0.011156970051916291,0.09078372242475348,55,"{'min_samples_leaf': np.float64(0.09078372242475348), 'n_estimators': 55}",0.8271604938271605,0.8148148148148148,0.8375,0.7375,0.7875,0.8008950617283951,0.03583829093426272,58,0.8535825545171339,0.8785046728971962,0.8664596273291926,0.8571428571428571,0.8385093167701864,0.8588398057313134,0.013331284919876904,1840.0,1856.0,1856.0,1832.0,1880.0,1852.8,16.4730082255792,55,1840.0,1856.0,1856.0,1832.0,1880.0,1852.8,16.4730082255792,199.04938271604942,196.12345679012347,194.52500000000006,201.225,197.68749999999994,197.7220679012346,2.3156119491683307,47,197.70404984423678,196.71339563862932,197.47515527950313,198.0683229813664,196.77639751552792,197.34746425185273,0.527495178132672,min_samples_leaf,param_min_samples_leaf,combined
31,0.5231534004211426,0.10481399813336072,0.26050915718078616,0.05087089591642041,0.042688989752672026,97,"{'min_samples_leaf': np.float64(0.042688989752672026), 'n_estimators': 97}",0.8888888888888888,0.9135802469135802,0.875,0.8375,0.95,0.8929938271604938,0.037666158835411086,26,0.9345794392523364,0.9283489096573209,0.9440993788819876,0.9192546583850931,0.922360248447205,0.9297285269247887,0.008898871053117076,6872.0,6776.0,6776.0,6672.0,6824.0,6784.0,66.3566123306487,23,6872.0,6776.0,6776.0,6672.0,6824.0,6784.0,66.3566123306487,464.7654320987656,451.567901234568,440.3,461.8125,454.7375,454.63666666666677,8.591297608111656,7,460.91900311526456,453.7040498442367,452.15838509316774,452.4844720496893,450.1583850931677,453.88485903910515,3.6970333762354404,min_samples_leaf,param_min_samples_leaf,combined
32,0.27683591842651367,0.05432623372877618,0.0782055377960205,0.020068624329311655,0.1569461260275439,59,"{'min_samples_leaf': np.float64(0.1569461260275439), 'n_estimators': 59}",0.6790123456790124,0.5802469135802469,0.6,0.6625,0.5875,0.6218518518518519,0.040763017665598714,79,0.6448598130841121,0.6137071651090342,0.6583850931677019,0.7298136645962733,0.6459627329192547,0.6585456937752752,0.038562358186832915,960.0,960.0,960.0,960.0,944.0,956.8,6.4,69,960.0,960.0,960.0,960.0,944.0,956.8,6.4,158.6913580246913,156.2469135802469,155.33749999999998,159.14999999999995,155.22499999999994,156.9301543209876,1.6697586819011179,61,157.86604361370718,156.71651090342678,157.1552795031056,157.46894409937886,154.61180124223603,156.7637158723709,1.140066687776113,min_samples_leaf,param_min_samples_leaf,combined
33,0.2599005699157715,0.025325335851324987,0.058847808837890626,0.006722057915609957,0.2295368478086363,63,"{'min_samples_leaf': np.float64(0.2295368478086363), 'n_estimators': 63}",0.5061728395061729,0.49382716049382713,0.5,0.5,0.5,0.5,0.0039040464940350537,83,0.4984423676012461,0.5015576323987538,0.5,0.5,0.5,0.5,0.0009851332274667674,504.0,504.0,504.0,504.0,504.0,504.0,0.0,82,504.0,504.0,504.0,504.0,504.0,504.0,0.0,126.0,126.0,126.0,126.0,126.0,126.0,0.0,70,126.0,126.0,126.0,126.0,126.0,126.0,0.0,min_samples_leaf,param_min_samples_leaf,combined
34,0.15183162689208984,0.031262741513979404,0.0452178955078125,0.01187295875107934,0.12558360138588193,32,"{'min_samples_leaf': np.float64(0.12558360138588193), 'n_estimators': 32}",0.7407407407407407,0.7160493827160493,0.7,0.65,0.7125,0.7038580246913579,0.02999739611724601,72,0.7227414330218068,0.7383177570093458,0.7701863354037267,0.7298136645962733,0.7608695652173914,0.7443857510497087,0.018193565020065357,728.0,704.0,728.0,728.0,760.0,729.6,17.816845961056067,75,728.0,704.0,728.0,728.0,760.0,729.6,17.816845961056067,99.8641975308642,96.53086419753089,97.56250000000001,99.53750000000002,99.28750000000001,98.55651234567902,1.2882570578662447,79,99.35514018691592,97.07476635514017,98.95962732919254,98.60248447204968,98.59627329192547,98.51765832704476,0.7735664799665337,min_samples_leaf,param_min_samples_leaf,combined
35,0.31539115905761717,0.04639820961439025,0.14339547157287597,0.008895346550655487,0.028587304286881554,60,"{'min_samples_leaf': np.float64(0.028587304286881554), 'n_estimators': 60}",0.9012345679012346,0.9012345679012346,0.8625,0.825,0.9375,0.8854938271604939,0.03844061150282963,35,0.9501557632398754,0.9470404984423676,0.9503105590062112,0.9472049689440993,0.9472049689440993,0.9483833517153306,0.0015123489926693046,5832.0,5848.0,5872.0,5720.0,5824.0,5819.2,52.23944869540642,27,5832.0,5848.0,5872.0,5720.0,5824.0,5819.2,52.23944869540642,314.35802469135785,303.83950617283955,297.61250000000007,310.3875,307.0875,306.6570061728395,5.71224988096282,30,309.62305295950154,307.1401869158877,305.9068322981366,302.6242236024845,303.5434782608696,305.76755480737603,2.5137792534014425,min_samples_leaf,param_min_samples_leaf,combined
36,0.3427859306335449,0.048566816567026286,0.09400062561035157,0.020869998121240355,0.2913956435440278,88,"{'min_samples_leaf': np.float64(0.2913956435440278), 'n_estimators': 88}",0.5061728395061729,0.49382716049382713,0.5,0.5,0.5,0.5,0.0039040464940350537,83,0.4984423676012461,0.5015576323987538,0.5,0.5,0.5,0.5,0.0009851332274667674,704.0,704.0,704.0,704.0,704.0,704.0,0.0,76,704.0,704.0,704.0,704.0,704.0,704.0,0.0,176.0,176.0,176.0,176.0,176.0,176.0,0.0,51,176.0,176.0,176.0,176.0,176.0,176.0,0.0,min_samples_leaf,param_min_samples_leaf,combined
37,0.1528048038482666,0.01712022735952126,0.04542365074157715,0.003965934470193071,0.11483268851016866,36,"{'min_samples_leaf': np.float64(0.11483268851016866), 'n_estimators': 36}",0.7654320987654321,0.7160493827160493,0.775,0.6875,0.7375,0.7362962962962962,0.03206036996128655,68,0.8006230529595015,0.7850467289719626,0.8322981366459627,0.7639751552795031,0.7484472049689441,0.7860780557651748,0.029166883949066726,952.0,912.0,920.0,936.0,944.0,932.8,14.837789592793126,70,952.0,912.0,920.0,936.0,944.0,932.8,14.837789592793126,119.58024691358027,114.74074074074076,115.01249999999999,118.175,116.62500000000001,116.82669753086421,1.8484135931412276,76,118.57009345794394,115.30218068535827,117.04968944099379,116.7919254658385,115.7639751552795,116.6955728410828,1.136479290220111,min_samples_leaf,param_min_samples_leaf,combined
38,0.15178537368774414,0.016984405938241506,0.052131938934326175,0.01114629472044136,0.06251647656706492,28,"{'min_samples_leaf': np.float64(0.06251647656706492), 'n_estimators': 28}",0.8765432098765432,0.8888888888888888,0.825,0.8375,0.9,0.8655864197530864,0.029269285150018805,46,0.9065420560747663,0.9158878504672897,0.9130434782608695,0.8944099378881988,0.906832298136646,0.9073431241655541,0.007398328797589518,1392.0,1400.0,1400.0,1376.0,1416.0,1396.8,12.998461447417537,63,1392.0,1400.0,1400.0,1376.0,1416.0,1396.8,12.998461447417537,121.58024691358028,117.0,114.98750000000001,119.96249999999999,117.83749999999998,118.27354938271606,2.297694078343737,75,120.398753894081,117.94080996884735,117.40683229813666,118.50000000000001,116.85093167701862,118.21946556761672,1.2197461998893884,min_samples_leaf,param_min_samples_leaf,combined
39,0.38194947242736815,0.09236126941194867,0.2206740379333496,0.0663354082076552,0.024123745673663446,62,"{'min_samples_leaf': np.float64(0.024123745673663446), 'n_estimators': 62}",0.9135802469135802,0.9012345679012346,0.8875,0.825,0.925,0.890462962962963,0.035035473129122974,29,0.9626168224299065,0.9532710280373832,0.9627329192546584,0.9596273291925466,0.9596273291925466,0.9595750856214081,0.003434259072103152,7360.0,7272.0,7344.0,7176.0,7336.0,7297.6,67.76901947055158,21,7360.0,7272.0,7344.0,7176.0,7336.0,7297.6,67.76901947055158,341.5185185185184,327.06172839506166,321.3875,336.5375,334.72499999999985,332.246049382716,7.145987786693221,26,336.2305295950155,331.4205607476635,330.8695652173913,328.05279503105595,329.64906832298135,331.2445037828215,2.7482520788746245,min_samples_leaf,param_min_samples_leaf,combined
40,0.10100312232971191,0.013062957241665752,0.02528553009033203,0.0038080226960050287,0.23308002208363934,25,"{'min_samples_leaf': np.float64(0.23308002208363934), 'n_estimators': 25}",0.5061728395061729,0.49382716049382713,0.5,0.5,0.5,0.5,0.0039040464940350537,83,0.4984423676012461,0.5015576323987538,0.5,0.5,0.5,0.5,0.0009851332274667674,200.0,200.0,200.0,200.0,200.0,200.0,0.0,92,200.0,200.0,200.0,200.0,200.0,200.0,0.0,50.0,50.0,50.0,50.0,50.0,50.0,0.0,88,50.0,50.0,50.0,50.0,50.0,50.0,0.0,min_samples_leaf,param_min_samples_leaf,combined
41,0.4891664981842041,0.11655847874506944,0.32971940040588377,0.09978605894731003,0.026757881749042207,71,"{'min_samples_leaf': np.float64(0.026757881749042207), 'n_estimators': 71}",0.8888888888888888,0.9012345679012346,0.875,0.825,0.95,0.8880246913580248,0.04039292230743741,30,0.9626168224299065,0.9501557632398754,0.9596273291925466,0.953416149068323,0.953416149068323,0.9558464425997949,0.004567923627795775,7712.0,7688.0,7712.0,7448.0,7616.0,7635.2,99.99679994879835,20,7712.0,7688.0,7712.0,7448.0,7616.0,7635.2,99.99679994879835,381.49382716049365,367.2222222222222,360.7499999999999,374.80000000000007,371.83750000000003,371.22070987654314,6.99074181206216,16,376.59190031152656,370.84735202492203,371.13354037267084,366.7857142857143,366.84782608695656,370.441266616358,3.59861975888786,min_samples_leaf,param_min_samples_leaf,combined
42,0.08707375526428222,0.026805188927681762,0.029648733139038087,0.007103189749511941,0.08974926435004653,18,"{'min_samples_leaf': np.float64(0.08974926435004653), 'n_estimators': 18}",0.8395061728395061,0.8148148148148148,0.8125,0.7625,0.8125,0.8083641975308641,0.025096483533537595,57,0.8442367601246106,0.8785046728971962,0.8695652173913043,0.8385093167701864,0.8012422360248447,0.8464116406416284,0.02710536027034963,640.0,624.0,632.0,632.0,624.0,630.4,5.986651818838306,79,640.0,624.0,632.0,632.0,624.0,630.4,5.986651818838306,66.75308641975309,63.75308641975309,63.025,67.275,65.26250000000002,65.21373456790124,1.6458948565535567,84,66.30841121495328,64.26479750778816,64.51863354037268,66.34782608695652,64.25465838509317,65.13886534703276,0.975697457307742,min_samples_leaf,param_min_samples_leaf,combined
43,0.18716063499450683,0.01614766618776149,0.055759429931640625,0.009758099247795485,0.15328006962133126,47,"{'min_samples_leaf': np.float64(0.15328006962133126), 'n_estimators': 47}",0.6790123456790124,0.5925925925925926,0.6375,0.6625,0.5875,0.6318209876543209,0.036616100769243064,78,0.6542056074766355,0.6199376947040498,0.6645962732919255,0.7267080745341615,0.6614906832298136,0.6653876666473172,0.03454487980453438,792.0,768.0,784.0,792.0,784.0,784.0,8.763560920082657,74,792.0,768.0,784.0,792.0,784.0,784.0,8.763560920082657,128.50617283950618,124.62962962962965,125.61249999999998,128.6,125.67499999999997,126.60466049382714,1.6338009021598041,69,127.78193146417448,125.0436137071651,126.99378881987582,127.14596273291922,125.12732919254658,126.41852518333624,1.1204051928329843,min_samples_leaf,param_min_samples_leaf,combined
44,0.48812618255615237,0.18334841377108854,0.19816384315490723,0.08812009497694984,0.08903909457209354,95,"{'min_samples_leaf': np.float64(0.08903909457209354), 'n_estimators': 95}",0.8641975308641975,0.8518518518518519,0.8125,0.775,0.8375,0.82820987654321,0.0316810726984118,55,0.8598130841121495,0.8660436137071651,0.8881987577639752,0.8695652173913043,0.8509316770186336,0.8669104699986455,0.012382932052210437,3344.0,3320.0,3368.0,3272.0,3392.0,3339.2,41.291161281804605,37,3344.0,3320.0,3368.0,3272.0,3392.0,3339.2,41.291161281804605,350.95061728395086,344.1728395061728,341.1375,350.0499999999999,347.5124999999999,346.76469135802466,3.667626619413883,20,349.4143302180685,344.3208722741433,347.3819875776398,345.4689440993789,346.1583850931675,346.5489038524796,1.742850506124641,min_samples_leaf,param_min_samples_leaf,combined
45,0.4675797462463379,0.046370595001656544,0.1425776958465576,0.0358684506038585,0.0993120146965048,90,"{'min_samples_leaf': np.float64(0.0993120146965048), 'n_estimators': 90}",0.8518518518518519,0.8148148148148148,0.8125,0.7625,0.8125,0.8108333333333333,0.028425473515521594,56,0.8504672897196262,0.8598130841121495,0.8788819875776398,0.8819875776397516,0.8385093167701864,0.8619318511638708,0.016577573702278466,2840.0,2856.0,2800.0,2808.0,2816.0,2824.0,20.861447696648476,45,2840.0,2856.0,2800.0,2808.0,2816.0,2824.0,20.861447696648476,317.037037037037,313.96296296296305,308.53750000000014,318.53749999999985,313.07499999999993,314.23,3.47113535335182,28,315.28660436137056,313.8878504672898,313.41925465838506,314.5186335403728,311.96583850931665,313.815636307347,1.1173215576303643,min_samples_leaf,param_min_samples_leaf,combined
46,0.6028913974761962,0.20722781728899542,0.2893493175506592,0.05066533366900303,0.02391211641208894,75,"{'min_samples_leaf': np.float64(0.02391211641208894), 'n_estimators': 75}",0.9012345679012346,0.9012345679012346,0.8875,0.85,0.925,0.8929938271604939,0.024653056713196248,25,0.9626168224299065,0.956386292834891,0.953416149068323,0.9658385093167702,0.9658385093167702,0.9608192565933322,0.005061110697283757,8936.0,8816.0,8872.0,8664.0,8872.0,8832.0,92.19110586168277,14,8936.0,8816.0,8872.0,8664.0,8872.0,8832.0,92.19110586168277,412.79012345679007,397.97530864197523,388.5999999999999,404.5250000000001,403.8624999999999,401.5505864197531,8.012734528980491,14,406.70716510903424,402.9127725856697,400.50000000000006,396.30745341614926,398.25155279503105,400.9357887811769,3.6341098668935263,min_samples_leaf,param_min_samples_leaf,combined
47,0.03841633796691894,0.013137991625209663,0.015224742889404296,0.004591781046440039,0.08921003938183314,7,"{'min_samples_leaf': np.float64(0.08921003938183314), 'n_estimators': 7}",0.7530864197530864,0.8024691358024691,0.7375,0.7125,0.775,0.7561111111111111,0.030865216032577712,64,0.794392523364486,0.8286604361370716,0.8416149068322981,0.8136645962732919,0.8198757763975155,0.8196416478009325,0.015731884194097923,248.0,248.0,232.0,232.0,248.0,241.6,7.8383671769061705,90,248.0,248.0,232.0,232.0,248.0,241.6,7.8383671769061705,25.641975308641978,24.530864197530867,24.125,26.1625,24.975,25.08706790123457,0.7364744192349602,97,25.651090342679126,24.757009345794394,24.540372670807454,25.70186335403727,24.86024844720497,25.10211683210464,0.48046306858188187,min_samples_leaf,param_min_samples_leaf,combined
48,0.33199167251586914,0.0519773099471491,0.23102002143859862,0.03529812387229368,0.016652104818626733,60,"{'min_samples_leaf': np.float64(0.016652104818626733), 'n_estimators': 60}",0.9135802469135802,0.9135802469135802,0.8875,0.9,0.9375,0.9104320987654321,0.016656546996355295,16,0.9719626168224299,0.9626168224299065,0.968944099378882,0.968944099378882,0.9720496894409938,0.9689034654902189,0.0034287699023232013,8592.0,8592.0,8528.0,8152.0,8504.0,8473.6,164.5279307594914,17,8592.0,8592.0,8528.0,8152.0,8504.0,8473.6,164.5279307594914,345.2962962962963,331.0493827160494,325.03749999999997,336.31249999999994,338.02500000000003,335.1441358024691,6.806495518217987,24,340.5919003115267,336.29906542056085,335.2329192546584,327.6459627329193,333.4534161490684,334.64465277374677,4.215533155312246,min_samples_leaf,param_min_samples_leaf,combined
49,0.5058597087860107,0.08246818555278632,0.20103907585144043,0.04825038674986333,0.05409471026755088,93,"{'min_samples_leaf': np.float64(0.05409471026755088), 'n_estimators': 93}",0.9012345679012346,0.8888888888888888,0.8625,0.825,0.9125,0.8780246913580246,0.031298274707963834,41,0.9345794392523364,0.9158878504672897,0.9285714285714286,0.9192546583850931,0.9161490683229814,0.9228884889998259,0.0074378434487483444,5352.0,5320.0,5392.0,5160.0,5368.0,5318.4,82.58232256360921,29,5352.0,5320.0,5392.0,5160.0,5368.0,5318.4,82.58232256360921,414.49382716049416,405.246913580247,400.4750000000001,414.8625,408.31249999999994,408.67814814814824,5.500309790744783,13,411.467289719626,406.1619937694704,410.0403726708075,406.7453416149068,405.74844720496895,408.03268899595594,2.289183275270105,min_samples_leaf,param_min_samples_leaf,combined
50,0.31578874588012695,0.05486387006138595,0.13191719055175782,0.023932012296859973,0.06271058109772475,64,"{'min_samples_leaf': np.float64(0.06271058109772475), 'n_estimators': 64}",0.9135802469135802,0.8641975308641975,0.8375,0.8375,0.875,0.8655555555555555,0.028183829182784188,47,0.9158878504672897,0.9065420560747663,0.9161490683229814,0.8975155279503105,0.8944099378881988,0.9061008881407094,0.00902587295621769,3144.0,3192.0,3208.0,3128.0,3296.0,3193.6,59.09179300038203,39,3144.0,3192.0,3208.0,3128.0,3296.0,3193.6,59.09179300038203,271.48148148148147,263.2839506172839,262.3250000000001,271.975,268.81250000000006,267.5755864197531,4.052841149135371,36,268.5015576323988,265.13084112149534,267.5652173913043,267.8664596273292,267.0124223602484,267.21529962655524,1.1477837680323095,min_samples_leaf,param_min_samples_leaf,combined
51,0.486285924911499,0.11764973915601916,0.15206165313720704,0.03630847653013485,0.1625169475748132,98,"{'min_samples_leaf': np.float64(0.1625169475748132), 'n_estimators': 98}",0.6666666666666666,0.5555555555555556,0.5875,0.625,0.6,0.6069444444444445,0.037309185311957344,80,0.632398753894081,0.5794392523364486,0.6459627329192547,0.6583850931677019,0.6459627329192547,0.6324297130473482,0.027741510037204,1552.0,1544.0,1512.0,1560.0,1544.0,1542.4,16.316862443496913,61,1552.0,1544.0,1512.0,1560.0,1544.0,1542.4,16.316862443496913,260.6790123456789,256.4567901234568,253.18750000000003,261.8,257.6374999999999,257.95216049382714,3.075019456185802,37,258.9906542056075,257.0685358255452,255.7453416149068,259.51863354037255,256.1894409937889,257.5025212360442,1.5019621725485115,min_samples_leaf,param_min_samples_leaf,combined
52,0.0811373233795166,0.01795994819242742,0.017495155334472656,0.002700938407416015,0.2069860242936815,17,"{'min_samples_leaf': np.float64(0.2069860242936815), 'n_estimators': 17}",0.5061728395061729,0.49382716049382713,0.5,0.5,0.5,0.5,0.0039040464940350537,83,0.4984423676012461,0.5015576323987538,0.5,0.5,0.5,0.5,0.0009851332274667674,152.0,144.0,144.0,160.0,160.0,152.0,7.155417527999327,95,152.0,144.0,144.0,160.0,160.0,152.0,7.155417527999327,35.39506172839506,34.66666666666667,34.625,35.975,35.9875,35.32984567901235,0.5982642009243107,92,35.3208722741433,34.67289719626169,34.64285714285714,35.99068322981366,35.940993788819874,35.313660726379126,0.5852373188722181,min_samples_leaf,param_min_samples_leaf,combined
53,0.2357545852661133,0.019001524543661337,0.06446304321289062,0.005803815839671784,0.13860341405183443,56,"{'min_samples_leaf': np.float64(0.13860341405183443), 'n_estimators': 56}",0.6666666666666666,0.6666666666666666,0.6625,0.675,0.7,0.6741666666666667,0.013540064007726596,74,0.6573208722741433,0.6822429906542056,0.6801242236024845,0.7577639751552795,0.7298136645962733,0.7014531452564772,0.03673374219560913,1088.0,1088.0,1096.0,1120.0,1104.0,1099.2,11.973303637676612,67,1088.0,1088.0,1096.0,1120.0,1104.0,1099.2,11.973303637676612,162.72839506172835,159.9629629629629,159.47499999999997,164.8625,160.43749999999994,161.49327160493823,2.02025485641798,57,161.5327102803738,160.33333333333334,161.85093167701865,162.46273291925465,159.7111801242236,161.17817766684078,1.0093777555184664,min_samples_leaf,param_min_samples_leaf,combined
54,0.34917402267456055,0.07851074401234892,0.09002971649169922,0.008147747337833126,0.12547917676739856,78,"{'min_samples_leaf': np.float64(0.12547917676739856), 'n_estimators': 78}",0.7530864197530864,0.7777777777777778,0.7625,0.7,0.6875,0.7361728395061728,0.035742633055088645,69,0.7601246105919003,0.7694704049844237,0.7919254658385093,0.8167701863354038,0.7422360248447205,0.7761053385189915,0.025886068427599156,1752.0,1720.0,1776.0,1752.0,1760.0,1752.0,18.24280680158621,56,1752.0,1720.0,1776.0,1752.0,1760.0,1752.0,18.24280680158621,240.51851851851848,235.38271604938268,235.12500000000006,240.87500000000003,236.63750000000007,237.70774691358025,2.4961453372618285,41,239.01869158878506,235.61682242990648,238.99999999999997,238.04037267080744,235.11801242236027,237.35877982237184,1.6714624526377304,min_samples_leaf,param_min_samples_leaf,combined
55,0.31224427223205564,0.11141477366456598,0.19704847335815429,0.05310080771799847,0.01094762336962825,51,"{'min_samples_leaf': np.float64(0.01094762336962825), 'n_estimators': 51}",0.9135802469135802,0.9382716049382716,0.875,0.9,0.9625,0.9178703703703703,0.030277510349808766,9,0.9875389408099688,0.9875389408099688,0.9937888198757764,0.9875776397515528,0.9937888198757764,0.9900466322246088,0.0030555160980504596,8736.0,8832.0,8544.0,8392.0,8632.0,8627.2,152.34487191894578,16,8736.0,8832.0,8544.0,8392.0,8632.0,8627.2,152.34487191894578,305.5308641975308,293.9135802469136,283.05000000000007,302.7124999999999,298.9375,296.82888888888886,7.913839754344574,34,300.58566978193136,297.5046728971963,293.5372670807454,292.49378881987565,293.5155279503106,295.5273853060118,3.0563624218506926,min_samples_leaf,param_min_samples_leaf,combined
56,0.24181661605834961,0.0405473188116346,0.08243737220764161,0.003623641980586934,0.053538152047601664,57,"{'min_samples_leaf': np.float64(0.053538152047601664), 'n_estimators': 57}",0.8888888888888888,0.8765432098765432,0.8625,0.8375,0.9125,0.8755864197530864,0.02514881027268251,43,0.9221183800623053,0.9096573208722741,0.9254658385093167,0.9099378881987578,0.9037267080745341,0.9141812271434377,0.008223253278942504,3248.0,3232.0,3240.0,3176.0,3248.0,3228.8,27.05845524046042,38,3248.0,3232.0,3240.0,3176.0,3248.0,3228.8,27.05845524046042,254.6543209876544,247.4197530864198,243.83750000000006,254.61250000000007,249.05000000000004,249.91481481481486,4.205666603816448,38,252.17445482866037,248.59813084112145,249.46894409937886,249.49068322981364,246.8167701863354,249.30979663706194,1.731240221230149,min_samples_leaf,param_min_samples_leaf,combined
57,0.1978766918182373,0.07928057021731706,0.12107644081115723,0.06193058375238579,0.012397635640435972,32,"{'min_samples_leaf': np.float64(0.012397635640435972), 'n_estimators': 32}",0.9012345679012346,0.9259259259259259,0.875,0.925,0.9625,0.9179320987654321,0.0290589984767311,7,0.9875389408099688,0.9906542056074766,0.9813664596273292,0.9906832298136646,0.9875776397515528,0.9875640951219984,0.0033967421438315234,5424.0,5376.0,5368.0,5168.0,5296.0,5326.4,89.14168497397836,28,5424.0,5376.0,5368.0,5168.0,5296.0,5326.4,89.14168497397836,193.4197530864197,184.76543209876547,177.925,189.825,187.225,186.63203703703704,5.2137590025865235,49,189.93769470404973,187.411214953271,184.21118012422355,183.1894409937888,184.23602484472056,185.79711112401074,2.5100547631654178,min_samples_leaf,param_min_samples_leaf,combined
58,0.2697916507720947,0.10385372639034902,0.06439862251281739,0.01158449380677245,0.21570369546501783,62,"{'min_samples_leaf': np.float64(0.21570369546501783), 'n_estimators': 62}",0.5061728395061729,0.49382716049382713,0.5,0.5,0.5,0.5,0.0039040464940350537,83,0.4984423676012461,0.5015576323987538,0.5,0.5,0.5,0.5,0.0009851332274667674,496.0,496.0,496.0,496.0,504.0,497.6,3.2,85,496.0,496.0,496.0,496.0,504.0,497.6,3.2,124.0,124.0,124.0,124.0,124.6125,124.12249999999999,0.24499999999999886,73,124.0,124.0,124.0,124.0,124.69254658385093,124.13850931677018,0.2770186335403707,min_samples_leaf,param_min_samples_leaf,combined
59,0.531139612197876,0.2277464406391776,0.2690427303314209,0.038386980975147915,0.02572379364306623,95,"{'min_samples_leaf': np.float64(0.02572379364306623), 'n_estimators': 95}",0.8888888888888888,0.8888888888888888,0.8875,0.825,0.9375,0.8855555555555557,0.035752492790583734,32,0.9595015576323987,0.9470404984423676,0.953416149068323,0.9596273291925466,0.953416149068323,0.9546003366807918,0.0046743635999759265,10296.0,10264.0,10320.0,10016.0,10176.0,10214.4,110.55062188879806,8,10296.0,10264.0,10320.0,10016.0,10176.0,10214.4,110.55062188879806,509.59259259259244,492.7407407407407,482.53749999999997,502.81250000000006,497.8500000000001,497.1066666666667,9.168744202470837,3,504.16199376947026,497.09657320872265,497.0310559006212,491.4937888198758,491.42236024844715,496.2411543894274,4.68729429548301,min_samples_leaf,param_min_samples_leaf,combined
60,0.17946181297302247,0.07209066406107306,0.08351016044616699,0.0631413977628672,0.05573907360262973,36,"{'min_samples_leaf': np.float64(0.05573907360262973), 'n_estimators': 36}",0.8888888888888888,0.9135802469135802,0.8625,0.8375,0.9,0.8804938271604937,0.027268758688777213,39,0.9221183800623053,0.9158878504672897,0.9285714285714286,0.9037267080745341,0.8913043478260869,0.9123217430003289,0.013329283751466097,2064.0,2024.0,2056.0,2024.0,2048.0,2043.2,16.4730082255792,50,2064.0,2024.0,2056.0,2024.0,2048.0,2043.2,16.4730082255792,164.1728395061729,157.01234567901236,154.63750000000002,163.01250000000002,157.21250000000003,159.20953703703708,3.7098848541945983,58,162.34579439252335,158.17757009345794,158.2204968944099,159.4937888198758,156.43478260869563,158.93448656179254,1.9637242051874773,min_samples_leaf,param_min_samples_leaf,combined
61,0.25565333366394044,0.09295590193010586,0.08850202560424805,0.027842654082206677,0.08294885303814799,53,"{'min_samples_leaf': np.float64(0.08294885303814799), 'n_estimators': 53}",0.8641975308641975,0.8395061728395061,0.8375,0.7625,0.85,0.8307407407407407,0.03541071858925583,53,0.8660436137071651,0.8878504672897196,0.8975155279503105,0.8757763975155279,0.8571428571428571,0.876865772721116,0.014521536893594103,2000.0,1992.0,2008.0,2024.0,2080.0,2020.8,31.4350123270216,52,2000.0,1992.0,2008.0,2024.0,2080.0,2020.8,31.4350123270216,202.53086419753083,196.59259259259258,195.45000000000005,203.39999999999995,201.1874999999999,199.83219135802466,3.2108427670874593,46,201.30218068535828,197.5015576323988,198.83229813664593,200.21739130434784,200.00931677018633,199.57254890578741,1.2988602723095806,min_samples_leaf,param_min_samples_leaf,combined
62,0.21047816276550294,0.07720514390330328,0.07826786041259766,0.01670897862908709,0.02639505167915372,33,"{'min_samples_leaf': np.float64(0.02639505167915372), 'n_estimators': 33}",0.8765432098765432,0.9012345679012346,0.875,0.85,0.95,0.8905555555555555,0.03385485934538103,27,0.9470404984423676,0.9501557632398754,0.9658385093167702,0.9658385093167702,0.9565217391304348,0.9570790038892436,0.007777805183689921,3528.0,3520.0,3568.0,3456.0,3576.0,3529.6,42.75324549083964,35,3528.0,3520.0,3568.0,3456.0,3576.0,3529.6,42.75324549083964,179.37037037037032,171.61728395061724,167.82499999999996,175.88750000000002,174.65,173.8700308641975,3.9127876266322463,53,177.00934579439252,173.90031152647975,173.07763975155288,171.25776397515526,172.51552795031057,173.55211779957818,1.9306668114870678,min_samples_leaf,param_min_samples_leaf,combined
63,0.4014310836791992,0.10242027126218324,0.14627790451049805,0.0478133042421468,0.10528056513437428,96,"{'min_samples_leaf': np.float64(0.10528056513437428), 'n_estimators': 96}",0.8024691358024691,0.8024691358024691,0.8125,0.7625,0.775,0.7909876543209877,0.018939806704568077,60,0.8317757009345794,0.8504672897196262,0.8664596273291926,0.8695652173913043,0.8167701863354038,0.8470076043420212,0.020226264394629045,2832.0,2800.0,2736.0,2776.0,2792.0,2787.2,31.435012327021603,46,2832.0,2800.0,2736.0,2776.0,2792.0,2787.2,31.435012327021603,329.45679012345676,324.2962962962964,317.4500000000001,330.65,324.6624999999999,325.30311728395066,4.667712135896944,27,327.19314641744546,323.8598130841123,322.7018633540372,326.1428571428571,322.97515527950316,324.57456705559105,1.7828349388091789,min_samples_leaf,param_min_samples_leaf,combined
64,0.18091492652893065,0.05299044705502139,0.08675823211669922,0.02914373333662934,0.0334319623157619,33,"{'min_samples_leaf': np.float64(0.0334319623157619), 'n_estimators': 33}",0.8641975308641975,0.9135802469135802,0.8625,0.85,0.9125,0.8805555555555555,0.02697520270058581,38,0.9345794392523364,0.9376947040498442,0.9472049689440993,0.9472049689440993,0.9347826086956522,0.9402933379772064,0.005749973206652596,2912.0,2912.0,2880.0,2800.0,2912.0,2883.2,43.406911892001716,42,2912.0,2912.0,2880.0,2800.0,2912.0,2883.2,43.406911892001716,172.49382716049382,165.22222222222223,158.86249999999998,166.6375,166.00000000000003,165.8432098765432,4.335945715709652,55,169.86292834890966,166.7632398753894,163.54658385093165,162.86956521739134,164.1335403726708,165.43517153305856,2.5772907798687608,min_samples_leaf,param_min_samples_leaf,combined
65,0.06366991996765137,0.014154872814722474,0.03377633094787598,0.009640513705546527,0.02380782974803585,13,"{'min_samples_leaf': np.float64(0.02380782974803585), 'n_estimators': 13}",0.8641975308641975,0.9012345679012346,0.8625,0.825,0.9,0.8705864197530865,0.028244636444517142,45,0.940809968847352,0.9501557632398754,0.9472049689440993,0.9440993788819876,0.9440993788819876,0.9452738917590604,0.0031700882324713726,1504.0,1504.0,1480.0,1480.0,1496.0,1492.8,10.851727973000429,62,1504.0,1504.0,1480.0,1480.0,1496.0,1492.8,10.851727973000429,71.91358024691358,69.02469135802468,66.39999999999999,70.125,69.0125,69.29515432098765,1.7933075811124957,82,70.66043613707164,69.66666666666666,68.28260869565217,67.9472049689441,67.68322981366461,68.84802925639983,1.1351588840138187,min_samples_leaf,param_min_samples_leaf,combined
66,0.18599109649658202,0.051712908490478895,0.07358598709106445,0.025927653706466724,0.10508211417463996,39,"{'min_samples_leaf': np.float64(0.10508211417463996), 'n_estimators': 39}",0.7777777777777778,0.7654320987654321,0.8125,0.7125,0.7375,0.7611419753086419,0.03422801934580999,63,0.8130841121495327,0.8442367601246106,0.860248447204969,0.8074534161490683,0.8012422360248447,0.8252529943306051,0.02291937292771589,1152.0,1088.0,1088.0,1136.0,1112.0,1115.2,25.599999999999998,66,1152.0,1088.0,1088.0,1136.0,1112.0,1115.2,25.599999999999998,134.58024691358023,129.17283950617286,128.8125,134.45,131.03750000000002,131.61061728395063,2.489235970939964,68,133.34890965732086,129.61993769470405,131.02173913043478,132.8633540372671,130.17391304347825,131.405570712641,1.466594084791039,min_samples_leaf,param_min_samples_leaf,combined
67,0.16705050468444824,0.03647200773271757,0.08779878616333008,0.019453203418853107,0.01165571054141338,28,"{'min_samples_leaf': np.float64(0.01165571054141338), 'n_estimators': 28}",0.8888888888888888,0.9506172839506173,0.875,0.9,0.975,0.9179012345679013,0.03829698481443614,8,0.9906542056074766,0.9937694704049844,0.9813664596273292,0.9937888198757764,0.9875776397515528,0.989431319053424,0.0046428634829550315,4752.0,4728.0,4704.0,4536.0,4632.0,4670.4,78.28563086544044,31,4752.0,4728.0,4704.0,4536.0,4632.0,4670.4,78.28563086544044,169.37037037037032,162.25925925925927,155.70000000000002,166.7625,164.87499999999997,163.79342592592593,4.667862963948875,56,166.3177570093457,164.6760124610592,161.22981366459624,160.90062111801242,161.75155279503107,162.97515140960894,2.140701467101218,min_samples_leaf,param_min_samples_leaf,combined
68,0.061431264877319335,0.0163337272970774,0.035076141357421875,0.008456288346972035,0.011278088308543311,10,"{'min_samples_leaf': np.float64(0.011278088308543311), 'n_estimators': 10}",0.9012345679012346,0.9135802469135802,0.8875,0.875,0.9,0.8954629629629631,0.013147423616506275,23,0.9813084112149533,0.9844236760124611,0.968944099378882,0.9782608695652174,0.984472049689441,0.9794818211721908,0.0057479569330457616,1664.0,1680.0,1568.0,1560.0,1632.0,1620.8,48.950587330490734,59,1664.0,1680.0,1568.0,1560.0,1632.0,1620.8,48.950587330490734,60.58024691358025,56.66666666666667,55.025000000000006,59.275,56.9875,57.70688271604938,1.9752098345272178,86,59.6448598130841,57.37694704049844,56.59006211180123,57.102484472049696,55.885093167701854,57.31988932102706,1.2686446309009698,min_samples_leaf,param_min_samples_leaf,combined
69,0.3478123188018799,0.0817579566173503,0.1557473659515381,0.0710491209815654,0.06759263035584874,74,"{'min_samples_leaf': np.float64(0.06759263035584874), 'n_estimators': 74}",0.9012345679012346,0.8765432098765432,0.8375,0.8125,0.875,0.8605555555555554,0.03149579074461963,50,0.9252336448598131,0.9190031152647975,0.9130434782608695,0.9006211180124224,0.8726708074534162,0.9061144327702637,0.01859207713055945,3560.0,3528.0,3536.0,3440.0,3552.0,3523.2,43.111019472983934,36,3560.0,3528.0,3536.0,3440.0,3552.0,3523.2,43.111019472983934,309.97530864197546,300.16049382716045,298.3875000000001,309.0249999999999,302.7625000000001,304.0621604938272,4.662810072974733,31,307.04049844236766,301.48598130841117,304.57142857142856,304.1894409937889,301.527950310559,303.76305992531104,2.0860328824909815,min_samples_leaf,param_min_samples_leaf,combined
70,0.47298588752746584,0.0913886337487613,0.31173362731933596,0.09708136436307686,0.02261102358719981,87,"{'min_samples_leaf': np.float64(0.02261102358719981), 'n_estimators': 87}",0.9012345679012346,0.9012345679012346,0.8875,0.875,0.9375,0.9004938271604939,0.020925243078556158,20,0.9595015576323987,0.9626168224299065,0.9658385093167702,0.9658385093167702,0.9658385093167702,0.9639267816025232,0.0025401853782724775,10360.0,10248.0,10320.0,10088.0,10272.0,10257.6,93.21287464722886,7,10360.0,10248.0,10320.0,10088.0,10272.0,10257.6,93.21287464722886,478.074074074074,461.9259259259258,451.4874999999999,470.26250000000005,468.78749999999997,466.10749999999996,8.931688326484228,4,471.76635514018676,467.44236760124596,465.31987577639757,460.4813664596275,461.9254658385093,465.3870861631934,4.0242433522029275,min_samples_leaf,param_min_samples_leaf,combined
71,0.3568268299102783,0.1144451582495006,0.07972426414489746,0.02668798999627499,0.24293542515508845,63,"{'min_samples_leaf': np.float64(0.24293542515508845), 'n_estimators': 63}",0.5061728395061729,0.49382716049382713,0.5,0.5,0.5,0.5,0.0039040464940350537,83,0.4984423676012461,0.5015576323987538,0.5,0.5,0.5,0.5,0.0009851332274667674,504.0,504.0,504.0,504.0,504.0,504.0,0.0,82,504.0,504.0,504.0,504.0,504.0,504.0,0.0,126.0,126.0,126.0,126.0,126.0,126.0,0.0,70,126.0,126.0,126.0,126.0,126.0,126.0,0.0,min_samples_leaf,param_min_samples_leaf,combined
72,0.32203197479248047,0.08838399171718317,0.08091592788696289,0.01661176947562608,0.26175641609349565,79,"{'min_samples_leaf': np.float64(0.26175641609349565), 'n_estimators': 79}",0.5061728395061729,0.49382716049382713,0.5,0.5,0.5,0.5,0.0039040464940350537,83,0.4984423676012461,0.5015576323987538,0.5,0.5,0.5,0.5,0.0009851332274667674,632.0,632.0,632.0,632.0,632.0,632.0,0.0,78,632.0,632.0,632.0,632.0,632.0,632.0,0.0,158.0,158.0,158.0,158.0,158.0,158.0,0.0,60,158.0,158.0,158.0,158.0,158.0,158.0,0.0,min_samples_leaf,param_min_samples_leaf,combined
73,0.09685139656066895,0.014812190526373567,0.03188104629516601,0.005318747257852038,0.10505428350504899,20,"{'min_samples_leaf': np.float64(0.10505428350504899), 'n_estimators': 20}",0.7777777777777778,0.7160493827160493,0.7875,0.725,0.7625,0.7537654320987655,0.028428355414201606,65,0.7819314641744548,0.7694704049844237,0.860248447204969,0.8229813664596274,0.8074534161490683,0.8084170197945086,0.031993340103343926,568.0,552.0,568.0,608.0,568.0,572.8,18.65904606350496,81,568.0,552.0,568.0,608.0,568.0,572.8,18.65904606350496,67.79012345679011,65.85185185185185,65.6625,70.7375,67.36250000000001,67.48089506172839,1.8262232993307372,83,67.5233644859813,66.01869158878505,66.6304347826087,69.82298136645963,66.65527950310559,67.33015034538805,1.3354036690507718,min_samples_leaf,param_min_samples_leaf,combined
74,0.24544034004211426,0.06478023950710371,0.05675768852233887,0.006225806129306759,0.14148248188377477,52,"{'min_samples_leaf': np.float64(0.14148248188377477), 'n_estimators': 52}",0.6666666666666666,0.6296296296296297,0.6625,0.675,0.7,0.6667592592592593,0.02266987389558443,75,0.6573208722741433,0.6542056074766355,0.6739130434782609,0.7453416149068323,0.7142857142857143,0.6890133704843173,0.035371110146641606,992.0,952.0,976.0,968.0,976.0,972.8,12.998461447417537,68,992.0,952.0,976.0,968.0,976.0,972.8,12.998461447417537,149.80246913580245,145.0864197530864,145.36249999999995,148.34999999999997,146.02499999999998,146.92527777777775,1.840773577387192,65,148.85981308411218,145.34267912772586,147.49689440993788,146.53726708074535,145.40062111801242,146.72745496410673,1.3306578685670738,min_samples_leaf,param_min_samples_leaf,combined
75,0.351138973236084,0.08322745221740321,0.19633903503417968,0.030621411248757658,0.017067515063858996,64,"{'min_samples_leaf': np.float64(0.017067515063858996), 'n_estimators': 64}",0.9012345679012346,0.9259259259259259,0.8875,0.9,0.9375,0.9104320987654322,0.018395838495489727,14,0.9657320872274143,0.9657320872274143,0.968944099378882,0.9720496894409938,0.9720496894409938,0.9689015305431397,0.002825397772393995,9136.0,9152.0,9112.0,8728.0,9088.0,9043.2,159.08538587815036,12,9136.0,9152.0,9112.0,8728.0,9088.0,9043.2,159.08538587815036,368.13580246913585,353.7160493827161,346.125,358.6,360.01250000000005,357.31787037037043,7.268920162948203,19,363.09034267912796,358.76635514018704,356.9472049689441,349.7298136645964,355.0403726708076,356.7148178247326,4.393271582798693,min_samples_leaf,param_min_samples_leaf,combined
76,0.24930481910705565,0.037589491670239526,0.10949153900146484,0.045886274746514306,0.06746118311828907,60,"{'min_samples_leaf': np.float64(0.06746118311828907), 'n_estimators': 60}",0.9135802469135802,0.8641975308641975,0.8375,0.8125,0.8875,0.8630555555555555,0.03566659508815125,49,0.9190031152647975,0.9065420560747663,0.9130434782608695,0.9037267080745341,0.8757763975155279,0.9036183510380992,0.01489468470172026,2912.0,2848.0,2864.0,2768.0,2880.0,2854.4,48.1065484107933,43,2912.0,2848.0,2864.0,2768.0,2880.0,2854.4,48.1065484107933,252.6913580246914,241.97530864197523,241.73750000000007,249.84999999999997,246.01250000000007,246.45333333333332,4.311297245294153,39,250.23052959501555,243.6884735202492,246.4347826086956,245.90683229813666,244.64596273291926,246.18131615100327,2.2408610240689417,min_samples_leaf,param_min_samples_leaf,combined
77,0.06417660713195801,0.017807551430831094,0.021274328231811523,0.0038257328714633434,0.2480873047304182,13,"{'min_samples_leaf': np.float64(0.2480873047304182), 'n_estimators': 13}",0.5061728395061729,0.49382716049382713,0.5,0.5,0.5,0.5,0.0039040464940350537,83,0.4984423676012461,0.5015576323987538,0.5,0.5,0.5,0.5,0.0009851332274667674,104.0,104.0,104.0,104.0,104.0,104.0,0.0,99,104.0,104.0,104.0,104.0,104.0,104.0,0.0,26.0,26.0,26.0,26.0,26.0,26.0,0.0,96,26.0,26.0,26.0,26.0,26.0,26.0,0.0,min_samples_leaf,param_min_samples_leaf,combined
78,0.06317815780639649,0.022857002651961177,0.02255082130432129,0.0031354141600261677,0.06485855490342204,12,"{'min_samples_leaf': np.float64(0.06485855490342204), 'n_estimators': 12}",0.8148148148148148,0.8765432098765432,0.85,0.775,0.825,0.8282716049382716,0.03415237469715182,54,0.8753894080996885,0.9127725856697819,0.9006211180124224,0.8726708074534162,0.8571428571428571,0.8837193552756333,0.020137171906111844,592.0,584.0,600.0,584.0,584.0,588.8,6.4,80,592.0,584.0,600.0,584.0,584.0,588.8,6.4,52.407407407407405,49.0,49.0,50.4,49.4375,50.048981481481476,1.285303135264163,87,51.70716510903427,49.26168224299065,50.14596273291926,49.72981366459627,48.940993788819874,49.95712350767206,0.9660366227432388,min_samples_leaf,param_min_samples_leaf,combined
79,0.32186384201049806,0.029724180123631726,0.14791493415832518,0.01690445148853917,0.06547841842200207,82,"{'min_samples_leaf': np.float64(0.06547841842200207), 'n_estimators': 82}",0.9012345679012346,0.8765432098765432,0.85,0.8125,0.8875,0.8655555555555555,0.031407471707753105,47,0.9190031152647975,0.9221183800623053,0.9161490683229814,0.9037267080745341,0.8819875776397516,0.908596969872874,0.01469646074011935,3952.0,3904.0,3920.0,3808.0,3952.0,3907.2,52.969425143189916,34,3952.0,3904.0,3920.0,3808.0,3952.0,3907.2,52.969425143189916,344.0123456790125,333.5679012345679,330.8000000000002,341.7499999999999,336.78750000000014,337.38354938271607,4.9247213010023865,23,341.1557632398754,334.613707165109,337.6024844720497,336.7888198757764,335.0745341614907,337.0470617828602,2.3267441123559833,min_samples_leaf,param_min_samples_leaf,combined
80,0.15143923759460448,0.031059313581523654,0.08151078224182129,0.018683030283210927,0.010495887932623005,25,"{'min_samples_leaf': np.float64(0.010495887932623005), 'n_estimators': 25}",0.8888888888888888,0.9382716049382716,0.875,0.8875,0.9625,0.9104320987654322,0.03385713842431444,14,0.9906542056074766,0.9844236760124611,0.984472049689441,0.9906832298136646,0.9906832298136646,0.9881832781873416,0.003050010624915312,4256.0,4232.0,4224.0,4040.0,4136.0,4177.6,79.90394233077615,33,4256.0,4232.0,4224.0,4040.0,4136.0,4177.6,79.90394233077615,150.56790123456787,144.13580246913583,139.325,147.92499999999998,145.83749999999998,145.55824074074073,3.7855740425235473,66,147.9065420560747,146.61993769470405,143.8726708074534,142.86024844720498,142.66149068322983,144.78417793773343,2.1051044005619435,min_samples_leaf,param_min_samples_leaf,combined
81,0.32715368270874023,0.009076461391448083,0.19329938888549805,0.03986021428287395,0.030503854297298433,81,"{'min_samples_leaf': np.float64(0.030503854297298433), 'n_estimators': 81}",0.8888888888888888,0.9135802469135802,0.8625,0.825,0.9375,0.8854938271604939,0.03922559022910715,35,0.956386292834891,0.9470404984423676,0.9472049689440993,0.9472049689440993,0.9409937888198758,0.9477661035970666,0.004926015772920476,7928.0,7928.0,8000.0,7752.0,7880.0,7897.6,82.27174484596762,19,7928.0,7928.0,8000.0,7752.0,7880.0,7897.6,82.27174484596762,424.9382716049381,412.50617283950623,403.60000000000014,419.0,412.6374999999998,414.5363888888889,7.147798910688586,12,419.76012461059196,416.1962616822427,415.0900621118011,409.78260869565213,408.3571428571429,413.83723999148606,4.211569977118853,min_samples_leaf,param_min_samples_leaf,combined
82,0.3006862163543701,0.0474514874811291,0.1428534507751465,0.014299217548286053,0.03500192031570108,61,"{'min_samples_leaf': np.float64(0.03500192031570108), 'n_estimators': 61}",0.8888888888888888,0.9012345679012346,0.8625,0.8375,0.9375,0.8855246913580246,0.03404719708470577,34,0.940809968847352,0.9376947040498442,0.9409937888198758,0.9347826086956522,0.9316770186335404,0.937191617809253,0.0035781613538963643,4984.0,4912.0,4976.0,4800.0,4896.0,4913.6,66.43372637448543,30,4984.0,4912.0,4976.0,4800.0,4896.0,4913.6,66.43372637448543,306.82716049382714,293.46913580246917,287.52500000000003,302.1124999999999,296.74999999999994,297.3367592592593,6.69998257623639,33,302.27102803738313,295.816199376947,296.1055900621119,294.273291925466,293.2826086956522,296.349743619512,3.134481068839172,min_samples_leaf,param_min_samples_leaf,combined
83,0.2838707447052002,0.064816785382295,0.165472412109375,0.02114868788793053,0.010491390684237222,52,"{'min_samples_leaf': np.float64(0.010491390684237222), 'n_estimators': 52}",0.9135802469135802,0.9382716049382716,0.875,0.9125,0.9625,0.9203703703703704,0.02919547535374146,5,0.9875389408099688,0.9875389408099688,0.9937888198757764,0.9875776397515528,0.9937888198757764,0.9900466322246088,0.0030555160980504596,8904.0,9024.0,8720.0,8568.0,8800.0,8803.2,155.6693932666277,15,8904.0,9024.0,8720.0,8568.0,8800.0,8803.2,155.6693932666277,311.28395061728384,300.0123456790124,288.80000000000007,308.5374999999999,304.55,302.63675925925924,7.894258714314356,32,306.27414330218056,303.6947040498443,299.4875776397516,298.2732919254657,299.07453416149076,301.36085021574655,3.093759205624694,min_samples_leaf,param_min_samples_leaf,combined
84,0.18254303932189941,0.028348057835779174,0.10977821350097657,0.02308142724194156,0.010842512771472622,36,"{'min_samples_leaf': np.float64(0.010842512771472622), 'n_estimators': 36}",0.9012345679012346,0.9382716049382716,0.875,0.925,0.9625,0.9204012345679013,0.030137810282040243,4,0.9875389408099688,0.9906542056074766,0.9875776397515528,0.9906832298136646,0.9875776397515528,0.9888063311468432,0.0015207256151917317,6144.0,6088.0,6008.0,5824.0,5944.0,6001.6,111.93140756731329,26,6144.0,6088.0,6008.0,5824.0,5944.0,6001.6,111.93140756731329,217.3209876543209,207.02469135802474,198.87500000000003,213.6375,209.625,209.2966358024691,6.278747837393851,45,213.17445482866032,210.11214953271028,206.41614906832294,206.1428571428571,206.248447204969,208.4188115555039,2.806586659508244,min_samples_leaf,param_min_samples_leaf,combined
85,0.307786226272583,0.045208490237232356,0.1718106746673584,0.026791648069939406,0.021937738137976334,69,"{'min_samples_leaf': np.float64(0.021937738137976334), 'n_estimators': 69}",0.9012345679012346,0.9012345679012346,0.8875,0.85,0.9375,0.8954938271604937,0.028156776617745165,22,0.9626168224299065,0.9595015576323987,0.9565217391304348,0.9658385093167702,0.9596273291925466,0.9608211915404115,0.0031638520807001852,8200.0,8072.0,8176.0,7984.0,8160.0,8118.4,79.90394233077615,18,8200.0,8072.0,8176.0,7984.0,8160.0,8118.4,79.90394233077615,379.50617283950606,363.8888888888888,356.67499999999995,373.0375000000001,372.22499999999985,369.066512345679,7.938370882152855,17,373.8473520249221,367.9376947040498,367.4813664596274,365.1118012422362,366.4409937888198,368.16384164393105,3.0034100756267006,min_samples_leaf,param_min_samples_leaf,combined
86,0.09506902694702149,0.03021514920000692,0.025230026245117186,0.004367214779774983,0.2998436012808142,25,"{'min_samples_leaf': np.float64(0.2998436012808142), 'n_estimators': 25}",0.5061728395061729,0.49382716049382713,0.5,0.5,0.5,0.5,0.0039040464940350537,83,0.4984423676012461,0.5015576323987538,0.5,0.5,0.5,0.5,0.0009851332274667674,200.0,200.0,200.0,200.0,200.0,200.0,0.0,92,200.0,200.0,200.0,200.0,200.0,200.0,0.0,49.0,49.0,49.0,49.0,49.0,49.0,0.0,89,49.0,49.0,49.0,49.0,49.0,49.0,0.0,min_samples_leaf,param_min_samples_leaf,combined
87,0.26651201248168943,0.04546952426742658,0.074273681640625,0.010990844108844749,0.3045086185203119,84,"{'min_samples_leaf': np.float64(0.3045086185203119), 'n_estimators': 84}",0.5061728395061729,0.49382716049382713,0.5,0.5,0.5,0.5,0.0039040464940350537,83,0.4984423676012461,0.5015576323987538,0.5,0.5,0.5,0.5,0.0009851332274667674,672.0,672.0,672.0,672.0,672.0,672.0,0.0,77,672.0,672.0,672.0,672.0,672.0,672.0,0.0,160.0,160.0,157.0,157.0,157.0,158.2,1.469693845669907,59,160.0,160.0,157.0,157.0,157.0,158.2,1.469693845669907,min_samples_leaf,param_min_samples_leaf,combined
88,0.35699191093444826,0.051412318383609046,0.11510424613952637,0.024545237158762428,0.10778407921634751,87,"{'min_samples_leaf': np.float64(0.10778407921634751), 'n_estimators': 87}",0.7654320987654321,0.8148148148148148,0.8125,0.75,0.75,0.7785493827160493,0.029223359233488167,61,0.838006230529595,0.8535825545171339,0.8695652173913043,0.8664596273291926,0.8167701863354038,0.8488767632205259,0.019536194502677975,2416.0,2464.0,2416.0,2464.0,2456.0,2443.2,22.400000000000002,48,2416.0,2464.0,2416.0,2464.0,2456.0,2443.2,22.400000000000002,290.6790123456789,289.93827160493845,284.95000000000005,295.06249999999994,290.4375,290.2134567901235,3.2112259856351177,35,289.21495327102804,289.90654205607495,289.79192546583846,291.24223602484466,288.37888198757776,289.7069077610728,0.9391471039984789,min_samples_leaf,param_min_samples_leaf,combined
89,0.341875696182251,0.021839780756816515,0.2677563190460205,0.02729330653816258,0.010447228230914816,79,"{'min_samples_leaf': np.float64(0.010447228230914816), 'n_estimators': 79}",0.9259259259259259,0.9382716049382716,0.875,0.9125,0.9625,0.9228395061728396,0.0290384371775475,1,0.9906542056074766,0.9968847352024922,0.9906832298136646,0.9906832298136646,0.9937888198757764,0.9925388440626148,0.0024854649432874045,13472.0,13560.0,13320.0,12944.0,13392.0,13337.6,212.46891537352,2,13472.0,13560.0,13320.0,12944.0,13392.0,13337.6,212.46891537352,470.2716049382715,458.6913580246914,439.2750000000002,466.3249999999999,461.0499999999999,459.1225925925925,10.714503656582373,5,463.4890965732085,463.2647975077883,455.8540372670808,453.4161490683229,453.63354037267095,457.93152415781435,4.527861401925131,min_samples_leaf,param_min_samples_leaf,combined
90,0.11270074844360352,0.01159977625632249,0.03268928527832031,0.006081464668984792,0.24890859532803988,35,"{'min_samples_leaf': np.float64(0.24890859532803988), 'n_estimators': 35}",0.5061728395061729,0.49382716049382713,0.5,0.5,0.5,0.5,0.0039040464940350537,83,0.4984423676012461,0.5015576323987538,0.5,0.5,0.5,0.5,0.0009851332274667674,280.0,280.0,280.0,280.0,280.0,280.0,0.0,88,280.0,280.0,280.0,280.0,280.0,280.0,0.0,70.0,70.0,70.0,70.0,70.0,70.0,0.0,81,70.0,70.0,70.0,70.0,70.0,70.0,0.0,min_samples_leaf,param_min_samples_leaf,combined
91,0.27199325561523435,0.026621719208309448,0.0902186393737793,0.013773331600113433,0.13541416865107328,82,"{'min_samples_leaf': np.float64(0.13541416865107328), 'n_estimators': 82}",0.6790123456790124,0.7037037037037037,0.65,0.7125,0.6625,0.6815432098765432,0.023721018303249297,73,0.6822429906542056,0.6791277258566978,0.7018633540372671,0.7919254658385093,0.7111801242236024,0.7132679321220564,0.0411084702473654,1640.0,1608.0,1680.0,1656.0,1640.0,1644.8,23.515101530718507,58,1640.0,1608.0,1680.0,1656.0,1640.0,1644.8,23.515101530718507,241.18518518518502,235.93827160493822,237.11250000000007,242.30000000000004,237.0875,238.72469135802467,2.5250961691368565,40,239.4423676012461,236.27414330218068,241.0621118012422,239.1366459627328,235.6987577639752,238.32280528627538,2.0249542183004268,min_samples_leaf,param_min_samples_leaf,combined
92,0.05687112808227539,0.003576857502191325,0.017043685913085936,0.002376941033452911,0.28615587437076073,17,"{'min_samples_leaf': np.float64(0.28615587437076073), 'n_estimators': 17}",0.5061728395061729,0.49382716049382713,0.5,0.5,0.5,0.5,0.0039040464940350537,83,0.4984423676012461,0.5015576323987538,0.5,0.5,0.5,0.5,0.0009851332274667674,136.0,136.0,136.0,136.0,136.0,136.0,0.0,96,136.0,136.0,136.0,136.0,136.0,136.0,0.0,34.0,34.0,34.0,34.0,34.0,34.0,0.0,93,34.0,34.0,34.0,34.0,34.0,34.0,0.0,min_samples_leaf,param_min_samples_leaf,combined
93,0.21359996795654296,0.022237524566126505,0.0674412727355957,0.008841017733142286,0.14507513371615455,66,"{'min_samples_leaf': np.float64(0.14507513371615455), 'n_estimators': 66}",0.6666666666666666,0.6666666666666666,0.6375,0.6625,0.6625,0.6591666666666667,0.010992421631894103,76,0.6666666666666666,0.6573208722741433,0.6708074534161491,0.7422360248447205,0.6925465838509317,0.6859155202105223,0.030438121436367965,1216.0,1176.0,1192.0,1184.0,1192.0,1192.0,13.386560424545209,65,1216.0,1176.0,1192.0,1184.0,1192.0,1192.0,13.386560424545209,187.22222222222217,181.86419753086417,181.6375,185.89999999999998,182.78749999999997,183.88228395061728,2.2599400609369145,50,185.8255451713396,182.3489096573209,184.22049689440996,183.70496894409936,182.10248447204975,183.64048102784392,1.3526767846600527,min_samples_leaf,param_min_samples_leaf,combined
94,0.05104503631591797,0.0010084244914537075,0.017949724197387697,0.0017452571857924123,0.26095664629805976,15,"{'min_samples_leaf': np.float64(0.26095664629805976), 'n_estimators': 15}",0.5061728395061729,0.49382716049382713,0.5,0.5,0.5,0.5,0.0039040464940350537,83,0.4984423676012461,0.5015576323987538,0.5,0.5,0.5,0.5,0.0009851332274667674,120.0,120.0,120.0,120.0,120.0,120.0,0.0,98,120.0,120.0,120.0,120.0,120.0,120.0,0.0,30.0,30.0,30.0,30.0,30.0,30.0,0.0,94,30.0,30.0,30.0,30.0,30.0,30.0,0.0,min_samples_leaf,param_min_samples_leaf,combined
95,0.21145997047424317,0.016509886559004195,0.07507791519165039,0.010090728017404009,0.09908698256918434,62,"{'min_samples_leaf': np.float64(0.09908698256918434), 'n_estimators': 62}",0.8641975308641975,0.7901234567901234,0.8,0.7625,0.7625,0.7958641975308642,0.03727155688864527,59,0.8411214953271028,0.8660436137071651,0.8695652173913043,0.8633540372670807,0.8136645962732919,0.850749791993189,0.021046634185677253,1944.0,1960.0,1928.0,1944.0,1952.0,1945.6,10.61319932913728,53,1944.0,1960.0,1928.0,1944.0,1952.0,1945.6,10.61319932913728,218.22222222222229,215.25925925925935,212.86250000000004,220.72499999999994,215.79999999999998,216.5737962962963,2.685155070073751,44,216.80062305295948,215.6978193146417,216.21118012422355,217.26397515527955,214.9782608695652,216.1903717033339,0.8046470780504037,min_samples_leaf,param_min_samples_leaf,combined
96,0.03485956192016602,0.0019131430859902004,0.012241411209106445,0.0015033497327130163,0.22481193489510864,10,"{'min_samples_leaf': np.float64(0.22481193489510864), 'n_estimators': 10}",0.5061728395061729,0.49382716049382713,0.5,0.5,0.5,0.5,0.0039040464940350537,83,0.4984423676012461,0.5015576323987538,0.5,0.5,0.5,0.5,0.0009851332274667674,80.0,80.0,80.0,80.0,80.0,80.0,0.0,100,80.0,80.0,80.0,80.0,80.0,80.0,0.0,20.0,20.0,20.0,20.0,20.0,20.0,0.0,100,20.0,20.0,20.0,20.0,20.0,20.0,0.0,min_samples_leaf,param_min_samples_leaf,combined
97,0.17389020919799805,0.013916327190251047,0.04771714210510254,0.004469255475031579,0.3242879659744601,60,"{'min_samples_leaf': np.float64(0.3242879659744601), 'n_estimators': 60}",0.5061728395061729,0.49382716049382713,0.5,0.5,0.5,0.5,0.0039040464940350537,83,0.4984423676012461,0.5015576323987538,0.5,0.5,0.5,0.5,0.0009851332274667674,480.0,480.0,480.0,480.0,480.0,480.0,0.0,87,480.0,480.0,480.0,480.0,480.0,480.0,0.0,65.0,65.0,65.0,65.0,65.0,65.0,0.0,85,65.0,65.0,65.0,65.0,65.0,65.0,0.0,min_samples_leaf,param_min_samples_leaf,combined
98,0.2026825428009033,0.017994050048036822,0.057070255279541016,0.0048166885384571725,0.169646199259705,61,"{'min_samples_leaf': np.float64(0.169646199259705), 'n_estimators': 61}",0.6296296296296297,0.5679012345679012,0.6,0.625,0.5625,0.5970061728395062,0.027909427399785094,81,0.6199376947040498,0.5607476635514018,0.6335403726708074,0.6925465838509317,0.6304347826086957,0.6274414194771774,0.041926609321495494,936.0,920.0,904.0,928.0,904.0,918.4,12.799999999999999,72,936.0,920.0,904.0,928.0,904.0,918.4,12.799999999999999,159.7407407407407,155.91358024691357,153.76250000000002,159.29999999999993,155.51249999999993,156.84586419753083,2.3046579338304403,62,158.7289719626168,156.3769470404984,155.41925465838517,157.81366459627324,154.90372670807454,156.64851299316965,1.436314107896413,min_samples_leaf,param_min_samples_leaf,combined
99,0.21945276260375976,0.01505643054837815,0.11158108711242676,0.0031274498565405278,0.011838572892305142,59,"{'min_samples_leaf': np.float64(0.011838572892305142), 'n_estimators': 59}",0.9135802469135802,0.9382716049382716,0.875,0.9125,0.9625,0.9203703703703704,0.02919547535374146,5,0.9844236760124611,0.9844236760124611,0.9906832298136646,0.9875776397515528,0.9906832298136646,0.9875582902807608,0.0027993742798235128,10120.0,10232.0,9920.0,9680.0,9992.0,9988.8,187.8620770671931,9,10120.0,10232.0,9920.0,9680.0,9992.0,9988.8,187.8620770671931,352.60493827160474,340.4197530864198,326.8750000000001,349.2749999999999,345.5874999999999,342.9524382716049,8.999862321128393,21,346.7850467289718,344.5420560747664,339.0372670807454,337.60869565217376,339.00000000000006,341.39461310733145,3.5940950199653403,min_samples_leaf,param_min_samples_leaf,combined
