,mean_fit_time,std_fit_time,mean_score_time,std_score_time,param_max_depth,param_n_estimators,params,split0_test_accuracy,split1_test_accuracy,split2_test_accuracy,split3_test_accuracy,split4_test_accuracy,mean_test_accuracy,std_test_accuracy,rank_test_accuracy,split0_train_accuracy,split1_train_accuracy,split2_train_accuracy,split3_train_accuracy,split4_train_accuracy,mean_train_accuracy,std_train_accuracy,split0_test_size,split1_test_size,split2_test_size,split3_test_size,split4_test_size,mean_test_size,std_test_size,rank_test_size,split0_train_size,split1_train_size,split2_train_size,split3_train_size,split4_train_size,mean_train_size,std_train_size,split0_test_compute,split1_test_compute,split2_test_compute,split3_test_compute,split4_test_compute,mean_test_compute,std_test_compute,rank_test_compute,split0_train_compute,split1_train_compute,split2_train_compute,split3_train_compute,split4_train_compute,mean_train_compute,std_train_compute,depth_param_type,depth_param_value,feature_set
0,0.023135042190551756,0.0014636788510948141,0.007722806930541992,0.0004007208350849148,1,6,"{'max_depth': 1, 'n_estimators': 6}",0.5308641975308642,0.49382716049382713,0.5,0.5,0.5,0.5049382716049383,0.013181578088927559,94,0.5545171339563862,0.5015576323987538,0.5,0.5,0.5,0.511214953271028,0.02165949320345007,48.0,48.0,48.0,48.0,48.0,48.0,0.0,100,48.0,48.0,48.0,48.0,48.0,48.0,0.0,12.0,12.0,12.0,12.0,12.0,12.0,0.0,100,12.0,12.0,12.0,12.0,12.0,12.0,0.0,max_depth,param_max_depth,combined
1,0.04498534202575684,0.003109897050658848,0.02491731643676758,0.0013991847724192802,7,10,"{'max_depth': 7, 'n_estimators': 10}",0.8641975308641975,0.9506172839506173,0.9125,0.8625,0.9125,0.900462962962963,0.033351475401343575,55,0.9906542056074766,0.9875389408099688,0.9906832298136646,0.9968944099378882,0.9968944099378882,0.9925330392213774,0.00373994488168198,2000.0,2136.0,2048.0,1936.0,2160.0,2056.0,83.4457907865939,78,2000.0,2136.0,2048.0,1936.0,2160.0,2056.0,83.4457907865939,61.53086419753086,58.7283950617284,56.7375,58.925,58.46249999999999,58.876851851851846,1.5373127851465669,94,60.75077881619937,59.36760124610592,58.440993788819874,57.05900621118013,56.96894409937889,58.51746483233684,1.4311735815795101,max_depth,param_max_depth,combined
2,0.10413661003112792,0.023939525868235747,0.10253100395202637,0.07061042320321845,8,21,"{'max_depth': 8, 'n_estimators': 21}",0.9382716049382716,0.9382716049382716,0.875,0.875,0.9375,0.9128086419753085,0.030871912615981777,41,1.0,1.0,1.0,1.0,0.9968944099378882,0.9993788819875776,0.0012422360248447006,4848.0,4856.0,4896.0,4664.0,4864.0,4825.6,82.42717998330404,51,4848.0,4856.0,4896.0,4664.0,4864.0,4825.6,82.42717998330404,132.60493827160494,126.38271604938274,122.6,130.11249999999998,129.11249999999998,128.16253086419752,3.4219671229610613,70,131.22741433021804,128.23676012461058,126.2360248447205,126.09006211180125,126.04037267080744,127.56612681643155,2.006521331705303,max_depth,param_max_depth,combined
3,0.325946569442749,0.15264830790314207,0.11192388534545898,0.06017025554146042,1,63,"{'max_depth': 1, 'n_estimators': 63}",0.5061728395061729,0.49382716049382713,0.5,0.5,0.5,0.5,0.0039040464940350537,95,0.4984423676012461,0.5015576323987538,0.5,0.5,0.5,0.5,0.0009851332274667674,504.0,504.0,504.0,504.0,504.0,504.0,0.0,94,504.0,504.0,504.0,504.0,504.0,504.0,0.0,126.0,126.0,126.0,126.0,126.0,126.0,0.0,71,126.0,126.0,126.0,126.0,126.0,126.0,0.0,max_depth,param_max_depth,combined
4,0.2509279251098633,0.08474017730220611,0.16043486595153808,0.09478086389783197,8,28,"{'max_depth': 8, 'n_estimators': 28}",0.9259259259259259,0.9382716049382716,0.875,0.9,0.9625,0.9203395061728395,0.030330320878265864,30,1.0,1.0,1.0,1.0,1.0,1.0,0.0,6384.0,6496.0,6504.0,6064.0,6472.0,6384.0,165.58260778233927,38,6384.0,6496.0,6504.0,6064.0,6472.0,6384.0,165.58260778233927,176.2716049382716,170.66666666666669,164.02499999999998,173.5625,173.325,171.57015432098765,4.168889690016189,56,173.77570093457942,173.23676012461058,169.23291925465838,167.69565217391303,168.72670807453412,170.5335481124591,2.483097654585169,max_depth,param_max_depth,combined
5,0.03715195655822754,0.003892577897905886,0.02148780822753906,0.0014721888955894072,7,7,"{'max_depth': 7, 'n_estimators': 7}",0.8518518518518519,0.9382716049382716,0.9125,0.8625,0.8875,0.8905246913580248,0.03178931438500582,58,0.9813084112149533,0.9875389408099688,0.9875776397515528,0.9906832298136646,0.9875776397515528,0.9869371722683384,0.0030626269998420257,1352.0,1472.0,1424.0,1360.0,1496.0,1420.8,57.82179519869649,82,1352.0,1472.0,1424.0,1360.0,1496.0,1420.8,57.82179519869649,43.925925925925924,41.111111111111114,39.4125,41.75,40.5875,41.35740740740741,1.4958275588228342,98,43.49221183800623,41.426791277258566,40.46583850931677,40.28260869565218,39.45031055900622,41.023552175847996,1.3850641328196265,max_depth,param_max_depth,combined
6,0.1754021167755127,0.022420963206689914,0.12164769172668458,0.038006352012636684,8,29,"{'max_depth': 8, 'n_estimators': 29}",0.9259259259259259,0.9382716049382716,0.875,0.9,0.95,0.9178395061728395,0.027094757711460846,35,1.0,1.0,1.0,1.0,1.0,1.0,0.0,6608.0,6752.0,6736.0,6272.0,6704.0,6614.4,178.3407973515875,37,6608.0,6752.0,6736.0,6272.0,6704.0,6614.4,178.3407973515875,182.29629629629628,176.81481481481484,169.42499999999998,179.525,178.825,177.3772222222222,4.346502961836851,54,179.7352024922118,179.35825545171338,174.9223602484472,173.7701863354037,174.20186335403722,176.39757357636262,2.600229428499737,max_depth,param_max_depth,combined
7,0.30303254127502444,0.06311955670509643,0.21213788986206056,0.021833821353129827,7,63,"{'max_depth': 7, 'n_estimators': 63}",0.9382716049382716,0.9382716049382716,0.8875,0.9,0.9625,0.9253086419753085,0.027529237896936048,20,0.9968847352024922,1.0,1.0,1.0,1.0,0.9993769470404985,0.0012461059190031153,12752.0,13728.0,13304.0,12304.0,13656.0,13148.8,545.5178823833368,18,12752.0,13728.0,13304.0,12304.0,13656.0,13148.8,545.5178823833368,383.9876543209876,375.13580246913585,363.54999999999995,376.92499999999995,382.69999999999993,376.4596913580247,7.269676790624611,20,378.0155763239875,379.4112149532711,373.73291925465844,366.7173913043478,373.8198757763976,374.33939552253247,4.426518274109969,max_depth,param_max_depth,combined
8,0.34565167427062987,0.030717459229308727,0.2536141395568848,0.0341339716038293,6,72,"{'max_depth': 6, 'n_estimators': 72}",0.9135802469135802,0.9382716049382716,0.9,0.9,0.9625,0.9228703703703702,0.024249204714362763,23,0.9968847352024922,0.9968847352024922,0.9968944099378882,1.0,1.0,0.9981327760685745,0.0015245860487771686,12320.0,12896.0,12672.0,11776.0,12744.0,12481.6,400.20474759802636,20,12320.0,12896.0,12672.0,11776.0,12744.0,12481.6,400.20474759802636,418.66666666666663,413.6296296296297,400.175,412.0250000000002,413.4000000000001,411.5792592592593,6.131986192411327,18,412.4859813084113,416.65732087227406,408.78260869565213,403.73913043478274,407.0186335403726,409.7367349702986,4.465927835288528,max_depth,param_max_depth,combined
9,0.46196374893188474,0.1730754863157461,0.19800105094909667,0.028576955619494714,4,80,"{'max_depth': 4, 'n_estimators': 80}",0.9012345679012346,0.8888888888888888,0.8625,0.8375,0.9625,0.8905246913580246,0.042177775139812086,59,0.9439252336448598,0.9439252336448598,0.9596273291925466,0.9347826086956522,0.9565217391304348,0.9477564288616707,0.009115098047219322,7096.0,7112.0,7224.0,6720.0,7384.0,7107.2,219.24087210189617,31,7096.0,7112.0,7224.0,6720.0,7384.0,7107.2,219.24087210189617,379.82716049382725,376.0864197530865,372.1000000000001,374.2124999999999,378.0249999999999,376.0502160493827,2.725721879104942,21,377.02803738317766,377.47663551401865,375.5124223602484,371.9844720496893,376.5683229813664,375.71397805770005,1.9755231322739855,max_depth,param_max_depth,combined
10,0.2996342658996582,0.1193258694041213,0.10725536346435546,0.0119448774989726,4,55,"{'max_depth': 4, 'n_estimators': 55}",0.8641975308641975,0.8765432098765432,0.875,0.825,0.9,0.8681481481481482,0.024532979709584415,64,0.9252336448598131,0.9439252336448598,0.9503105590062112,0.9285714285714286,0.9503105590062112,0.9396702850177048,0.010734399306753952,4976.0,5008.0,5032.0,4664.0,5096.0,4955.2,150.8249316260412,47,4976.0,5008.0,5032.0,4664.0,5096.0,4955.2,150.8249316260412,262.7283950617285,259.2345679012346,257.4375,259.1,260.5875,259.81759259259263,1.7655155677194994,44,260.73520249221184,260.04361370716504,259.388198757764,257.2080745341615,259.15217391304344,259.30545268086917,1.1847702400019335,max_depth,param_max_depth,combined
11,0.2323880672454834,0.034527143882424415,0.20223336219787597,0.06801970867353897,9,43,"{'max_depth': 9, 'n_estimators': 43}",0.9382716049382716,0.9382716049382716,0.8875,0.9,0.9625,0.9253086419753085,0.027529237896936048,20,1.0,1.0,1.0,1.0,1.0,1.0,0.0,10632.0,10904.0,10536.0,10280.0,10784.0,10627.2,214.5193697548079,25,10632.0,10904.0,10536.0,10280.0,10784.0,10627.2,214.5193697548079,275.90123456790127,264.4197530864198,253.67499999999998,271.25000000000006,270.075,267.0641975308642,7.628142557044882,43,271.2461059190031,267.5981308411214,261.9627329192547,262.6304347826087,263.5341614906832,265.3943131905342,3.5206596465006936,max_depth,param_max_depth,combined
12,0.07558088302612305,0.02436977619749652,0.05044755935668945,0.0253239105336769,8,8,"{'max_depth': 8, 'n_estimators': 8}",0.8641975308641975,0.9506172839506173,0.925,0.8875,0.9125,0.9079629629629629,0.029881038586400954,46,0.9937694704049844,0.9937694704049844,0.9906832298136646,0.9875776397515528,0.9875776397515528,0.9906754900253478,0.0027690735534174533,1824.0,1896.0,1760.0,1784.0,1848.0,1822.4,47.83973244072337,80,1824.0,1896.0,1760.0,1784.0,1848.0,1822.4,47.83973244072337,52.123456790123456,49.38271604938272,44.8125,48.912499999999994,48.087500000000006,48.66373456790124,2.354253615908897,96,51.629283489096565,49.376947040498436,46.329192546583855,47.03105590062112,46.7360248447205,48.2205007643041,2.0076186026508536,max_depth,param_max_depth,combined
13,0.3573777675628662,0.11637463556913033,0.08761186599731445,0.021979916244899696,2,56,"{'max_depth': 2, 'n_estimators': 56}",0.7530864197530864,0.7654320987654321,0.7625,0.65,0.725,0.7312037037037037,0.043040496946265556,88,0.7632398753894081,0.7414330218068536,0.7639751552795031,0.7608695652173914,0.7546583850931677,0.7568352005572648,0.008369474860184866,1328.0,1328.0,1328.0,1304.0,1336.0,1324.8,10.851727973000429,83,1328.0,1328.0,1328.0,1304.0,1336.0,1324.8,10.851727973000429,167.7283950617284,167.65432098765433,167.45,167.06250000000003,167.725,167.52404320987654,0.25203973565557675,61,167.5919003115265,167.6822429906542,167.50931677018636,166.8416149068323,167.72981366459626,167.47097772875912,0.32367229331800507,max_depth,param_max_depth,combined
14,0.19732842445373536,0.06611606520860835,0.0879209041595459,0.033945143933442765,4,25,"{'max_depth': 4, 'n_estimators': 25}",0.8518518518518519,0.8765432098765432,0.8625,0.8125,0.9375,0.8681790123456791,0.0406800661172267,62,0.9003115264797508,0.9345794392523364,0.9347826086956522,0.922360248447205,0.9347826086956522,0.9253632863141193,0.013408904880444966,2216.0,2104.0,2288.0,2152.0,2272.0,2206.4,69.99885713352754,73,2216.0,2104.0,2288.0,2152.0,2272.0,2206.4,69.99885713352754,118.98765432098769,115.76543209876543,116.61250000000001,118.675,118.33749999999999,117.67561728395063,1.259946152074415,76,118.23052959501555,116.55451713395638,117.43167701863354,117.84782608695652,117.72360248447204,117.5576304638068,0.5633212360625259,max_depth,param_max_depth,combined
15,0.3505833625793457,0.02612826666215923,0.3188413143157959,0.06880024309448302,9,62,"{'max_depth': 9, 'n_estimators': 62}",0.9506172839506173,0.9382716049382716,0.8875,0.9125,0.95,0.9277777777777777,0.024418437655716347,13,1.0,1.0,1.0,1.0,1.0,1.0,0.0,15400.0,15920.0,15288.0,14664.0,15704.0,15395.2,428.23843825607247,15,15400.0,15920.0,15288.0,14664.0,15704.0,15395.2,428.23843825607247,396.88888888888897,382.95061728395063,367.57500000000005,390.125,392.4249999999999,385.9929012345679,10.253226411439027,19,389.28037383177576,386.4267912772585,379.81987577639745,377.73913043478245,382.3975155279503,383.13273736963293,4.224945539935401,max_depth,param_max_depth,combined
16,0.26876163482666016,0.08630569612028743,0.09017972946166992,0.046392514573563845,1,53,"{'max_depth': 1, 'n_estimators': 53}",0.5061728395061729,0.49382716049382713,0.5,0.5,0.5,0.5,0.0039040464940350537,95,0.4984423676012461,0.5015576323987538,0.5,0.5,0.5,0.5,0.0009851332274667674,424.0,424.0,424.0,424.0,424.0,424.0,0.0,95,424.0,424.0,424.0,424.0,424.0,424.0,0.0,106.0,106.0,106.0,106.0,106.0,106.0,0.0,81,106.0,106.0,106.0,106.0,106.0,106.0,0.0,max_depth,param_max_depth,combined
17,0.45594077110290526,0.04021105325372104,0.17728452682495116,0.01641891336355285,3,96,"{'max_depth': 3, 'n_estimators': 96}",0.7901234567901234,0.8888888888888888,0.8125,0.775,0.875,0.8283024691358024,0.04560675800309101,70,0.8504672897196262,0.8847352024922118,0.8664596273291926,0.8913043478260869,0.8571428571428571,0.8700218649019948,0.01568672158486844,4872.0,4904.0,4936.0,4672.0,5024.0,4881.6,116.41580648691998,48,4872.0,4904.0,4936.0,4672.0,5024.0,4881.6,116.41580648691998,377.4691358024691,376.34567901234567,374.875,372.08750000000015,377.58750000000003,375.67296296296297,2.041397823438737,22,376.27414330218056,376.7881619937694,376.48447204968954,370.26086956521743,376.99689440993785,375.3609082641589,2.562041858494692,max_depth,param_max_depth,combined
18,0.3676553249359131,0.03200077304719505,0.10296926498413086,0.015244739051709248,1,90,"{'max_depth': 1, 'n_estimators': 90}",0.5061728395061729,0.49382716049382713,0.5,0.5,0.5,0.5,0.0039040464940350537,95,0.4984423676012461,0.5015576323987538,0.5,0.5,0.5,0.5,0.0009851332274667674,720.0,720.0,720.0,720.0,720.0,720.0,0.0,91,720.0,720.0,720.0,720.0,720.0,720.0,0.0,180.0,180.0,180.0,180.0,180.0,180.0,0.0,53,180.0,180.0,180.0,180.0,180.0,180.0,0.0,max_depth,param_max_depth,combined
19,0.3666713237762451,0.03348687608819559,0.35350742340087893,0.06578924562264155,9,74,"{'max_depth': 9, 'n_estimators': 74}",0.9506172839506173,0.9506172839506173,0.8875,0.9125,0.9625,0.9327469135802469,0.02821760841713572,6,1.0,1.0,1.0,1.0,1.0,1.0,0.0,18600.0,18672.0,18328.0,17520.0,18848.0,18393.6,467.7749886430441,8,18600.0,18672.0,18328.0,17520.0,18848.0,18393.6,467.7749886430441,474.9135802469136,458.98765432098764,440.5125,465.68749999999994,465.92499999999995,461.20524691358025,11.518615858179082,12,465.94704049844245,462.834890965732,455.23913043478257,452.23602484472036,456.22360248447205,458.4961378456299,5.085317256672752,max_depth,param_max_depth,combined
20,0.29329471588134765,0.1078224875771964,0.18148183822631836,0.035549184829646044,5,53,"{'max_depth': 5, 'n_estimators': 53}",0.8888888888888888,0.9259259259259259,0.8875,0.85,0.975,0.905462962962963,0.042255509945015535,51,0.9844236760124611,0.9719626168224299,0.984472049689441,0.968944099378882,0.9875776397515528,0.9794760163309533,0.007515962141367545,6848.0,7408.0,7232.0,6560.0,7320.0,7073.6,320.09598560431834,33,6848.0,7408.0,7232.0,6560.0,7320.0,7073.6,320.09598560431834,284.09876543209873,282.2469135802469,278.6875,280.46249999999986,283.7625,281.8516358024691,2.0395436611918036,40,281.2461059190031,283.9781931464174,282.85714285714295,275.8975155279503,280.31677018633553,280.8591455273699,2.7850361931602197,max_depth,param_max_depth,combined
21,0.4029058933258057,0.0508312045209605,0.14679365158081054,0.03733286243399068,3,81,"{'max_depth': 3, 'n_estimators': 81}",0.7530864197530864,0.8888888888888888,0.7875,0.7875,0.8625,0.8158950617283951,0.051103040306301514,77,0.8317757009345794,0.8722741433021807,0.8633540372670807,0.8819875776397516,0.8509316770186336,0.8600646272324453,0.017459566926406548,4096.0,4128.0,4152.0,4000.0,4240.0,4123.2,77.99076868450521,59,4096.0,4128.0,4152.0,4000.0,4240.0,4123.2,77.99076868450521,318.5802469135802,317.01234567901236,316.24999999999994,315.1250000000001,318.23750000000007,317.04101851851857,1.2726705291914766,30,317.59813084112136,317.3800623052959,317.6614906832299,313.92857142857144,317.6832298136645,316.8502970143766,1.464800280663017,max_depth,param_max_depth,combined
22,0.5405274391174316,0.07137581319780005,0.42234373092651367,0.01455274211881503,7,93,"{'max_depth': 7, 'n_estimators': 93}",0.9382716049382716,0.9629629629629629,0.8875,0.8875,0.975,0.9302469135802468,0.03685694383415955,8,1.0,1.0,1.0,1.0,1.0,1.0,0.0,19360.0,20096.0,19688.0,18136.0,20032.0,19462.4,713.6681581799766,5,19360.0,20096.0,19688.0,18136.0,20032.0,19462.4,713.6681581799766,568.037037037037,558.4320987654321,537.8625,556.9499999999998,563.8000000000001,557.0163271604938,10.357144073537176,1,561.0529595015576,563.0093457943925,553.3198757763976,543.7173913043479,553.270186335404,554.8739517424199,6.838433002751696,max_depth,param_max_depth,combined
23,0.21967973709106445,0.027753337617813484,0.17223038673400878,0.019738774970702967,8,50,"{'max_depth': 8, 'n_estimators': 50}",0.9135802469135802,0.9382716049382716,0.8875,0.9,0.9625,0.9203703703703703,0.026969905100517607,27,1.0,1.0,1.0,1.0,1.0,1.0,0.0,11624.0,12168.0,11648.0,11096.0,11952.0,11697.6,362.1588601705058,21,11624.0,12168.0,11648.0,11096.0,11952.0,11697.6,362.1588601705058,313.2098765432099,305.4320987654321,293.53749999999997,310.9375,309.62499999999994,306.5483950617284,6.980466794733885,34,308.4579439252337,309.0560747663552,302.9503105590062,300.59316770186336,301.6459627329193,304.54069193707556,3.527754609220281,max_depth,param_max_depth,combined
24,0.32870068550109866,0.024076115800951862,0.1330099582672119,0.011935522672263048,3,91,"{'max_depth': 3, 'n_estimators': 91}",0.7901234567901234,0.8765432098765432,0.8125,0.775,0.875,0.8258333333333333,0.04248730052245152,71,0.8504672897196262,0.8878504672897196,0.860248447204969,0.8975155279503105,0.8540372670807453,0.8700237998490741,0.019011412486947654,4608.0,4656.0,4680.0,4480.0,4752.0,4635.2,90.45308176065645,53,4608.0,4656.0,4680.0,4480.0,4752.0,4635.2,90.45308176065645,357.6049382716049,356.5925925925926,355.48749999999995,353.7000000000001,357.6,356.1970061728395,1.4727927162892311,24,356.4984423676011,357.0623052959501,356.95962732919264,352.2639751552795,357.0093167701863,355.9587333836419,1.858273890543403,max_depth,param_max_depth,combined
25,0.32356810569763184,0.0330880394457464,0.23250761032104492,0.014769056628727614,6,81,"{'max_depth': 6, 'n_estimators': 81}",0.9135802469135802,0.9506172839506173,0.9,0.9125,0.9625,0.9278395061728395,0.024223302916957387,10,0.9968847352024922,0.9968847352024922,0.9968944099378882,1.0,0.9968944099378882,0.9975116580561523,0.0012441784950235552,13760.0,14320.0,14296.0,13272.0,14472.0,14024.0,446.65512422897376,17,13760.0,14320.0,14296.0,13272.0,14472.0,14024.0,446.65512422897376,470.49382716049377,466.03703703703707,451.9375,463.42500000000024,465.88750000000005,463.55617283950613,6.240698451914935,11,464.6822429906543,469.5576323987539,461.5403726708074,454.2888198757766,458.79503105590067,461.77281979837863,5.17686319769347,max_depth,param_max_depth,combined
26,0.35318851470947266,0.03957225663436699,0.10665698051452636,0.010756540478453508,2,92,"{'max_depth': 2, 'n_estimators': 92}",0.7407407407407407,0.7654320987654321,0.7375,0.65,0.75,0.7287345679012346,0.04054390346920288,89,0.7601246105919003,0.7445482866043613,0.7670807453416149,0.7639751552795031,0.7639751552795031,0.7599407906193767,0.008006174111171042,2176.0,2192.0,2184.0,2136.0,2200.0,2177.6,22.28542124349459,76,2176.0,2192.0,2184.0,2136.0,2200.0,2177.6,22.28542124349459,275.2098765432099,275.65432098765433,275.225,274.08750000000003,275.725,275.1803395061728,0.5862556918003092,41,275.0280373831776,275.68224299065423,275.3913043478261,273.7826086956522,275.72981366459624,275.1228014163813,0.7153501687127395,max_depth,param_max_depth,combined
27,0.26957011222839355,0.007334611609272261,0.07256956100463867,0.004308477106649414,1,83,"{'max_depth': 1, 'n_estimators': 83}",0.5061728395061729,0.49382716049382713,0.5,0.5,0.5,0.5,0.0039040464940350537,95,0.4984423676012461,0.5015576323987538,0.5,0.5,0.5,0.5,0.0009851332274667674,664.0,664.0,664.0,664.0,664.0,664.0,0.0,92,664.0,664.0,664.0,664.0,664.0,664.0,0.0,166.0,166.0,166.0,166.0,166.0,166.0,0.0,62,166.0,166.0,166.0,166.0,166.0,166.0,0.0,max_depth,param_max_depth,combined
28,0.26450166702270506,0.032249979971739146,0.12376785278320312,0.019574813545706178,4,63,"{'max_depth': 4, 'n_estimators': 63}",0.8518518518518519,0.8641975308641975,0.8625,0.825,0.9125,0.8632098765432099,0.028354876287816237,68,0.9376947040498442,0.9439252336448598,0.953416149068323,0.9347826086956522,0.9596273291925466,0.9458892049302452,0.00937821362639135,5648.0,5664.0,5704.0,5304.0,5824.0,5628.8,173.70135290204277,44,5648.0,5664.0,5704.0,5304.0,5824.0,5628.8,173.70135290204277,299.32098765432113,295.3827160493828,292.65000000000003,295.35,297.7625,296.0932407407408,2.285516814515841,39,296.9376947040499,296.36760124610583,295.2453416149068,293.0124223602484,296.4906832298136,295.6107486310249,1.4136985786688923,max_depth,param_max_depth,combined
29,0.3417219161987305,0.01681554429837477,0.32976136207580564,0.016797132339512258,9,85,"{'max_depth': 9, 'n_estimators': 85}",0.9506172839506173,0.9629629629629629,0.9125,0.9125,0.975,0.9427160493827161,0.025848171174300445,1,1.0,1.0,1.0,1.0,1.0,1.0,0.0,21280.0,21424.0,21008.0,20128.0,21680.0,21104.0,534.217933057287,2,21280.0,21424.0,21008.0,20128.0,21680.0,21104.0,534.217933057287,544.1851851851851,527.7654320987654,507.46249999999986,535.2375000000001,536.2125,530.1726234567901,12.490230157239369,5,535.3115264797509,531.7881619937692,524.0124223602485,519.972049689441,525.1708074534162,527.2509935953251,5.538169912009085,max_depth,param_max_depth,combined
30,0.06526532173156738,0.0045858200797010374,0.02136859893798828,0.0010345605247688776,2,18,"{'max_depth': 2, 'n_estimators': 18}",0.7530864197530864,0.7283950617283951,0.725,0.6875,0.7125,0.7212962962962963,0.021420953821256576,92,0.7445482866043613,0.7445482866043613,0.7515527950310559,0.7639751552795031,0.7422360248447205,0.7493721096728005,0.007943130041588272,424.0,416.0,424.0,424.0,424.0,422.4,3.2,96,424.0,416.0,424.0,424.0,424.0,422.4,3.2,53.81481481481482,53.65432098765432,53.7625,53.7625,53.725,53.74382716049384,0.05310821760345296,95,53.75077881619938,53.6822429906542,53.78260869565217,53.70807453416149,53.72981366459627,53.73070374025271,0.03452086477458808,max_depth,param_max_depth,combined
31,0.35640606880187986,0.015385689674696867,0.269891357421875,0.01124511812429805,6,92,"{'max_depth': 6, 'n_estimators': 92}",0.9135802469135802,0.9382716049382716,0.8875,0.9,0.9625,0.9203703703703703,0.026969905100517607,27,0.9968847352024922,1.0,0.9968944099378882,1.0,1.0,0.9987558290280761,0.0015237950882968552,15816.0,16456.0,16224.0,15072.0,16352.0,15984.0,505.12889444180485,12,15816.0,16456.0,16224.0,15072.0,16352.0,15984.0,505.12889444180485,534.4814814814814,530.1234567901236,513.225,525.9000000000002,529.6750000000003,526.680987654321,7.257216451147657,6,528.8224299065421,533.4766355140187,523.7857142857143,515.3695652173914,522.1335403726708,524.7175770592675,6.140062884593186,max_depth,param_max_depth,combined
32,0.08242745399475097,0.011723750114555384,0.04291954040527344,0.00462404641961237,6,17,"{'max_depth': 6, 'n_estimators': 17}",0.9259259259259259,0.9382716049382716,0.9,0.9,0.95,0.9228395061728394,0.020142761322975846,25,0.9875389408099688,0.9875389408099688,0.9906832298136646,0.984472049689441,0.9875776397515528,0.9875621601749194,0.001964239109552139,2784.0,2936.0,2904.0,2776.0,2848.0,2849.6,63.47787015960759,65,2784.0,2936.0,2904.0,2776.0,2848.0,2849.6,63.47787015960759,99.22222222222223,96.29629629629632,91.42500000000001,97.675,96.28750000000001,96.18120370370372,2.6124792777513792,85,97.93457943925233,97.42367601246103,93.90683229813665,95.11490683229813,94.51552795031057,95.77910450649173,1.6058564761471732,max_depth,param_max_depth,combined
33,0.23767075538635254,0.028022052895034528,0.17559962272644042,0.031672922002536914,7,54,"{'max_depth': 7, 'n_estimators': 54}",0.9506172839506173,0.9382716049382716,0.9,0.8875,0.9625,0.9277777777777778,0.02909054996981161,12,0.9968847352024922,1.0,1.0,1.0,1.0,0.9993769470404985,0.0012461059190031153,11032.0,11888.0,11488.0,10624.0,11648.0,11336.0,452.66146290577905,22,11032.0,11888.0,11488.0,10624.0,11648.0,11336.0,452.66146290577905,329.90123456790127,322.39506172839515,312.36249999999995,324.875,326.9875,323.30425925925925,6.001704889269777,29,325.2585669781931,325.993769470405,320.8788819875777,316.0062111801242,319.4440993788821,321.5163057990364,3.7178943216277047,max_depth,param_max_depth,combined
34,0.42714991569519045,0.05742923928156706,0.4413615703582764,0.09495645584182112,9,89,"{'max_depth': 9, 'n_estimators': 89}",0.9506172839506173,0.9753086419753086,0.8875,0.9125,0.975,0.9401851851851852,0.034919208034732134,2,1.0,1.0,1.0,1.0,1.0,1.0,0.0,22288.0,22464.0,22008.0,21104.0,22648.0,22102.4,541.9585223981628,1,22288.0,22464.0,22008.0,21104.0,22648.0,22102.4,541.9585223981628,568.5308641975307,551.4197530864197,530.1249999999999,560.1375000000002,561.9749999999999,554.4376234567901,13.327650004876793,2,559.1744548286606,555.8411214953269,547.4099378881988,543.9906832298136,550.4223602484471,551.3677115380895,5.5124376719576444,max_depth,param_max_depth,combined
35,0.14253687858581543,0.01640888223959039,0.0485504150390625,0.01407344711350428,2,42,"{'max_depth': 2, 'n_estimators': 42}",0.7407407407407407,0.7530864197530864,0.7625,0.6875,0.75,0.7387654320987653,0.02655817120693806,84,0.7663551401869159,0.7601246105919003,0.7670807453416149,0.7515527950310559,0.7484472049689441,0.7587120992240862,0.007577191985976256,992.0,992.0,1000.0,976.0,1000.0,992.0,8.763560920082657,87,992.0,992.0,1000.0,976.0,1000.0,992.0,8.763560920082657,125.72839506172839,125.65432098765433,125.7625,125.28750000000001,125.725,125.63154320987655,0.1755839919408342,72,125.59190031152649,125.6822429906542,125.78260869565217,125.13043478260869,125.72981366459626,125.58340008900757,0.23500670027374962,max_depth,param_max_depth,combined
36,0.27193775177001955,0.06904482019626554,0.13973674774169922,0.0263027348311168,5,57,"{'max_depth': 5, 'n_estimators': 57}",0.9012345679012346,0.9259259259259259,0.8875,0.8625,0.975,0.9104320987654321,0.03825450135542405,42,0.9844236760124611,0.9719626168224299,0.9875776397515528,0.968944099378882,0.9875776397515528,0.9800971343433756,0.008014929186906857,7384.0,7944.0,7728.0,6976.0,7888.0,7584.0,361.2245838809978,29,7384.0,7944.0,7728.0,6976.0,7888.0,7584.0,361.2245838809978,305.45679012345676,304.04938271604937,298.6,300.6999999999998,305.4375,302.8487345679012,2.7427731182406703,36,302.42679127725864,305.8940809968847,303.30124223602496,295.65838509316774,301.7763975155281,301.8113794237728,3.3801608852300467,max_depth,param_max_depth,combined
37,0.12026834487915039,0.043226710505218195,0.07840313911437988,0.016893179011732776,8,25,"{'max_depth': 8, 'n_estimators': 25}",0.9382716049382716,0.9382716049382716,0.875,0.8875,0.9375,0.9153086419753086,0.028089709480382172,39,1.0,1.0,1.0,0.9937888198757764,1.0,0.9987577639751553,0.002484472049689446,5776.0,5808.0,5800.0,5496.0,5840.0,5744.0,125.67895607459508,43,5776.0,5808.0,5800.0,5496.0,5840.0,5744.0,125.67895607459508,157.41975308641975,151.80246913580248,146.2875,154.58749999999998,154.15,152.84944444444443,3.735111113182025,65,155.46417445482862,154.2429906542056,150.56211180124222,149.40062111801242,150.15527950310556,151.9650355062789,2.418788370451097,max_depth,param_max_depth,combined
38,0.3498538494110107,0.040966098886630734,0.14970965385437013,0.038276648068886046,3,85,"{'max_depth': 3, 'n_estimators': 85}",0.7654320987654321,0.8888888888888888,0.7875,0.7875,0.875,0.8208641975308641,0.050709172090716445,75,0.8411214953271028,0.8785046728971962,0.8571428571428571,0.8913043478260869,0.8478260869565217,0.8631798920299529,0.01889228365242786,4296.0,4336.0,4352.0,4184.0,4448.0,4323.2,85.65605641167471,56,4296.0,4336.0,4352.0,4184.0,4448.0,4323.2,85.65605641167471,334.12345679012344,332.98765432098764,331.81249999999994,330.4500000000001,334.00000000000006,332.6747222222222,1.388951810646019,27,333.07788161993756,333.35514018691583,333.2391304347827,329.1801242236025,333.4161490683229,332.45368510671227,1.6408354362921822,max_depth,param_max_depth,combined
39,0.047327280044555664,0.0028850906338853143,0.01634817123413086,0.0005995201626042867,3,12,"{'max_depth': 3, 'n_estimators': 12}",0.7777777777777778,0.8395061728395061,0.8125,0.7625,0.8125,0.8009567901234569,0.027454462719991586,83,0.8535825545171339,0.8535825545171339,0.8788819875776398,0.8540372670807453,0.84472049689441,0.8569609721174126,0.011504221960633755,576.0,576.0,584.0,584.0,592.0,582.4,5.986651818838306,93,576.0,576.0,584.0,584.0,592.0,582.4,5.986651818838306,46.9753086419753,46.14814814814815,46.525,46.8125,46.06249999999999,46.50469135802469,0.3575739046931162,97,46.68535825545172,46.299065420560744,46.66770186335403,46.6304347826087,45.838509316770185,46.42421392774908,0.3251835837888699,max_depth,param_max_depth,combined
40,0.10671148300170899,0.007833864936045208,0.06653919219970703,0.0035205863158658977,7,26,"{'max_depth': 7, 'n_estimators': 26}",0.9506172839506173,0.9382716049382716,0.8875,0.8875,0.975,0.9277777777777777,0.03494653198167318,13,0.9968847352024922,0.9937694704049844,1.0,0.9968944099378882,0.9968944099378882,0.9968886050966507,0.001970272155707859,5144.0,5480.0,5528.0,5088.0,5400.0,5328.0,178.74227256024244,45,5144.0,5480.0,5528.0,5088.0,5400.0,5328.0,178.74227256024244,158.71604938271605,153.1358024691358,150.8,156.6875,155.21250000000003,154.9103703703704,2.748705171397134,64,156.3582554517134,155.69158878504675,154.42857142857142,152.1273291925466,151.44720496894413,154.01058996536443,1.9302648807590765,max_depth,param_max_depth,combined
41,0.11604013442993164,0.006190762204694552,0.08509573936462403,0.006610328164857923,8,28,"{'max_depth': 8, 'n_estimators': 28}",0.9259259259259259,0.9382716049382716,0.875,0.9,0.9625,0.9203395061728395,0.030330320878265864,30,1.0,1.0,1.0,1.0,1.0,1.0,0.0,6384.0,6496.0,6504.0,6064.0,6472.0,6384.0,165.58260778233927,38,6384.0,6496.0,6504.0,6064.0,6472.0,6384.0,165.58260778233927,176.2716049382716,170.66666666666669,164.02499999999998,173.5625,173.325,171.57015432098765,4.168889690016189,56,173.77570093457942,173.23676012461058,169.23291925465838,167.69565217391303,168.72670807453412,170.5335481124591,2.483097654585169,max_depth,param_max_depth,combined
42,0.11183810234069824,0.018653729161316763,0.047774648666381835,0.0035951536083282903,4,25,"{'max_depth': 4, 'n_estimators': 25}",0.8518518518518519,0.8765432098765432,0.8625,0.8125,0.9375,0.8681790123456791,0.0406800661172267,62,0.9003115264797508,0.9345794392523364,0.9347826086956522,0.922360248447205,0.9347826086956522,0.9253632863141193,0.013408904880444966,2216.0,2104.0,2288.0,2152.0,2272.0,2206.4,69.99885713352754,73,2216.0,2104.0,2288.0,2152.0,2272.0,2206.4,69.99885713352754,118.98765432098769,115.76543209876543,116.61250000000001,118.675,118.33749999999999,117.67561728395063,1.259946152074415,76,118.23052959501555,116.55451713395638,117.43167701863354,117.84782608695652,117.72360248447204,117.5576304638068,0.5633212360625259,max_depth,param_max_depth,combined
43,0.3978768825531006,0.07091902784175554,0.40992207527160646,0.08656365610472636,8,85,"{'max_depth': 8, 'n_estimators': 85}",0.9382716049382716,0.9506172839506173,0.8875,0.9,0.975,0.9302777777777778,0.03232446764692679,7,1.0,1.0,1.0,1.0,1.0,1.0,0.0,19728.0,20224.0,19792.0,18928.0,20552.0,19844.8,547.8826151649639,4,19728.0,20224.0,19792.0,18928.0,20552.0,19844.8,547.8826151649639,531.5925925925926,521.5555555555555,502.4874999999999,526.7624999999999,526.6875,521.8171296296297,10.172903955113961,9,524.4922118380063,525.968847352025,518.2701863354037,512.5559006211181,516.1490683229813,519.4872428939068,5.054286345628133,max_depth,param_max_depth,combined
44,0.25523128509521487,0.009590828404855447,0.19311785697937012,0.015258328123134142,7,61,"{'max_depth': 7, 'n_estimators': 61}",0.9382716049382716,0.9382716049382716,0.9125,0.8875,0.9625,0.9278086419753088,0.02561865978753684,11,1.0,1.0,1.0,1.0,1.0,1.0,0.0,12408.0,13400.0,12880.0,11880.0,13168.0,12747.2,545.5178823833368,19,12408.0,13400.0,12880.0,11880.0,13168.0,12747.2,545.5178823833368,372.25925925925924,364.09876543209884,352.45,364.8375,370.8375,364.8966049382716,7.000870353685631,23,366.2959501557632,368.0467289719627,362.1118012422361,354.9006211180124,362.26397515527964,362.7238153286508,4.5361203414726,max_depth,param_max_depth,combined
45,0.0864992618560791,0.014586508906359466,0.037983369827270505,0.014473145808920326,3,22,"{'max_depth': 3, 'n_estimators': 22}",0.7407407407407407,0.8765432098765432,0.7875,0.775,0.875,0.8109567901234568,0.055093586808472095,80,0.838006230529595,0.8722741433021807,0.8695652173913043,0.8571428571428571,0.860248447204969,0.8594473791141812,0.01210431257994654,1104.0,1088.0,1096.0,1128.0,1120.0,1107.2,14.837789592793126,86,1104.0,1088.0,1096.0,1128.0,1120.0,1107.2,14.837789592793126,86.50617283950618,85.30864197530865,85.46249999999999,86.575,85.65,85.90046296296296,0.534168513307987,86,86.27725856697819,85.53894080996884,85.78571428571429,86.3354037267081,85.51863354037268,85.89119018594842,0.35224358253800786,max_depth,param_max_depth,combined
46,0.09389371871948242,0.009212911453222198,0.045604705810546875,0.007791827012205615,5,22,"{'max_depth': 5, 'n_estimators': 22}",0.9012345679012346,0.9135802469135802,0.8625,0.825,0.975,0.8954629629629629,0.050476279060087885,57,0.9688473520249221,0.9657320872274143,0.9751552795031055,0.9596273291925466,0.9720496894409938,0.9682823474777965,0.005350933733343156,2840.0,2872.0,2888.0,2736.0,2976.0,2862.4,77.6288606125325,64,2840.0,2872.0,2888.0,2736.0,2976.0,2862.4,77.6288606125325,118.8148148148148,114.64197530864197,114.0,117.39999999999999,116.33749999999999,116.23885802469135,1.7638624648334467,79,117.88785046728974,115.75389408099687,115.84782608695653,115.22049689440993,115.49689440993791,116.0413923879182,0.9486704472590941,max_depth,param_max_depth,combined
47,0.3078638553619385,0.05093113364725989,0.10948362350463867,0.018878478578018384,3,77,"{'max_depth': 3, 'n_estimators': 77}",0.7654320987654321,0.8888888888888888,0.8,0.7875,0.8625,0.8208641975308643,0.04686598056294027,74,0.8442367601246106,0.8785046728971962,0.860248447204969,0.8881987577639752,0.8540372670807453,0.8650451810142993,0.016089867882474598,3888.0,3920.0,3936.0,3824.0,4032.0,3920.0,67.88225099390856,60,3888.0,3920.0,3936.0,3824.0,4032.0,3920.0,67.88225099390856,302.6419753086419,301.11111111111114,300.61249999999995,299.8375000000001,302.52500000000003,301.3456172839507,1.0898036115167684,38,301.6791277258566,301.4517133956386,301.9503105590063,298.78571428571433,302.0217391304347,301.1777210193301,1.2130488770018901,max_depth,param_max_depth,combined
48,0.33187003135681153,0.06471540640265819,0.09775009155273437,0.007233288386772751,2,92,"{'max_depth': 2, 'n_estimators': 92}",0.7407407407407407,0.7654320987654321,0.7375,0.65,0.75,0.7287345679012346,0.04054390346920288,89,0.7601246105919003,0.7445482866043613,0.7670807453416149,0.7639751552795031,0.7639751552795031,0.7599407906193767,0.008006174111171042,2176.0,2192.0,2184.0,2136.0,2200.0,2177.6,22.28542124349459,76,2176.0,2192.0,2184.0,2136.0,2200.0,2177.6,22.28542124349459,275.2098765432099,275.65432098765433,275.225,274.08750000000003,275.725,275.1803395061728,0.5862556918003092,41,275.0280373831776,275.68224299065423,275.3913043478261,273.7826086956522,275.72981366459624,275.1228014163813,0.7153501687127395,max_depth,param_max_depth,combined
49,0.11747746467590332,0.00521652232607874,0.04923315048217773,0.005628666997945867,4,30,"{'max_depth': 4, 'n_estimators': 30}",0.8641975308641975,0.8765432098765432,0.85,0.8125,0.9375,0.868148148148148,0.04079665541966498,65,0.9034267912772586,0.9376947040498442,0.9409937888198758,0.922360248447205,0.9347826086956522,0.9278516282579672,0.013743135951211674,2616.0,2568.0,2720.0,2496.0,2728.0,2625.6,88.99797750510963,69,2616.0,2568.0,2720.0,2496.0,2728.0,2625.6,88.99797750510963,142.72839506172846,139.5679012345679,139.75,141.1,142.33749999999995,141.09675925925927,1.2925053842903205,66,141.607476635514,140.34267912772583,140.82919254658384,140.06521739130432,141.75465838509317,140.91984481724424,0.6695487010014228,max_depth,param_max_depth,combined
50,0.22194147109985352,0.009142013471648348,0.12985968589782715,0.011004029019805003,5,57,"{'max_depth': 5, 'n_estimators': 57}",0.9012345679012346,0.9259259259259259,0.8875,0.8625,0.975,0.9104320987654321,0.03825450135542405,42,0.9844236760124611,0.9719626168224299,0.9875776397515528,0.968944099378882,0.9875776397515528,0.9800971343433756,0.008014929186906857,7384.0,7944.0,7728.0,6976.0,7888.0,7584.0,361.2245838809978,29,7384.0,7944.0,7728.0,6976.0,7888.0,7584.0,361.2245838809978,305.45679012345676,304.04938271604937,298.6,300.6999999999998,305.4375,302.8487345679012,2.7427731182406703,36,302.42679127725864,305.8940809968847,303.30124223602496,295.65838509316774,301.7763975155281,301.8113794237728,3.3801608852300467,max_depth,param_max_depth,combined
51,0.27880239486694336,0.030278025315660224,0.22570571899414063,0.02421472180518201,7,69,"{'max_depth': 7, 'n_estimators': 69}",0.9382716049382716,0.9382716049382716,0.8875,0.9,0.9625,0.9253086419753085,0.027529237896936048,20,1.0,1.0,1.0,1.0,1.0,1.0,0.0,14064.0,15048.0,14616.0,13504.0,14984.0,14443.2,585.4907001823342,16,14064.0,15048.0,14616.0,13504.0,14984.0,14443.2,585.4907001823342,421.13580246913574,411.1111111111112,398.45,413.04999999999995,418.7874999999999,412.5068827160494,7.921407905450997,17,414.52336448598123,414.94704049844245,409.75776397515534,403.08074534161494,409.3509316770187,410.3319691956425,4.306717340137424,max_depth,param_max_depth,combined
52,0.32671279907226564,0.032570619500225585,0.3037843704223633,0.03185851512736436,9,71,"{'max_depth': 9, 'n_estimators': 71}",0.9506172839506173,0.9506172839506173,0.8875,0.9125,0.95,0.9302469135802468,0.02593198782746982,8,1.0,1.0,1.0,1.0,1.0,1.0,0.0,17776.0,18016.0,17544.0,16752.0,18072.0,17632.0,478.3170496647595,10,17776.0,18016.0,17544.0,16752.0,18072.0,17632.0,478.3170496647595,455.0370370370371,439.33333333333337,422.27500000000003,446.6124999999999,447.7874999999999,442.2090740740741,11.141838479119464,16,446.43925233644865,442.43302180685345,436.1521739130434,434.02484472049673,437.68012422360255,439.34588340008895,4.497427997450168,max_depth,param_max_depth,combined
53,0.1792232036590576,0.014442207804879228,0.11600966453552246,0.009852028776987105,7,41,"{'max_depth': 7, 'n_estimators': 41}",0.9259259259259259,0.9382716049382716,0.875,0.9125,0.9625,0.9228395061728396,0.0290384371775475,24,0.9968847352024922,1.0,1.0,1.0,1.0,0.9993769470404985,0.0012461059190031153,8256.0,8832.0,8608.0,8112.0,8672.0,8496.0,268.87617968128006,27,8256.0,8832.0,8608.0,8112.0,8672.0,8496.0,268.87617968128006,249.4320987654321,242.07407407407413,235.77499999999998,246.5125,246.75,244.10873456790122,4.789228599436016,46,245.44859813084113,245.33333333333334,242.24534161490683,239.88198757763976,241.13664596273296,242.80918132389078,2.237034529345778,max_depth,param_max_depth,combined
54,0.08568110466003417,0.006321268630281009,0.05471591949462891,0.004726709701938198,9,20,"{'max_depth': 9, 'n_estimators': 20}",0.9259259259259259,0.9135802469135802,0.8625,0.8875,0.9875,0.9154012345679012,0.04216476398670537,37,1.0,1.0,1.0,0.9968944099378882,0.9968944099378882,0.9987577639751553,0.0015214222004864217,4872.0,5000.0,4944.0,4736.0,4848.0,4880.0,89.7997772825746,49,4872.0,5000.0,4944.0,4736.0,4848.0,4880.0,89.7997772825746,128.7407407407407,123.22222222222224,117.07499999999999,126.26249999999999,124.5625,123.97259259259258,3.910671111525994,73,127.14953271028034,124.83177570093454,120.32919254658385,122.02795031055902,121.40372670807452,123.14843559528644,2.4935933821279157,max_depth,param_max_depth,combined
55,0.163319730758667,0.04405817546320458,0.06313199996948242,0.008282980302493746,4,36,"{'max_depth': 4, 'n_estimators': 36}",0.8518518518518519,0.8888888888888888,0.8375,0.825,0.925,0.8656481481481482,0.03659973314646323,67,0.9190031152647975,0.9345794392523364,0.9472049689440993,0.9316770186335404,0.9503105590062112,0.936555020220197,0.011299587977609318,3128.0,3160.0,3272.0,3024.0,3264.0,3169.6,92.10776297359523,63,3128.0,3160.0,3272.0,3024.0,3264.0,3169.6,92.10776297359523,171.04938271604945,168.50617283950618,167.56250000000003,169.48749999999998,170.58749999999995,169.43861111111113,1.2888875045815835,59,169.59190031152644,169.32398753894077,169.04037267080744,168.08074534161486,169.71428571428572,169.15025831543502,0.5829732855853146,max_depth,param_max_depth,combined
56,0.09520044326782226,0.001728272402363328,0.033720207214355466,0.0028664979103279102,3,25,"{'max_depth': 3, 'n_estimators': 25}",0.7530864197530864,0.8765432098765432,0.8125,0.775,0.825,0.8084259259259259,0.04268727175925439,81,0.822429906542056,0.8785046728971962,0.8664596273291926,0.860248447204969,0.8385093167701864,0.85323039414872,0.020141673224895462,1264.0,1256.0,1256.0,1272.0,1272.0,1264.0,7.155417527999327,84,1264.0,1256.0,1256.0,1272.0,1272.0,1264.0,7.155417527999327,98.50617283950618,97.30864197530865,97.38749999999999,98.25,97.18750000000001,97.72796296296296,0.5407362784499341,83,98.27414330218068,97.53894080996884,97.7080745341615,98.01552795031058,96.972049689441,97.70174725721252,0.4438693658647035,max_depth,param_max_depth,combined
57,0.3174549102783203,0.03296746138385941,0.1317746639251709,0.024069491652929473,3,88,"{'max_depth': 3, 'n_estimators': 88}",0.7654320987654321,0.8765432098765432,0.8125,0.7875,0.8625,0.8208950617283952,0.042636920036044336,72,0.8411214953271028,0.8753894080996885,0.8540372670807453,0.8881987577639752,0.8509316770186336,0.861935721058029,0.017247929413485918,4440.0,4496.0,4512.0,4328.0,4608.0,4476.8,91.99652167337634,55,4440.0,4496.0,4512.0,4328.0,4608.0,4476.8,91.99652167337634,345.6049382716049,344.65432098765433,343.48749999999995,341.9750000000001,345.75000000000006,344.2943518518519,1.413968104103052,26,344.4984423676011,345.0965732087227,344.95962732919264,340.57142857142856,345.1335403726707,344.05192236992315,1.7548981942916433,max_depth,param_max_depth,combined
58,0.2996664524078369,0.007054515466199942,0.263842248916626,0.04279677512388727,7,74,"{'max_depth': 7, 'n_estimators': 74}",0.9382716049382716,0.9506172839506173,0.9125,0.9,0.9625,0.9327777777777777,0.023312707259525393,4,1.0,1.0,1.0,1.0,1.0,1.0,0.0,15208.0,15928.0,15640.0,14520.0,16024.0,15464.0,550.7347819050473,14,15208.0,15928.0,15640.0,14520.0,16024.0,15464.0,550.7347819050473,452.41975308641963,442.3456790123457,427.68749999999994,442.91249999999997,447.67499999999995,442.6080864197531,8.303346799840272,15,445.4922118380062,446.968847352025,440.4254658385094,432.3726708074534,439.16149068322994,440.8841373038448,5.174572447934884,max_depth,param_max_depth,combined
59,0.1533872127532959,0.018703535931216292,0.048462295532226564,0.007337123268412548,2,40,"{'max_depth': 2, 'n_estimators': 40}",0.7407407407407407,0.7407407407407407,0.7625,0.675,0.7375,0.7312962962962961,0.029529053838146083,87,0.7663551401869159,0.7570093457943925,0.7732919254658385,0.7484472049689441,0.7453416149068323,0.7580890462645847,0.010545934834209608,944.0,944.0,952.0,928.0,952.0,944.0,8.763560920082657,88,944.0,944.0,952.0,928.0,952.0,944.0,8.763560920082657,119.72839506172839,119.65432098765433,119.7625,119.28750000000001,119.725,119.63154320987655,0.1755839919408342,75,119.59190031152649,119.6822429906542,119.78260869565217,119.13043478260869,119.72981366459626,119.58340008900757,0.23500670027374962,max_depth,param_max_depth,combined
60,0.13320364952087402,0.014454139614374431,0.044880914688110354,0.012700226247897425,1,38,"{'max_depth': 1, 'n_estimators': 38}",0.5061728395061729,0.49382716049382713,0.5,0.5,0.5,0.5,0.0039040464940350537,95,0.4984423676012461,0.5015576323987538,0.5,0.5,0.5,0.5,0.0009851332274667674,304.0,304.0,304.0,304.0,304.0,304.0,0.0,98,304.0,304.0,304.0,304.0,304.0,304.0,0.0,76.0,76.0,76.0,76.0,76.0,76.0,0.0,89,76.0,76.0,76.0,76.0,76.0,76.0,0.0,max_depth,param_max_depth,combined
61,0.46886320114135743,0.18869095393131516,0.4092405796051025,0.09092673999297099,7,89,"{'max_depth': 7, 'n_estimators': 89}",0.9382716049382716,0.9506172839506173,0.8875,0.9,0.9625,0.9277777777777777,0.029090549969811613,13,1.0,1.0,1.0,1.0,1.0,1.0,0.0,18448.0,19184.0,18832.0,17432.0,19152.0,18609.6,645.9800616118116,6,18448.0,19184.0,18832.0,17432.0,19152.0,18609.6,645.9800616118116,543.5308641975307,534.1358024691359,515.0749999999999,533.7999999999998,539.4125,533.1908333333332,9.747541663826594,3,536.5981308411214,538.8629283489097,529.9409937888199,521.4627329192547,529.0838509316771,531.1897273659566,6.143896378427271,max_depth,param_max_depth,combined
62,0.09006633758544921,0.07277496098274795,0.06434178352355957,0.054160645713287645,8,12,"{'max_depth': 8, 'n_estimators': 12}",0.9012345679012346,0.9382716049382716,0.875,0.875,0.95,0.9079012345679013,0.031318021533835436,47,1.0,0.9937694704049844,0.9968944099378882,0.9968944099378882,0.9937888198757764,0.9962694220313075,0.0023281570795467923,2736.0,2744.0,2688.0,2600.0,2800.0,2713.6,67.00925309239015,67,2736.0,2744.0,2688.0,2600.0,2800.0,2713.6,67.00925309239015,76.8395061728395,72.28395061728395,68.475,73.425,72.8875,72.78219135802468,2.6715627485486886,90,75.61993769470405,72.67289719626167,70.72360248447205,70.73602484472049,71.02484472049689,72.15546138813103,1.876893708457169,max_depth,param_max_depth,combined
63,0.2975257396697998,0.05832783040236473,0.09062528610229492,0.022174701855562206,2,69,"{'max_depth': 2, 'n_estimators': 69}",0.7654320987654321,0.7777777777777778,0.75,0.6625,0.7375,0.738641975308642,0.040440650306665854,85,0.7632398753894081,0.7507788161993769,0.7670807453416149,0.7670807453416149,0.7639751552795031,0.7624310675103037,0.006034108810872741,1632.0,1640.0,1640.0,1616.0,1648.0,1635.2,10.851727973000429,81,1632.0,1640.0,1640.0,1616.0,1648.0,1635.2,10.851727973000429,206.46913580246914,206.65432098765433,206.45,206.06250000000003,206.725,206.47219135802465,0.2304049535393076,49,206.31775700934583,206.6822429906542,206.50931677018636,205.8416149068323,206.72981366459626,206.41614906832302,0.3217583488013866,max_depth,param_max_depth,combined
64,0.41199603080749514,0.0914018920287359,0.26137146949768064,0.09858722543844937,4,75,"{'max_depth': 4, 'n_estimators': 75}",0.9012345679012346,0.8888888888888888,0.85,0.8125,0.95,0.8805246913580247,0.046657888324537836,60,0.940809968847352,0.9439252336448598,0.9565217391304348,0.937888198757764,0.9565217391304348,0.9471333759021692,0.007899793442453779,6696.0,6696.0,6744.0,6304.0,6944.0,6676.8,207.66742642985685,36,6696.0,6696.0,6744.0,6304.0,6944.0,6676.8,207.66742642985685,356.4074074074075,352.2222222222223,347.7125000000001,350.91249999999997,354.57499999999993,352.365925925926,3.000035044948477,25,353.4517133956387,353.54828660436135,351.07142857142856,348.80124223602473,353.4534161490683,352.0652173913043,1.8809631195003642,max_depth,param_max_depth,combined
65,0.14322247505187988,0.025066212931026524,0.04456706047058105,0.010870970796560873,2,36,"{'max_depth': 2, 'n_estimators': 36}",0.7654320987654321,0.7160493827160493,0.75,0.6875,0.7,0.7237962962962963,0.02954276103315281,91,0.7663551401869159,0.7383177570093458,0.7670807453416149,0.7546583850931677,0.7453416149068323,0.7543507285075753,0.011353186194816067,848.0,848.0,856.0,832.0,856.0,848.0,8.763560920082657,90,848.0,848.0,856.0,832.0,856.0,848.0,8.763560920082657,107.72839506172839,107.65432098765433,107.7625,107.28750000000001,107.725,107.63154320987655,0.1755839919408342,80,107.59190031152649,107.6822429906542,107.78260869565217,107.13043478260869,107.72981366459626,107.58340008900757,0.23500670027374962,max_depth,param_max_depth,combined
66,0.09037747383117675,0.02543833463294528,0.0836944580078125,0.04867023895443811,8,14,"{'max_depth': 8, 'n_estimators': 14}",0.9382716049382716,0.9506172839506173,0.875,0.875,0.9375,0.9152777777777779,0.03321452305830312,40,1.0,0.9937694704049844,0.9937888198757764,0.9968944099378882,0.9937888198757764,0.995648304018885,0.00248738481860346,3192.0,3184.0,3184.0,3048.0,3256.0,3172.8,67.99529395480249,62,3192.0,3184.0,3184.0,3048.0,3256.0,3172.8,67.99529395480249,89.55555555555556,84.25925925925927,80.625,86.33749999999999,85.425,85.24046296296297,2.902510200910983,87,87.95638629283488,85.10280373831775,83.27018633540374,83.1055900621118,83.15217391304347,84.51742806834234,1.8752021624126596,max_depth,param_max_depth,combined
67,0.31867384910583496,0.16991204872526922,0.1586465358734131,0.035260660467239614,8,31,"{'max_depth': 8, 'n_estimators': 31}",0.9259259259259259,0.9382716049382716,0.875,0.9,0.95,0.9178395061728395,0.027094757711460846,35,1.0,1.0,1.0,1.0,1.0,1.0,0.0,6952.0,7152.0,7192.0,6720.0,7096.0,7022.4,171.68529348782323,34,6952.0,7152.0,7192.0,6720.0,7096.0,7022.4,171.68529348782323,194.3827160493827,188.4567901234568,181.52499999999998,191.375,191.075,189.3629012345679,4.3458508374771,51,191.78816199376945,191.09657320872273,187.13975155279502,185.28571428571428,186.4099378881987,188.34402778584,2.60702256184901,max_depth,param_max_depth,combined
68,0.20006256103515624,0.13914792293303185,0.11623425483703613,0.06005729993695098,9,17,"{'max_depth': 9, 'n_estimators': 17}",0.9259259259259259,0.9135802469135802,0.8625,0.8875,0.95,0.9079012345679013,0.030354338084911062,47,1.0,1.0,0.9937888198757764,0.9968944099378882,0.9968944099378882,0.9975155279503106,0.002324010799238471,4136.0,4336.0,4104.0,3992.0,4160.0,4145.6,111.24315709291965,58,4136.0,4336.0,4104.0,3992.0,4160.0,4145.6,111.24315709291965,110.49382716049381,104.70370370370371,98.87499999999999,107.09999999999998,105.8,105.39450617283948,3.7962449278869275,82,108.74454828660433,106.10903426791273,101.51242236024845,103.15838509316772,102.80434782608694,104.46574756680404,2.615343277407694,max_depth,param_max_depth,combined
69,0.5361227035522461,0.16292612442919294,0.28018460273742674,0.06437408202571403,5,85,"{'max_depth': 5, 'n_estimators': 85}",0.8888888888888888,0.9382716049382716,0.8875,0.8625,0.975,0.9104320987654321,0.04057469435846914,42,0.9719626168224299,0.9781931464174455,0.9875776397515528,0.9720496894409938,0.9875776397515528,0.9794721464367949,0.0069931364591892045,10856.0,11528.0,11448.0,10480.0,11696.0,11201.6,458.65612390984165,23,10856.0,11528.0,11448.0,10480.0,11696.0,11201.6,458.65612390984165,454.3209876543211,452.567901234568,444.8375000000001,447.24999999999983,453.6875,450.5327777777778,3.7856928759956685,14,450.1993769470406,455.1682242990654,451.7391304347826,441.64285714285717,448.9472049689443,449.53935875853796,4.464619369824921,max_depth,param_max_depth,combined
70,0.28909692764282224,0.10887938598314895,0.15548081398010255,0.023470057144261508,5,59,"{'max_depth': 5, 'n_estimators': 59}",0.8888888888888888,0.9259259259259259,0.8875,0.8375,0.975,0.902962962962963,0.045692919971568026,52,0.9844236760124611,0.9719626168224299,0.9813664596273292,0.9658385093167702,0.9875776397515528,0.9782337803061086,0.008104399203636252,7672.0,8184.0,8008.0,7208.0,8096.0,7833.6,357.6420556925597,28,7672.0,8184.0,8008.0,7208.0,8096.0,7833.6,357.6420556925597,316.2716049382716,314.22222222222223,308.975,310.8374999999998,315.65,313.1912654320987,2.825379441952457,32,313.0249221183802,316.16822429906546,313.7515527950312,305.84782608695656,311.91614906832314,312.14173487355134,3.442334304306268,max_depth,param_max_depth,combined
71,0.32820591926574705,0.06529571092399766,0.1692119598388672,0.05668521183243189,4,65,"{'max_depth': 4, 'n_estimators': 65}",0.8518518518518519,0.8765432098765432,0.875,0.825,0.925,0.8706790123456789,0.03299958662731311,61,0.9376947040498442,0.9470404984423676,0.953416149068323,0.937888198757764,0.9565217391304348,0.9465122578897468,0.007749272453930846,5832.0,5832.0,5856.0,5456.0,6016.0,5798.4,184.4793755410073,42,5832.0,5832.0,5856.0,5456.0,6016.0,5798.4,184.4793755410073,308.888888888889,304.6790123456791,301.21250000000003,304.35,307.4,305.30608024691367,2.6565285816868984,35,306.34579439252343,305.6355140186915,303.8509316770186,302.18012422360243,306.1180124223602,304.8260753468392,1.5865560734975777,max_depth,param_max_depth,combined
72,0.4995819091796875,0.2526427622522468,0.45694775581359864,0.2305531750911344,7,77,"{'max_depth': 7, 'n_estimators': 77}",0.9382716049382716,0.9506172839506173,0.9125,0.9,0.9625,0.9327777777777777,0.023312707259525393,4,1.0,1.0,1.0,1.0,1.0,1.0,0.0,15768.0,16432.0,16232.0,15104.0,16672.0,16041.6,554.9809366095379,11,15768.0,16432.0,16232.0,15104.0,16672.0,16041.6,554.9809366095379,470.2962962962962,459.8888888888889,444.18749999999994,460.43749999999994,466.43749999999994,460.24953703703693,8.914961449001,13,463.7165109034267,464.25856697819324,457.1180124223603,449.68322981366464,457.37888198757776,458.4310404210445,5.315101773464714,max_depth,param_max_depth,combined
73,0.46352663040161135,0.1830926934389156,0.378265380859375,0.046533043638569825,9,84,"{'max_depth': 9, 'n_estimators': 84}",0.9506172839506173,0.9506172839506173,0.9,0.9125,0.975,0.937746913580247,0.027500259798415323,3,1.0,1.0,1.0,1.0,1.0,1.0,0.0,21032.0,21144.0,20840.0,19912.0,21472.0,20880.0,525.7162732881682,3,21032.0,21144.0,20840.0,19912.0,21472.0,20880.0,525.7162732881682,538.2345679012345,521.7407407407406,501.91249999999985,528.4875000000001,529.725,524.020061728395,12.235163267163065,8,529.0373831775702,525.8193146417443,518.3788819875776,513.5124223602484,518.9068322981367,521.1309668930554,5.568751922977239,max_depth,param_max_depth,combined
74,0.2535568714141846,0.15059079364774156,0.1265564441680908,0.024270446273974414,9,29,"{'max_depth': 9, 'n_estimators': 29}",0.9259259259259259,0.9259259259259259,0.875,0.9,0.9625,0.9178703703703703,0.029253398381597108,33,1.0,1.0,1.0,1.0,1.0,1.0,0.0,7080.0,7240.0,7160.0,6824.0,7104.0,7081.6,140.07083922073144,32,7080.0,7240.0,7160.0,6824.0,7104.0,7081.6,140.07083922073144,186.32098765432096,179.22222222222226,171.675,182.8125,181.17499999999998,180.2411419753086,4.875766241041584,52,183.39563862928347,181.32087227414328,176.55279503105595,176.90683229813664,176.54037267080741,178.94330218068532,2.8674707895711973,max_depth,param_max_depth,combined
75,0.23551487922668457,0.038144297559639675,0.0979382038116455,0.03778007727278738,3,55,"{'max_depth': 3, 'n_estimators': 55}",0.7530864197530864,0.8888888888888888,0.8,0.775,0.8625,0.8158950617283951,0.05171093432290192,77,0.8286604361370716,0.8847352024922118,0.8757763975155279,0.8819875776397516,0.8633540372670807,0.8669027302103288,0.020490768354004627,2784.0,2840.0,2832.0,2736.0,2880.0,2814.4,49.67735902803208,66,2784.0,2840.0,2832.0,2736.0,2880.0,2814.4,49.67735902803208,216.7037037037037,215.45679012345678,215.31249999999997,215.06250000000003,216.2875,215.76459876543208,0.6240874804704717,48,215.96884735202485,215.7352024922118,215.92236024844723,214.18012422360252,215.72981366459626,215.50726959617654,0.6705443134834477,max_depth,param_max_depth,combined
76,0.12166371345520019,0.017422447577247584,0.07391252517700195,0.003412294232894112,9,26,"{'max_depth': 9, 'n_estimators': 26}",0.9382716049382716,0.9259259259259259,0.875,0.9,0.9625,0.9203395061728395,0.030330320878265864,30,1.0,1.0,1.0,1.0,0.9968944099378882,0.9993788819875776,0.0012422360248447006,6368.0,6424.0,6448.0,6112.0,6400.0,6350.4,122.10421778136904,40,6368.0,6424.0,6448.0,6112.0,6400.0,6350.4,122.10421778136904,167.5432098765432,160.01234567901236,154.0375,163.7625,162.61249999999998,161.5936111111111,4.4885444086047555,63,165.04672897196258,162.05919003115264,157.8105590062112,158.25465838509317,158.36024844720492,160.30627696832488,2.8202611002215994,max_depth,param_max_depth,combined
77,0.30388565063476564,0.09972850707740424,0.1713305950164795,0.04922861710981387,6,55,"{'max_depth': 6, 'n_estimators': 55}",0.9259259259259259,0.9382716049382716,0.9,0.9125,0.95,0.9253395061728394,0.017791382825687676,18,0.9968847352024922,0.9968847352024922,0.9937888198757764,0.9937888198757764,0.9968944099378882,0.995648304018885,0.0015182665551155597,9520.0,10064.0,9840.0,9072.0,9792.0,9657.6,340.1044545430124,26,9520.0,10064.0,9840.0,9072.0,9792.0,9657.6,340.1044545430124,321.2839506172839,316.7777777777778,307.83750000000003,316.6750000000001,316.9375000000001,315.90234567901246,4.391772491044178,31,316.8411214953271,319.7414330218068,313.88509316770194,309.3136645962734,311.1428571428571,314.1848338847933,3.7683793618137105,max_depth,param_max_depth,combined
78,0.40528321266174316,0.08819993639755258,0.33532299995422366,0.036071870104493774,7,89,"{'max_depth': 7, 'n_estimators': 89}",0.9382716049382716,0.9506172839506173,0.8875,0.9,0.9625,0.9277777777777777,0.029090549969811613,13,1.0,1.0,1.0,1.0,1.0,1.0,0.0,18448.0,19184.0,18832.0,17432.0,19152.0,18609.6,645.9800616118116,6,18448.0,19184.0,18832.0,17432.0,19152.0,18609.6,645.9800616118116,543.5308641975307,534.1358024691359,515.0749999999999,533.7999999999998,539.4125,533.1908333333332,9.747541663826594,3,536.5981308411214,538.8629283489097,529.9409937888199,521.4627329192547,529.0838509316771,531.1897273659566,6.143896378427271,max_depth,param_max_depth,combined
79,0.1326526165008545,0.008807535518891517,0.044205665588378906,0.007868536963543522,2,39,"{'max_depth': 2, 'n_estimators': 39}",0.7530864197530864,0.7407407407407407,0.7625,0.6875,0.725,0.7337654320987654,0.026324718020231248,86,0.7663551401869159,0.7570093457943925,0.7701863354037267,0.7577639751552795,0.7391304347826086,0.7580890462645847,0.01072728378392924,920.0,920.0,928.0,904.0,928.0,920.0,8.763560920082657,89,920.0,920.0,928.0,904.0,928.0,920.0,8.763560920082657,116.72839506172839,116.65432098765433,116.7625,116.28750000000001,116.725,116.63154320987655,0.1755839919408342,78,116.59190031152649,116.6822429906542,116.78260869565217,116.13043478260869,116.72981366459626,116.58340008900757,0.23500670027374962,max_depth,param_max_depth,combined
80,0.03988428115844726,0.008774981118324532,0.013029146194458007,0.0027087515424457547,2,8,"{'max_depth': 2, 'n_estimators': 8}",0.7037037037037037,0.691358024691358,0.6875,0.6,0.675,0.6715123456790124,0.03691048337478006,93,0.7102803738317757,0.7258566978193146,0.7267080745341615,0.7111801242236024,0.7422360248447205,0.7232522590507149,0.011773830057326186,192.0,192.0,184.0,184.0,184.0,187.2,3.919183588453085,99,192.0,192.0,184.0,184.0,184.0,187.2,3.919183588453085,24.0,24.0,23.7625,23.7625,23.725,23.85,0.12323757543866228,99,24.0,24.0,23.782608695652172,23.70807453416149,23.72981366459627,23.844099378881985,0.1295801638562519,max_depth,param_max_depth,combined
81,0.10239200592041016,0.014218446744332277,0.06700668334960938,0.014453041301074205,9,20,"{'max_depth': 9, 'n_estimators': 20}",0.9259259259259259,0.9135802469135802,0.8625,0.8875,0.9875,0.9154012345679012,0.04216476398670537,37,1.0,1.0,1.0,0.9968944099378882,0.9968944099378882,0.9987577639751553,0.0015214222004864217,4872.0,5000.0,4944.0,4736.0,4848.0,4880.0,89.7997772825746,49,4872.0,5000.0,4944.0,4736.0,4848.0,4880.0,89.7997772825746,128.7407407407407,123.22222222222224,117.07499999999999,126.26249999999999,124.5625,123.97259259259258,3.910671111525994,73,127.14953271028034,124.83177570093454,120.32919254658385,122.02795031055902,121.40372670807452,123.14843559528644,2.4935933821279157,max_depth,param_max_depth,combined
82,0.11714653968811035,0.017590728598150716,0.05866494178771973,0.017898857548880483,5,25,"{'max_depth': 5, 'n_estimators': 25}",0.8888888888888888,0.9259259259259259,0.875,0.85,0.9625,0.900462962962963,0.0395620746465973,55,0.9657320872274143,0.9688473520249221,0.9751552795031055,0.9658385093167702,0.9813664596273292,0.9713879375399083,0.0060498452812757205,3192.0,3256.0,3296.0,3096.0,3344.0,3236.8,86.25172462043875,61,3192.0,3256.0,3296.0,3096.0,3344.0,3236.8,86.25172462043875,134.80246913580245,130.54320987654322,129.8375,133.0625,132.11249999999998,132.07163580246913,1.7758592866524967,68,133.6386292834891,131.62928348909657,131.8944099378882,130.67080745341613,130.84782608695656,131.7361912501693,1.0564060006206915,max_depth,param_max_depth,combined
83,0.21744875907897948,0.022246512925052957,0.09807934761047363,0.013164577989547024,4,53,"{'max_depth': 4, 'n_estimators': 53}",0.8518518518518519,0.8765432098765432,0.8625,0.8125,0.9125,0.8631790123456791,0.03258309228355598,69,0.9283489096573209,0.9439252336448598,0.9503105590062112,0.9316770186335404,0.9503105590062112,0.9409144559896288,0.009261333483065294,4752.0,4816.0,4848.0,4512.0,4912.0,4768.0,138.0086953782261,52,4752.0,4816.0,4848.0,4512.0,4912.0,4768.0,138.0086953782261,253.03703703703712,249.79012345679016,247.65,249.575,251.21249999999998,250.25293209876546,1.7956085400106223,45,251.1588785046729,250.60436137071645,249.60869565217394,247.62422360248445,249.83229813664593,249.7656914533387,1.2049320377852517,max_depth,param_max_depth,combined
84,0.14764814376831054,0.0275988883833098,0.08200035095214844,0.013634996942341979,6,30,"{'max_depth': 6, 'n_estimators': 30}",0.9012345679012346,0.9382716049382716,0.875,0.875,0.95,0.9079012345679013,0.031318021533835436,47,0.9937694704049844,0.9844236760124611,0.9906832298136646,0.9937888198757764,1.0,0.9925330392213774,0.005060529950355702,4984.0,5144.0,5336.0,4736.0,5072.0,5054.4,196.9625345084694,46,4984.0,5144.0,5336.0,4736.0,5072.0,5054.4,196.9625345084694,174.56790123456787,170.93827160493834,167.575,171.80000000000004,171.35,171.24623456790127,2.232653009414602,58,172.50778816199377,172.99999999999997,170.5155279503106,167.8944099378882,168.42857142857144,170.4692594957528,2.0667194016596655,max_depth,param_max_depth,combined
85,0.15576891899108886,0.006654173310534771,0.05237264633178711,0.001706602130397429,3,43,"{'max_depth': 3, 'n_estimators': 43}",0.7407407407407407,0.8765432098765432,0.8,0.775,0.875,0.8134567901234568,0.054249602365412465,79,0.8348909657320872,0.881619937694704,0.8788819875776398,0.8664596273291926,0.8478260869565217,0.861935721058029,0.018031143206252803,2160.0,2200.0,2184.0,2136.0,2240.0,2184.0,35.41750979388585,75,2160.0,2200.0,2184.0,2136.0,2240.0,2184.0,35.41750979388585,169.0246913580247,168.03703703703704,167.61249999999998,168.15,168.7125,168.30734567901234,0.5018704592392791,60,168.36137071651086,168.27725856697816,168.16459627329195,167.40062111801245,168.35714285714286,168.11219790638725,0.3628821446388195,max_depth,param_max_depth,combined
86,0.12168445587158203,0.00829023064703725,0.051699066162109376,0.003921874191417123,4,29,"{'max_depth': 4, 'n_estimators': 29}",0.8641975308641975,0.8765432098765432,0.85,0.8125,0.9375,0.868148148148148,0.04079665541966498,65,0.9065420560747663,0.9376947040498442,0.9409937888198758,0.9285714285714286,0.9347826086956522,0.9297169172423135,0.01228707027125575,2544.0,2488.0,2632.0,2456.0,2648.0,2553.6,76.13041442157004,70,2544.0,2488.0,2632.0,2456.0,2648.0,2553.6,76.13041442157004,137.93827160493834,134.96296296296296,135.0875,136.9375,137.63749999999996,136.51274691358023,1.2578365866650785,67,136.78816199376945,135.75077881619936,136.17080745341613,135.94409937888196,137.07453416149067,136.34567636075153,0.5045341464677939,max_depth,param_max_depth,combined
87,0.0967972755432129,0.012902659018198434,0.06311440467834473,0.00528726209343234,7,22,"{'max_depth': 7, 'n_estimators': 22}",0.9135802469135802,0.9382716049382716,0.9,0.8875,0.9625,0.9203703703703704,0.026969905100517607,26,0.9968847352024922,0.9968847352024922,0.9968944099378882,1.0,0.9968944099378882,0.9975116580561523,0.0012441784950235552,4440.0,4672.0,4664.0,4424.0,4608.0,4561.6,108.21016588102987,54,4440.0,4672.0,4664.0,4424.0,4608.0,4561.6,108.21016588102987,133.98765432098767,128.93827160493828,126.9,132.4,130.8,130.6051851851852,2.49829576418541,69,132.33644859813086,131.17133956386292,130.24844720496895,128.71428571428572,127.93788819875778,130.08168185600124,1.5977960518506913,max_depth,param_max_depth,combined
88,0.1899550437927246,0.035447222408915936,0.07460737228393555,0.010914553803592117,3,49,"{'max_depth': 3, 'n_estimators': 49}",0.7777777777777778,0.8888888888888888,0.8125,0.7625,0.8625,0.8208333333333332,0.048360464926437946,76,0.8411214953271028,0.881619937694704,0.8819875776397516,0.8819875776397516,0.84472049689441,0.866287417039144,0.019112990009775215,2472.0,2520.0,2504.0,2424.0,2560.0,2496.0,45.81702740248433,71,2472.0,2520.0,2504.0,2424.0,2560.0,2496.0,45.81702740248433,192.79012345679013,191.46913580246914,191.54999999999998,191.25000000000003,192.35,191.88185185185185,0.5871655556375649,50,192.03115264797503,191.7725856697819,192.13354037267084,190.37267080745343,191.85403726708074,191.63279735299238,0.6427810352936704,max_depth,param_max_depth,combined
89,0.052460098266601564,0.002119437653939235,0.033680057525634764,0.003454443798094165,8,12,"{'max_depth': 8, 'n_estimators': 12}",0.9012345679012346,0.9382716049382716,0.875,0.875,0.95,0.9079012345679013,0.031318021533835436,47,1.0,0.9937694704049844,0.9968944099378882,0.9968944099378882,0.9937888198757764,0.9962694220313075,0.0023281570795467923,2736.0,2744.0,2688.0,2600.0,2800.0,2713.6,67.00925309239015,67,2736.0,2744.0,2688.0,2600.0,2800.0,2713.6,67.00925309239015,76.8395061728395,72.28395061728395,68.475,73.425,72.8875,72.78219135802468,2.6715627485486886,90,75.61993769470405,72.67289719626167,70.72360248447205,70.73602484472049,71.02484472049689,72.15546138813103,1.876893708457169,max_depth,param_max_depth,combined
90,0.055989313125610354,0.009899279614789626,0.03006734848022461,0.0023209713447042563,6,12,"{'max_depth': 6, 'n_estimators': 12}",0.9259259259259259,0.9382716049382716,0.8875,0.8375,0.925,0.9028395061728395,0.03683491659591416,54,0.9781931464174455,0.9813084112149533,0.9813664596273292,0.984472049689441,0.9937888198757764,0.9838257773649891,0.005362682005274008,1928.0,2024.0,2072.0,1952.0,2040.0,2003.2,54.4,79,1928.0,2024.0,2072.0,1952.0,2040.0,2003.2,54.4,69.87654320987654,67.38271604938272,64.2,68.25,67.325,67.40685185185185,1.8494028909875502,92,68.73831775700934,67.98442367601245,65.84161490683229,66.4223602484472,66.08695652173914,67.01473462200809,1.1400811508520856,max_depth,param_max_depth,combined
91,0.27981767654418943,0.05848482580646991,0.1743297576904297,0.03502295896016729,7,52,"{'max_depth': 7, 'n_estimators': 52}",0.9382716049382716,0.9382716049382716,0.9,0.8875,0.9625,0.9253086419753087,0.027529237896936048,19,0.9968847352024922,1.0,1.0,1.0,1.0,0.9993769470404985,0.0012461059190031153,10608.0,11472.0,10984.0,10304.0,11184.0,10910.4,413.4816078134552,24,10608.0,11472.0,10984.0,10304.0,11184.0,10910.4,413.4816078134552,317.3950617283951,310.66666666666674,300.67499999999995,313.21250000000003,315.43750000000006,311.4773456790124,5.849116491141844,33,313.1838006230529,314.20249221183803,308.81055900621124,304.6832298136645,308.080745341615,309.79216539927637,3.491358034558042,max_depth,param_max_depth,combined
92,0.23531146049499513,0.05508018624703352,0.11507854461669922,0.018092266689257407,5,46,"{'max_depth': 5, 'n_estimators': 46}",0.8765432098765432,0.9259259259259259,0.8875,0.875,0.975,0.9079938271604938,0.03823380251728371,45,0.9781931464174455,0.9688473520249221,0.984472049689441,0.968944099378882,0.9875776397515528,0.9776068574524487,0.007728692148526499,5920.0,6280.0,6224.0,5736.0,6264.0,6084.8,218.36336689106074,41,5920.0,6280.0,6224.0,5736.0,6264.0,6084.8,218.36336689106074,246.65432098765433,243.62962962962962,240.8875,244.0374999999999,245.23749999999998,244.08929012345675,1.9164132767237838,47,244.25233644859813,245.23676012461058,244.51863354037272,240.18944099378882,242.42546583850938,243.3245273891759,1.8210124416910547,max_depth,param_max_depth,combined
93,0.04831371307373047,0.0036119287385123653,0.031064319610595702,0.0030374719036758676,8,11,"{'max_depth': 8, 'n_estimators': 11}",0.9012345679012346,0.9259259259259259,0.9,0.85,0.9375,0.9029320987654321,0.030122887567987627,53,1.0,0.9937694704049844,0.9968944099378882,1.0,1.0,0.9981327760685745,0.002491247182349129,2512.0,2512.0,2400.0,2360.0,2576.0,2472.0,79.67935742712788,72,2512.0,2512.0,2400.0,2360.0,2576.0,2472.0,79.67935742712788,70.61728395061728,66.70370370370371,62.65,67.08749999999999,66.275,66.66669753086418,2.532700663123541,93,69.58255451713396,66.79439252336448,64.68012422360249,64.56521739130434,64.54347826086956,66.03315338325497,1.9688773141668345,max_depth,param_max_depth,combined
94,0.12310428619384765,0.00706669203721432,0.03377742767333984,0.002404084586167057,1,40,"{'max_depth': 1, 'n_estimators': 40}",0.5061728395061729,0.49382716049382713,0.5,0.5,0.5,0.5,0.0039040464940350537,95,0.4984423676012461,0.5015576323987538,0.5,0.5,0.5,0.5,0.0009851332274667674,320.0,320.0,320.0,320.0,320.0,320.0,0.0,97,320.0,320.0,320.0,320.0,320.0,320.0,0.0,80.0,80.0,80.0,80.0,80.0,80.0,0.0,88,80.0,80.0,80.0,80.0,80.0,80.0,0.0,max_depth,param_max_depth,combined
95,0.12300214767456055,0.010575695804458865,0.0816798210144043,0.006404274448330837,9,28,"{'max_depth': 9, 'n_estimators': 28}",0.9135802469135802,0.9382716049382716,0.875,0.9,0.9625,0.9178703703703703,0.030277510349808766,33,1.0,1.0,1.0,1.0,0.9968944099378882,0.9993788819875776,0.0012422360248447006,6856.0,6984.0,6928.0,6584.0,6872.0,6844.8,137.97159127878464,35,6856.0,6984.0,6928.0,6584.0,6872.0,6844.8,137.97159127878464,180.29629629629628,173.0740740740741,166.275,176.9,175.67499999999998,174.44407407407408,4.699062182068505,55,177.3676012461059,175.1993769470405,170.86335403726713,170.8416149068323,171.06521739130432,173.06743290571004,2.715059098424155,max_depth,param_max_depth,combined
96,0.3637577533721924,0.0220342879412935,0.2819155216217041,0.015487529493553148,6,92,"{'max_depth': 6, 'n_estimators': 92}",0.9135802469135802,0.9382716049382716,0.8875,0.9,0.9625,0.9203703703703703,0.026969905100517607,27,0.9968847352024922,1.0,0.9968944099378882,1.0,1.0,0.9987558290280761,0.0015237950882968552,15816.0,16456.0,16224.0,15072.0,16352.0,15984.0,505.12889444180485,12,15816.0,16456.0,16224.0,15072.0,16352.0,15984.0,505.12889444180485,534.4814814814814,530.1234567901236,513.225,525.9000000000002,529.6750000000003,526.680987654321,7.257216451147657,6,528.8224299065421,533.4766355140187,523.7857142857143,515.3695652173914,522.1335403726708,524.7175770592675,6.140062884593186,max_depth,param_max_depth,combined
97,0.34414000511169435,0.052353682462768746,0.28171305656433104,0.024956912718816785,8,76,"{'max_depth': 8, 'n_estimators': 76}",0.9382716049382716,0.9506172839506173,0.8875,0.9,0.9625,0.9277777777777777,0.029090549969811613,13,1.0,1.0,1.0,1.0,1.0,1.0,0.0,17768.0,18024.0,17704.0,16960.0,18384.0,17768.0,469.4575593171336,9,17768.0,18024.0,17704.0,16960.0,18384.0,17768.0,469.4575593171336,476.43209876543204,465.77777777777777,448.59999999999997,470.5249999999999,470.54999999999995,466.3769753086419,9.509002476087067,10,468.8566978193146,469.5763239875391,462.83229813664593,457.7826086956522,461.1024844720497,464.0300826222403,4.540780915417716,max_depth,param_max_depth,combined
98,0.10309739112854004,0.013332698022499916,0.03645009994506836,0.00849526604197127,3,25,"{'max_depth': 3, 'n_estimators': 25}",0.7530864197530864,0.8765432098765432,0.8125,0.775,0.825,0.8084259259259259,0.04268727175925439,81,0.822429906542056,0.8785046728971962,0.8664596273291926,0.860248447204969,0.8385093167701864,0.85323039414872,0.020141673224895462,1264.0,1256.0,1256.0,1272.0,1272.0,1264.0,7.155417527999327,84,1264.0,1256.0,1256.0,1272.0,1272.0,1264.0,7.155417527999327,98.50617283950618,97.30864197530865,97.38749999999999,98.25,97.18750000000001,97.72796296296296,0.5407362784499341,83,98.27414330218068,97.53894080996884,97.7080745341615,98.01552795031058,96.972049689441,97.70174725721252,0.4438693658647035,max_depth,param_max_depth,combined
99,0.30533723831176757,0.029173696779702777,0.11455836296081542,0.013570655977116047,3,83,"{'max_depth': 3, 'n_estimators': 83}",0.7530864197530864,0.8888888888888888,0.8,0.7875,0.875,0.820895061728395,0.052345679012345665,73,0.838006230529595,0.8847352024922118,0.8633540372670807,0.8881987577639752,0.8509316770186336,0.8650451810142993,0.019271434132557476,4200.0,4240.0,4248.0,4096.0,4344.0,4225.6,80.22368727501872,57,4200.0,4240.0,4248.0,4096.0,4344.0,4225.6,80.22368727501872,326.45679012345676,325.01234567901236,323.81249999999994,322.7250000000001,326.01250000000005,324.8038271604938,1.3813694990690748,28,325.4080996884734,325.3800623052959,325.2639751552796,321.45652173913044,325.45031055900614,324.5917938894371,1.5688551389817278,max_depth,param_max_depth,combined
