fs,n,duration_s,min,max,peak,rms,md5,rel,label
16000,16000,1.0,-0.359375,0.30859375,0.359375,0.04653795617391111,0f622ec1c7fef3b68422a0aa2314f887,får/får_A_0.75m_stille_001_s01.wav,får
16000,16000,1.0,-0.37890625,0.28515625,0.37890625,0.04323023338234993,7ea591319842734c930b66ad046ba3b2,får/får_A_0.75m_stille_001_s02.wav,får
16000,16000,1.0,-0.32763671875,0.2392578125,0.32763671875,0.0399571301663144,c14eb49100a1fdf519870e0151e5d954,får/får_A_0.75m_stille_001_s03.wav,får
16000,16000,1.0,-0.32568359375,0.30029296875,0.32568359375,0.04424802661308626,7f40a10fb998f6ef7d281ed529a7e435,får/får_A_0.75m_stille_001_s04.wav,får
16000,16000,1.0,-0.37109375,0.2900390625,0.37109375,0.04376431487550934,56c933d4e85958ddc87b4e50d1abd027,får/får_A_0.75m_stille_001_s05.wav,får
16000,16000,1.0,-0.23681640625,0.19189453125,0.23681640625,0.03169097898294908,fc5acd2155f00f9dddd1a7889d4f1f2b,får/får_A_0.75m_stille_001_s06.wav,får
16000,16000,1.0,-0.2216796875,0.130859375,0.2216796875,0.02685837887816668,7fa53fd977f775d2eb4c134652a4b292,får/får_A_0.75m_stille_001_s07.wav,får
16000,16000,1.0,-0.33642578125,0.24853515625,0.33642578125,0.03462897610366516,79311116f4d4a30dab38e4486f9bebf8,får/får_A_0.75m_stille_001_s08.wav,får
16000,16000,1.0,-0.28662109375,0.23974609375,0.28662109375,0.03417254979773983,093afb7e3b5914b27844ca12d25bf08d,får/får_A_0.75m_stille_001_s09.wav,får
16000,16000,1.0,-0.30712890625,0.19921875,0.30712890625,0.034859832906666936,85a43d7e85e7b30cf829b2e51ffa1e97,får/får_A_0.75m_stille_001_s10.wav,får
16000,16000,1.0,-0.14990234375,0.13623046875,0.14990234375,0.020800493647457334,d83db61c963d1ff625e1aa5485b2ea14,får/får_A_1.5m_stille_001_s01.wav,får
16000,16000,1.0,-0.0791015625,0.06689453125,0.0791015625,0.010914099092571586,07e602badec0ab76e9a9949021e4a23f,får/får_A_1.5m_stille_001_s02.wav,får
16000,16000,1.0,-0.0810546875,0.06103515625,0.0810546875,0.010756575964979717,90cfadfe09c401645bc04c179fd09194,får/får_A_1.5m_stille_001_s03.wav,får
16000,16000,1.0,-0.0537109375,0.04150390625,0.0537109375,0.007702488788915769,29a61463c2ff2b3c7f3bc6b05b519d55,får/får_A_1.5m_stille_001_s04.wav,får
16000,16000,1.0,-0.10791015625,0.07421875,0.10791015625,0.013592110275769266,fa35702772172b84dbb29597dfaa2f69,får/får_A_1.5m_stille_001_s05.wav,får
16000,16000,1.0,-0.107421875,0.08154296875,0.107421875,0.013213370183858928,4d4663657c4a0a9fb55720ef55eb610f,får/får_A_1.5m_stille_001_s06.wav,får
16000,16000,1.0,-0.1298828125,0.1044921875,0.1298828125,0.015058487604615109,be8fb1cda00efcd563a712c59960a386,får/får_A_1.5m_stille_001_s07.wav,får
16000,16000,1.0,-0.15576171875,0.12451171875,0.15576171875,0.01826658584569939,97d079409259bb4ac2ab14f8c477a34a,får/får_A_1.5m_stille_001_s08.wav,får
16000,16000,1.0,-0.10888671875,0.07470703125,0.10888671875,0.012674113292962466,c6018d8dfaad8e9bc2475f9e4ca6a568,får/får_A_1.5m_stille_001_s09.wav,får
16000,16000,1.0,-0.15869140625,0.10302734375,0.15869140625,0.014805111069827102,9891d16371ef8cbf8a73dc83cdbd23ae,får/får_A_1.5m_stille_001_s10.wav,får
16000,16000,1.0,-0.57275390625,0.515625,0.57275390625,0.07855486169993112,ae077b887d3a1430088271cd3d4e3ec4,får/får_C_0.75m_stille_001_s01.wav,får
16000,16000,1.0,-0.37353515625,0.29150390625,0.37353515625,0.048736887272836045,448e978f569e1d9c76ea9e388a81922e,får/får_C_0.75m_stille_001_s02.wav,får
16000,16000,1.0,-0.35107421875,0.2734375,0.35107421875,0.04277787347846654,9f55beba1edb2f9ebc7302dcebc6b4ae,får/får_C_0.75m_stille_001_s03.wav,får
16000,16000,1.0,-0.34375,0.24462890625,0.34375,0.04288856585951899,b1886e2b798f7fe60f3475872453533e,får/får_C_0.75m_stille_001_s04.wav,får
16000,16000,1.0,-0.3603515625,0.23046875,0.3603515625,0.04140165160702351,1b092f07da7115e93e2139c9adfc1e18,får/får_C_0.75m_stille_001_s05.wav,får
16000,16000,1.0,-0.30517578125,0.26708984375,0.30517578125,0.042655640494199565,00489d9e4b5a82409993e4f9e4aa9e9a,får/får_C_0.75m_stille_001_s06.wav,får
16000,16000,1.0,-0.3408203125,0.2568359375,0.3408203125,0.04431562169434399,85e6140e818e937cd83f43ae8c0b23c9,får/får_C_0.75m_stille_001_s07.wav,får
16000,16000,1.0,-0.337890625,0.27734375,0.337890625,0.04781718939602854,952284ce09ee20728ac02f04810bd395,får/får_C_0.75m_stille_001_s08.wav,får
16000,16000,1.0,-0.35595703125,0.330078125,0.35595703125,0.05230712848849161,81933dfeab1b22196f1416e856d8fb5d,får/får_C_0.75m_stille_001_s09.wav,får
16000,16000,1.0,-0.36767578125,0.30615234375,0.36767578125,0.05300064877165691,dc3e7f5681c7a4708d8e1cd6e068ad4a,får/får_C_0.75m_stille_001_s10.wav,får
16000,16000,1.0,-0.98193359375,0.82568359375,0.98193359375,0.11623951671533012,f95b65b8d93b60f88f4ab35128f5e933,får/får_C_1.5m_stille_001_s01.wav,får
16000,16000,1.0,-0.66455078125,0.66357421875,0.66455078125,0.08496118138307746,a87354135d283bc0c3ff1e714be126a4,får/får_C_1.5m_stille_001_s02.wav,får
16000,16000,1.0,-0.5966796875,0.60595703125,0.60595703125,0.08598975414160556,00fc8ad9abb1c1ee2f3f9ffaee22620e,får/får_C_1.5m_stille_001_s03.wav,får
16000,16000,1.0,-0.42529296875,0.41552734375,0.42529296875,0.06408527772593685,e221442b4c22c03b495473b9d2f9f7f7,får/får_C_1.5m_stille_001_s04.wav,får
16000,16000,1.0,-0.52685546875,0.54052734375,0.54052734375,0.07750860082553128,2c23a04a2948af06bb0b838363a13305,får/får_C_1.5m_stille_001_s05.wav,får
16000,16000,1.0,-0.56982421875,0.576171875,0.576171875,0.08860756075714124,6aab97c6d4f1a391245ff0003541894f,får/får_C_1.5m_stille_001_s06.wav,får
16000,16000,1.0,-0.43212890625,0.36474609375,0.43212890625,0.054750090485098074,e1f64f2ddffcf04721b3ff9ea64cb38f,får/får_C_1.5m_stille_001_s07.wav,får
16000,16000,1.0,-0.8310546875,0.7626953125,0.8310546875,0.10478942919741485,0663bb68f6931cae051e68d8af83228c,får/får_C_1.5m_stille_001_s08.wav,får
16000,16000,1.0,-0.61865234375,0.556640625,0.61865234375,0.06968734183818558,aa04f4f80e496c0dc9bb238f53fb4232,får/får_C_1.5m_stille_001_s09.wav,får
16000,16000,1.0,-0.60986328125,0.578125,0.60986328125,0.08144069796391554,af4934bab901589487552500eb9b273c,får/får_C_1.5m_stille_001_s10.wav,får
16000,16000,1.0,-0.373046875,0.337890625,0.373046875,0.05044008106045536,2a63f4acba3948b1dfa908d604e3f208,får/får_J_0.75m_stille_001_s01.wav,får
16000,16000,1.0,-0.3388671875,0.3017578125,0.3388671875,0.04663724702827898,5040cc10f343d7ffefc5530bb9893657,får/får_J_0.75m_stille_001_s02.wav,får
16000,16000,1.0,-0.3212890625,0.28857421875,0.3212890625,0.04252481974691458,d5b7f7dff2e0d6e9ce5b73d1feb29ffc,får/får_J_0.75m_stille_001_s03.wav,får
16000,16000,1.0,-0.3232421875,0.30419921875,0.3232421875,0.04439916615340625,4ab55022e3632f31471d30ec42dba8f1,får/får_J_0.75m_stille_001_s04.wav,får
16000,16000,1.0,-0.28857421875,0.26123046875,0.28857421875,0.04467125435069928,4c9c2e3d94e3fd02946afad863902d83,får/får_J_0.75m_stille_001_s05.wav,får
16000,16000,1.0,-0.28466796875,0.2294921875,0.28466796875,0.038495556953343356,8d1e0edc0818a139b7ad094d77803450,får/får_J_0.75m_stille_001_s06.wav,får
16000,16000,1.0,-0.2333984375,0.216796875,0.2333984375,0.03428377728355152,662b8732ab03c2190163c63da2a81693,får/får_J_0.75m_stille_001_s07.wav,får
16000,16000,1.0,-0.3642578125,0.32666015625,0.3642578125,0.049684878596112855,a87874300bb7bd3fd9413faeb60d495c,får/får_J_0.75m_stille_001_s08.wav,får
16000,16000,1.0,-0.29931640625,0.2666015625,0.29931640625,0.04197218752548425,44387ea03726571b37ffad259dec6339,får/får_J_0.75m_stille_001_s09.wav,får
16000,16000,1.0,-0.3701171875,0.37060546875,0.37060546875,0.05024237420258555,e5ab92aeebb851c5f0b0d6725d582e0e,får/får_J_0.75m_stille_001_s10.wav,får
16000,16000,1.0,-0.38818359375,0.35693359375,0.38818359375,0.05463488991898278,5b51fe6f69fc0e9d988323a15b3f7774,får/får_J_1.5m_stille_001_s01.wav,får
16000,16000,1.0,-0.57373046875,0.4833984375,0.57373046875,0.05539564568172278,151fc0e9dc0bc969ba796996fb1ca663,får/får_J_1.5m_stille_001_s02.wav,får
16000,16000,1.0,-0.69775390625,0.56494140625,0.69775390625,0.054809175019006895,e1504d4da4499a919d24406d767658ca,får/får_J_1.5m_stille_001_s03.wav,får
16000,16000,1.0,-0.44482421875,0.40087890625,0.44482421875,0.04922584634926646,10932576dc7319543361d8697cdb297a,får/får_J_1.5m_stille_001_s04.wav,får
16000,16000,1.0,-0.49072265625,0.4375,0.49072265625,0.061853701782417274,57c136f932356a7fcfa89a21c94ffe65,får/får_J_1.5m_stille_001_s05.wav,får
16000,16000,1.0,-0.77685546875,0.58447265625,0.77685546875,0.0668276535272533,39085da3df0bfa06f0de9eeb337f95b9,får/får_J_1.5m_stille_001_s06.wav,får
16000,16000,1.0,-0.43896484375,0.326171875,0.43896484375,0.0505867220942372,426491c7f5ec101bdbaa30c049dff2b7,får/får_J_1.5m_stille_001_s07.wav,får
16000,16000,1.0,-0.54345703125,0.4384765625,0.54345703125,0.05216322115209333,81bc43ebddbbf538ba373459e712d1c8,får/får_J_1.5m_stille_001_s08.wav,får
16000,16000,1.0,-0.5068359375,0.4228515625,0.5068359375,0.04101300550308658,19046f6e435ebab7f799be2f32d5a760,får/får_J_1.5m_stille_001_s09.wav,får
16000,16000,1.0,-0.35546875,0.25634765625,0.35546875,0.04514272702934198,bce5a64488570da38ebd781632ccd0ff,får/får_J_1.5m_stille_001_s10.wav,får
16000,16000,1.0,-0.1630859375,0.14599609375,0.1630859375,0.02377579871015518,5f41d3023080a0bb9283db9486fff4e8,ged/ged_A_0.75m_stille_001_s01.wav,ged
16000,16000,1.0,-0.146484375,0.1220703125,0.146484375,0.021172945997418553,5b63ede57763a370b891dbce9a5398f2,ged/ged_A_0.75m_stille_001_s02.wav,ged
16000,16000,1.0,-0.11962890625,0.10791015625,0.11962890625,0.02039294272331833,4b427b34c0156f2d3500dccccb4ee1ea,ged/ged_A_0.75m_stille_001_s03.wav,ged
16000,16000,1.0,-0.12841796875,0.11083984375,0.12841796875,0.017929324587765975,b7eed95c69b208ea0733af592c89b7d3,ged/ged_A_0.75m_stille_001_s04.wav,ged
16000,16000,1.0,-0.13037109375,0.10498046875,0.13037109375,0.021113826263729398,2850c8c59155b49fe8a0a16ddfa2f5c5,ged/ged_A_0.75m_stille_001_s05.wav,ged
16000,16000,1.0,-0.09814453125,0.0810546875,0.09814453125,0.01516907467279935,bcd72d08658c030da44d54917386b23d,ged/ged_A_0.75m_stille_001_s06.wav,ged
16000,16000,1.0,-0.111328125,0.091796875,0.111328125,0.01512229875761365,ff8134875e11c0db58f93cfe7baf222f,ged/ged_A_0.75m_stille_001_s07.wav,ged
16000,16000,1.0,-0.10546875,0.0986328125,0.10546875,0.015315863019648495,d31ec4dc621d7eb735131309f6b959ae,ged/ged_A_0.75m_stille_001_s08.wav,ged
16000,16000,1.0,-0.12548828125,0.10595703125,0.12548828125,0.018461268535875035,a2a6f0149789185078cc76e0d7f6ace5,ged/ged_A_0.75m_stille_001_s09.wav,ged
16000,16000,1.0,-0.11669921875,0.09130859375,0.11669921875,0.016730370746421194,5cc7657f4b92222814a4237e2326b3a1,ged/ged_A_0.75m_stille_001_s10.wav,ged
16000,16000,1.0,-0.173828125,0.12451171875,0.173828125,0.022051681171467975,c489335d98d5a41eb1a934606d5757f0,ged/ged_A_1.5m_stille_001_s01.wav,ged
16000,16000,1.0,-0.24951171875,0.1875,0.24951171875,0.032428355676258645,126154b8fa920c21cb3820b125105988,ged/ged_A_1.5m_stille_001_s02.wav,ged
16000,16000,1.0,-0.18798828125,0.1630859375,0.18798828125,0.02382438132069356,eeaf711048b13493c3027720e93597f8,ged/ged_A_1.5m_stille_001_s03.wav,ged
16000,16000,1.0,-0.18359375,0.14013671875,0.18359375,0.024511354015755004,ab83d9df471e2a492409027ce4570226,ged/ged_A_1.5m_stille_001_s04.wav,ged
16000,16000,1.0,-0.154296875,0.1416015625,0.154296875,0.018988126010220506,f780ef733b461d46cbb39eec1752ebd6,ged/ged_A_1.5m_stille_001_s05.wav,ged
16000,16000,1.0,-0.1728515625,0.12255859375,0.1728515625,0.02283453937101375,cfb3d6bb2cac6f5da4a7c15a2453d56e,ged/ged_A_1.5m_stille_001_s06.wav,ged
16000,16000,1.0,-0.1474609375,0.09912109375,0.1474609375,0.016752142254598635,af0cbd974b22fd26651e3242d3958363,ged/ged_A_1.5m_stille_001_s07.wav,ged
16000,16000,1.0,-0.17431640625,0.12451171875,0.17431640625,0.020844030439525173,7e19c3c962220d35b8f7b2914bcf286b,ged/ged_A_1.5m_stille_001_s08.wav,ged
16000,16000,1.0,-0.10595703125,0.08837890625,0.10595703125,0.015325030079094148,b2e0f7875c1026da80af05e7942f3b83,ged/ged_A_1.5m_stille_001_s09.wav,ged
16000,16000,1.0,-0.11962890625,0.09375,0.11962890625,0.015387902027229259,b8af0df27a5e88afa5a641076f826132,ged/ged_A_1.5m_stille_001_s10.wav,ged
16000,16000,1.0,-0.3330078125,0.34228515625,0.34228515625,0.05683333480317307,ef1119f26c5bfe1f5f0cb8a26cda031e,ged/ged_C_0.75m_stille_001_s01.wav,ged
16000,16000,1.0,-0.46923828125,0.49462890625,0.49462890625,0.07086991832770687,d7e8261b0acf2e57d61bcc7dc84fb524,ged/ged_C_0.75m_stille_001_s02.wav,ged
16000,16000,1.0,-0.42236328125,0.45458984375,0.45458984375,0.06846898822785515,02d8101fafa0c6d16dda59880bae1560,ged/ged_C_0.75m_stille_001_s03.wav,ged
16000,16000,1.0,-0.365234375,0.34326171875,0.365234375,0.059196443239970156,9d13cb552ac4d0ad5f000139c8389672,ged/ged_C_0.75m_stille_001_s04.wav,ged
16000,16000,1.0,-0.37451171875,0.37109375,0.37451171875,0.06137852208563577,44579afafd6a4986b6e46cd7ae4648a5,ged/ged_C_0.75m_stille_001_s05.wav,ged
16000,16000,1.0,-0.3037109375,0.30078125,0.3037109375,0.04591949143428185,893a2e17f8859032150d240e01aaab74,ged/ged_C_0.75m_stille_001_s06.wav,ged
16000,16000,1.0,-0.271484375,0.306640625,0.306640625,0.045743230530439986,47467ffe0c697e88501650c62b7b4aac,ged/ged_C_0.75m_stille_001_s07.wav,ged
16000,16000,1.0,-0.421875,0.39013671875,0.421875,0.052840416440923396,ba6e0eff125591c6ddebf8aaf8f6f1df,ged/ged_C_0.75m_stille_001_s08.wav,ged
16000,16000,1.0,-0.3876953125,0.32568359375,0.3876953125,0.05485402951903698,5c7a6267c42f20937b4444d71f92931c,ged/ged_C_0.75m_stille_001_s09.wav,ged
16000,16000,1.0,-0.4091796875,0.3837890625,0.4091796875,0.06458794637074036,95d7cd867bbf820931316bfeda830efb,ged/ged_C_0.75m_stille_001_s10.wav,ged
16000,16000,1.0,-0.24951171875,0.17822265625,0.24951171875,0.030264703307030846,093f77b5a3710829007e55a81221b04f,ged/ged_C_1.5m_stille_001_s01.wav,ged
16000,16000,1.0,-0.2451171875,0.189453125,0.2451171875,0.02780393314948968,f0d93e800f6a833d892aad07fcd80924,ged/ged_C_1.5m_stille_001_s02.wav,ged
16000,16000,1.0,-0.3681640625,0.427734375,0.427734375,0.06010647573178647,fd462d5b15aab14e409b6132f7b611f1,ged/ged_C_1.5m_stille_001_s03.wav,ged
16000,16000,1.0,-0.36669921875,0.28955078125,0.36669921875,0.046890427127750635,90cee76b3452baee34dbca66fa02cbaf,ged/ged_C_1.5m_stille_001_s04.wav,ged
16000,16000,1.0,-0.275390625,0.19970703125,0.275390625,0.03318513923155967,1b277b20a349a44609735e46f946fcb1,ged/ged_C_1.5m_stille_001_s05.wav,ged
16000,16000,1.0,-0.2451171875,0.193359375,0.2451171875,0.031357921230960026,6b9ffb20d37e0a92958d0885484eef6e,ged/ged_C_1.5m_stille_001_s06.wav,ged
16000,16000,1.0,-0.2509765625,0.19384765625,0.2509765625,0.032215839120160156,bcf6e243ba08517dcc3515452b12ff83,ged/ged_C_1.5m_stille_001_s07.wav,ged
16000,16000,1.0,-0.31298828125,0.22705078125,0.31298828125,0.039107755970240354,1a071480caa64efa310ec717b9b4cbcd,ged/ged_C_1.5m_stille_001_s08.wav,ged
16000,16000,1.0,-0.32080078125,0.263671875,0.32080078125,0.037959601368976345,b7ecdf9277bb3d1035b1cc49766251cc,ged/ged_C_1.5m_stille_001_s09.wav,ged
16000,16000,1.0,-0.2783203125,0.19921875,0.2783203125,0.0350859277936091,f26ed5afda142a70312b7022b255b4fb,ged/ged_C_1.5m_stille_001_s10.wav,ged
16000,16000,1.0,-0.412109375,0.40625,0.412109375,0.05819746400416836,79577b13bb71d93108375385e25c0792,ged/ged_J_0.75m_stille_001_s01.wav,ged
16000,16000,1.0,-0.345703125,0.29638671875,0.345703125,0.03751862223835312,c0af94655933eb53763e283949dc0353,ged/ged_J_0.75m_stille_001_s02.wav,ged
16000,16000,1.0,-0.29052734375,0.2548828125,0.29052734375,0.03748412075550985,7d7b9d968536298561f319f3c4f33e0e,ged/ged_J_0.75m_stille_001_s03.wav,ged
16000,16000,1.0,-0.2880859375,0.2451171875,0.2880859375,0.03567534738582134,e304508c3b8e9957da3ef6705b6565fc,ged/ged_J_0.75m_stille_001_s04.wav,ged
16000,16000,1.0,-0.314453125,0.30078125,0.314453125,0.04218639426497322,2a40a4fa9c0bdf265f6a75f404eee72b,ged/ged_J_0.75m_stille_001_s05.wav,ged
16000,16000,1.0,-0.28662109375,0.2822265625,0.28662109375,0.04040426700264895,0f3183b895827fd02fe6e63e47db3b06,ged/ged_J_0.75m_stille_001_s06.wav,ged
16000,16000,1.0,-0.26123046875,0.25341796875,0.26123046875,0.032299337824487837,ef46a5b841756b02099828a07a60ffd6,ged/ged_J_0.75m_stille_001_s07.wav,ged
16000,16000,1.0,-0.31103515625,0.2958984375,0.31103515625,0.045330565249659,76ca23cad0753cb9179f2d55bbdbdc60,ged/ged_J_0.75m_stille_001_s08.wav,ged
16000,16000,1.0,-0.2841796875,0.25244140625,0.2841796875,0.037653936906088314,66762887c632512d5398c4d8a8a27428,ged/ged_J_0.75m_stille_001_s09.wav,ged
16000,16000,1.0,-0.2578125,0.2724609375,0.2724609375,0.03923250285260217,f9b5b16d40bb170e11000af650bbf499,ged/ged_J_0.75m_stille_001_s10.wav,ged
16000,16000,1.0,-0.26513671875,0.2236328125,0.26513671875,0.03612659608454646,3c3bad1ee5985f24cfbb206296c6f075,ged/ged_J_1.5m_stille_001_s01.wav,ged
16000,16000,1.0,-0.24853515625,0.224609375,0.24853515625,0.033876487015515835,5207b511ee755764cc45bd257d8c0af7,ged/ged_J_1.5m_stille_001_s02.wav,ged
16000,16000,1.0,-0.29052734375,0.24951171875,0.29052734375,0.0393961920678175,ba1cbfb9f0530145ae2457589507d104,ged/ged_J_1.5m_stille_001_s03.wav,ged
16000,16000,1.0,-0.38427734375,0.34423828125,0.38427734375,0.042791309379728054,e09b5b07b12857a543f3200360d77868,ged/ged_J_1.5m_stille_001_s04.wav,ged
16000,16000,1.0,-0.28125,0.2353515625,0.28125,0.035088369761105756,094ffb2253a0d502c6e74900bb3f217b,ged/ged_J_1.5m_stille_001_s05.wav,ged
16000,16000,1.0,-0.20947265625,0.19921875,0.20947265625,0.029566423336025847,4f2d4179a05f510035235af86cc4e44c,ged/ged_J_1.5m_stille_001_s06.wav,ged
16000,16000,1.0,-0.22412109375,0.19482421875,0.22412109375,0.026115782700552644,d431ce4951f95246c3b684cd00336e9b,ged/ged_J_1.5m_stille_001_s07.wav,ged
16000,16000,1.0,-0.28759765625,0.26416015625,0.28759765625,0.03429518299384843,9db38c2ba5b8b485ce51aff8ebfc77c0,ged/ged_J_1.5m_stille_001_s08.wav,ged
16000,16000,1.0,-0.3544921875,0.2958984375,0.3544921875,0.03666754379731469,3999e3abe4d94e828a9075ceb2cdf05e,ged/ged_J_1.5m_stille_001_s09.wav,ged
16000,16000,1.0,-0.361328125,0.30859375,0.361328125,0.038932246494245315,b6c5d167b54bf300d920e4657f3c2c3f,ged/ged_J_1.5m_stille_001_s10.wav,ged
16000,16000,1.0,-0.1787109375,0.154296875,0.1787109375,0.019108140225223343,eb6f95d7c9d7f3941deb55ae6727db0f,hest/hest_A_0.75m_stille_001_s01.wav,hest
16000,16000,1.0,-0.154296875,0.140625,0.154296875,0.017608427448346703,64a41f6dcb7fa4d54a10a195ab60b40a,hest/hest_A_0.75m_stille_001_s02.wav,hest
16000,16000,1.0,-0.14697265625,0.1337890625,0.14697265625,0.017651032912220352,189490d93833b7a840029b1065d30a62,hest/hest_A_0.75m_stille_001_s03.wav,hest
16000,16000,1.0,-0.134765625,0.11962890625,0.134765625,0.01566091989547853,13bcceb2f1e48773a9fddd4a5225d5f8,hest/hest_A_0.75m_stille_001_s04.wav,hest
16000,16000,1.0,-0.14892578125,0.12158203125,0.14892578125,0.017293372520310664,339459a40209e462fcd88e99df566685,hest/hest_A_0.75m_stille_001_s05.wav,hest
16000,16000,1.0,-0.08056640625,0.076171875,0.08056640625,0.012190795518359764,07175917222c3d46c1d2afbf68a1ef77,hest/hest_A_0.75m_stille_001_s06.wav,hest
16000,16000,1.0,-0.0966796875,0.0849609375,0.0966796875,0.013207917594733472,0cfb5aa57924dc5c6b84ef535e8e4fba,hest/hest_A_0.75m_stille_001_s07.wav,hest
16000,16000,1.0,-0.1220703125,0.1025390625,0.1220703125,0.013690608169819636,e09d3d229f987d4cd7cca7ae89775906,hest/hest_A_0.75m_stille_001_s08.wav,hest
16000,16000,1.0,-0.099609375,0.08935546875,0.099609375,0.012692536309981916,ef0a2bcbafc069916040d1b15f3b2dce,hest/hest_A_0.75m_stille_001_s09.wav,hest
16000,16000,1.0,-0.11669921875,0.10205078125,0.11669921875,0.01569248031647113,d91b8ba7f5a7b3227dda4e416f524d3c,hest/hest_A_0.75m_stille_001_s10.wav,hest
16000,16000,1.0,-0.11279296875,0.0908203125,0.11279296875,0.014594832984180938,ac84ae182e6718bf6d1c2912a0cc2900,hest/hest_A_1.5m_stille_001_s01.wav,hest
16000,16000,1.0,-0.142578125,0.09814453125,0.142578125,0.012837659549133075,9d1a772c35a420286ef1df9a29d87aa6,hest/hest_A_1.5m_stille_001_s02.wav,hest
16000,16000,1.0,-0.12890625,0.08349609375,0.12890625,0.01368163118606278,d8c62011fa7741587fa05cea665a8b74,hest/hest_A_1.5m_stille_001_s03.wav,hest
16000,16000,1.0,-0.119140625,0.0751953125,0.119140625,0.012658626702408768,fc2f91830a65744af87966470f3ecaf4,hest/hest_A_1.5m_stille_001_s04.wav,hest
16000,16000,1.0,-0.1298828125,0.0888671875,0.1298828125,0.012758015101978963,74c1b92e783d41f3c3b51c1542f04bbc,hest/hest_A_1.5m_stille_001_s05.wav,hest
16000,16000,1.0,-0.16015625,0.10986328125,0.16015625,0.013775484173795986,97c38a01e4b5e015a2c8e3e7f6924bef,hest/hest_A_1.5m_stille_001_s06.wav,hest
16000,16000,1.0,-0.13427734375,0.10107421875,0.13427734375,0.012853554143535702,e1fe05363bfe77969fb61a48fb2ad1e8,hest/hest_A_1.5m_stille_001_s07.wav,hest
16000,16000,1.0,-0.10400390625,0.09033203125,0.10400390625,0.01096303552076728,b8baf343e319dabdde0fd84ecb821a14,hest/hest_A_1.5m_stille_001_s08.wav,hest
16000,16000,1.0,-0.14599609375,0.08544921875,0.14599609375,0.014608778644114124,0ea863e2cffb6e9523329c611efc9cc6,hest/hest_A_1.5m_stille_001_s09.wav,hest
16000,16000,1.0,-0.14990234375,0.06982421875,0.14990234375,0.01354437535680739,f323abab684871add173f65072e39329,hest/hest_A_1.5m_stille_001_s10.wav,hest
16000,16000,1.0,-0.26220703125,0.2578125,0.26220703125,0.036366457264369274,b85176ca2077b5ec7dfbd1af76b30f65,hest/hest_C_0.75m_stille_001_s01.wav,hest
16000,16000,1.0,-0.234375,0.1962890625,0.234375,0.028817344259097485,7d7a8af294d1847c9f34e55167b5a5d4,hest/hest_C_0.75m_stille_001_s02.wav,hest
16000,16000,1.0,-0.15185546875,0.1220703125,0.15185546875,0.022368506297469375,a5a7c6db6842d234feb1150da83d3f7e,hest/hest_C_0.75m_stille_001_s03.wav,hest
16000,16000,1.0,-0.1875,0.18115234375,0.1875,0.021976227217390107,fcb4a002848a96b2fee90acad94a4905,hest/hest_C_0.75m_stille_001_s04.wav,hest
16000,16000,1.0,-0.25439453125,0.20947265625,0.25439453125,0.027644886674629318,7411e63ff2940e8d22ad7c8ffa3f0f0b,hest/hest_C_0.75m_stille_001_s05.wav,hest
16000,16000,1.0,-0.24267578125,0.19189453125,0.24267578125,0.03125166389496681,12ede268d42bde2493cba3f3ccb014fb,hest/hest_C_0.75m_stille_001_s06.wav,hest
16000,16000,1.0,-0.38671875,0.32666015625,0.38671875,0.04112734974202079,3e0c7d56bf5315c684dab41f5d04296e,hest/hest_C_0.75m_stille_001_s07.wav,hest
16000,16000,1.0,-0.2216796875,0.181640625,0.2216796875,0.027338471602673314,fc93fd991f9e656c34b83c1c79ba0642,hest/hest_C_0.75m_stille_001_s08.wav,hest
16000,16000,1.0,-0.1611328125,0.123046875,0.1611328125,0.018956728402871683,966726f423e6b6826bcbd56cde64daf5,hest/hest_C_0.75m_stille_001_s09.wav,hest
16000,16000,1.0,-0.16748046875,0.1484375,0.16748046875,0.022127289967076722,945213bdcc385c2644cf4c88cf6fc797,hest/hest_C_0.75m_stille_001_s10.wav,hest
16000,16000,1.0,-0.2080078125,0.22998046875,0.22998046875,0.025384542489942995,fc36ed0336aa0015895054a27942a64f,hest/hest_C_1.5m_stille_001_s01.wav,hest
16000,16000,1.0,-0.22998046875,0.23876953125,0.23876953125,0.026337165148444985,b09976830e2a68a9134c71a2a47eb65e,hest/hest_C_1.5m_stille_001_s02.wav,hest
16000,16000,1.0,-0.341796875,0.2099609375,0.341796875,0.028268813319578336,7ba560921571e9f2561157d1fbf06a7a,hest/hest_C_1.5m_stille_001_s03.wav,hest
16000,16000,1.0,-0.26220703125,0.21826171875,0.26220703125,0.025953541088933992,ed777ed587eb2dfb64a711bb6311000c,hest/hest_C_1.5m_stille_001_s04.wav,hest
16000,16000,1.0,-0.26904296875,0.25146484375,0.26904296875,0.029039771018034767,d1c7d7e6c98f46a020cfe28deee13e99,hest/hest_C_1.5m_stille_001_s05.wav,hest
16000,16000,1.0,-0.33740234375,0.2177734375,0.33740234375,0.030328636806574993,e09d08f76fe13e863a21a2e46d1d0b8b,hest/hest_C_1.5m_stille_001_s06.wav,hest
16000,16000,1.0,-0.26806640625,0.25390625,0.26806640625,0.029558549218557977,10780a549c124ad13d8c9ca48464d074,hest/hest_C_1.5m_stille_001_s07.wav,hest
16000,16000,1.0,-0.44140625,0.30126953125,0.44140625,0.03988644800366218,c7e7c35880091accc6c0b31a284394f7,hest/hest_C_1.5m_stille_001_s08.wav,hest
16000,16000,1.0,-0.29931640625,0.26416015625,0.29931640625,0.0362581921370602,805c7fa2d33c869d396d62fa2d59acaa,hest/hest_C_1.5m_stille_001_s09.wav,hest
16000,16000,1.0,-0.22216796875,0.20458984375,0.22216796875,0.03137262533971542,839a08e12612826ac32d7c917c4f9df9,hest/hest_C_1.5m_stille_001_s10.wav,hest
16000,16000,1.0,-0.1611328125,0.1474609375,0.1611328125,0.02113100014744109,e4d5f297725ecaa2d5a2c906d1efdaea,hest/hest_J_0.75m_stille_001_s01.wav,hest
16000,16000,1.0,-0.1533203125,0.13427734375,0.1533203125,0.018023406563683463,6155382935d571c849c6c1b5e117c7e1,hest/hest_J_0.75m_stille_001_s02.wav,hest
16000,16000,1.0,-0.13037109375,0.1015625,0.13037109375,0.01523348931261984,daf2ee5f0aac6025f609ebe5d1cbdc0b,hest/hest_J_0.75m_stille_001_s03.wav,hest
16000,16000,1.0,-0.13134765625,0.10107421875,0.13134765625,0.012990641023685207,4d2bcd0aeaecdecde7a749c87b40b447,hest/hest_J_0.75m_stille_001_s04.wav,hest
16000,16000,1.0,-0.16845703125,0.13037109375,0.16845703125,0.01776015616176378,43181d2687085fd5defcb6814ed3bb90,hest/hest_J_0.75m_stille_001_s05.wav,hest
16000,16000,1.0,-0.1005859375,0.103515625,0.103515625,0.012328808509959951,241ed1924c088d917bc0324dbbd2ab4d,hest/hest_J_0.75m_stille_001_s06.wav,hest
16000,16000,1.0,-0.10791015625,0.09619140625,0.10791015625,0.014330201036602224,aa9c335a2f5d65a24b334a467cc00eb8,hest/hest_J_0.75m_stille_001_s07.wav,hest
16000,16000,1.0,-0.099609375,0.0947265625,0.099609375,0.012339397741826344,c5afb4d70d4570e5bc91cfd34a9b143c,hest/hest_J_0.75m_stille_001_s08.wav,hest
16000,16000,1.0,-0.17578125,0.14697265625,0.17578125,0.017798108622933975,39f2cde3d33c36192bf94bc77a3ad952,hest/hest_J_0.75m_stille_001_s09.wav,hest
16000,16000,1.0,-0.12255859375,0.10791015625,0.12255859375,0.01295585029098017,fd863b1cc95215a62b4ffb11c5e82449,hest/hest_J_0.75m_stille_001_s10.wav,hest
16000,16000,1.0,-0.5078125,0.4853515625,0.5078125,0.04818185625582933,b9c6c8e4c4ccf9835482461f91afc815,hest/hest_J_1.5m_stille_001_s01.wav,hest
16000,16000,1.0,-0.2763671875,0.2158203125,0.2763671875,0.026131925430155693,a484f6cbf07bad5808f1e98cce6840be,hest/hest_J_1.5m_stille_001_s02.wav,hest
16000,16000,1.0,-0.1748046875,0.142578125,0.1748046875,0.016681586015520066,9756991e0a4260f3cd5c287272aea04f,hest/hest_J_1.5m_stille_001_s03.wav,hest
16000,16000,1.0,-0.17529296875,0.1220703125,0.17529296875,0.016750038881358554,026a1d418177d22c7bacbe70326718a2,hest/hest_J_1.5m_stille_001_s04.wav,hest
16000,16000,1.0,-0.1005859375,0.078125,0.1005859375,0.011166290052369481,2ba95ae0c9cec547248e1ca60858a940,hest/hest_J_1.5m_stille_001_s05.wav,hest
16000,16000,1.0,-0.23193359375,0.2060546875,0.23193359375,0.01893051004417836,af5b33cfcebf1780408dbc9c357fa4be,hest/hest_J_1.5m_stille_001_s06.wav,hest
16000,16000,1.0,-0.15185546875,0.1318359375,0.15185546875,0.015765684528025247,8e174231360617225776d9aa3717a488,hest/hest_J_1.5m_stille_001_s07.wav,hest
16000,16000,1.0,-0.15771484375,0.130859375,0.15771484375,0.01684991361198512,0c19b4c8cf8dc3d2249e15b753108f4b,hest/hest_J_1.5m_stille_001_s08.wav,hest
16000,16000,1.0,-0.20556640625,0.13623046875,0.20556640625,0.015122124837621924,632fc84bde7c5e74c2f7e8196c2f9e2e,hest/hest_J_1.5m_stille_001_s09.wav,hest
16000,16000,1.0,-0.13916015625,0.11962890625,0.13916015625,0.012795336011950978,27b2dfec89b140e0635ef0e656df2b0a,hest/hest_J_1.5m_stille_001_s10.wav,hest
16000,16000,1.0,-0.2587890625,0.1943359375,0.2587890625,0.022601233495825268,1b27001b5efab2ab41789dbbcd66ffed,laks/laks_A_0.75m_stille_001_s01.wav,laks
16000,16000,1.0,-0.32568359375,0.2265625,0.32568359375,0.030189623097359716,7dfe86799142845aef87befa776e812b,laks/laks_A_0.75m_stille_001_s02.wav,laks
16000,16000,1.0,-0.27880859375,0.181640625,0.27880859375,0.02165864045404275,4d5b414fbff54e24b254fb5c53149695,laks/laks_A_0.75m_stille_001_s03.wav,laks
16000,16000,1.0,-0.2470703125,0.21484375,0.2470703125,0.023929027747266678,6372a240fa270a716a4efe35ee633f65,laks/laks_A_0.75m_stille_001_s04.wav,laks
16000,16000,1.0,-0.1533203125,0.103515625,0.1533203125,0.014558129249774095,b10a56a7a99e4d7ffb20add9b1885aeb,laks/laks_A_0.75m_stille_001_s05.wav,laks
16000,16000,1.0,-0.17724609375,0.1171875,0.17724609375,0.01724501612574796,32000d0d9e230c89f5a99321f1a03758,laks/laks_A_0.75m_stille_001_s06.wav,laks
16000,16000,1.0,-0.1728515625,0.10107421875,0.1728515625,0.01729713157314858,49ef3e17fa098777ee78e794339221cd,laks/laks_A_0.75m_stille_001_s07.wav,laks
16000,16000,1.0,-0.19384765625,0.11865234375,0.19384765625,0.015021764575371488,cf066d6523299b74998c720593a93264,laks/laks_A_0.75m_stille_001_s08.wav,laks
16000,16000,1.0,-0.16943359375,0.0888671875,0.16943359375,0.013958896927106017,6842db8c664ea23658d520a8b14c758b,laks/laks_A_0.75m_stille_001_s09.wav,laks
16000,16000,1.0,-0.21142578125,0.12744140625,0.21142578125,0.017856916658538443,7ea510f5cb92c190383d3f1c4ef80954,laks/laks_A_0.75m_stille_001_s10.wav,laks
16000,16000,1.0,-0.15869140625,0.109375,0.15869140625,0.01614261526442009,9015d9c98d0934472d24710c1acf7f2b,laks/laks_A_1.5m_stille_001_s01.wav,laks
16000,16000,1.0,-0.13916015625,0.087890625,0.13916015625,0.013349264159749533,62ca46a7e3313c7e5b9a97a308603f38,laks/laks_A_1.5m_stille_001_s02.wav,laks
16000,16000,1.0,-0.13916015625,0.07958984375,0.13916015625,0.014002347120966064,eafa774255ce9dd3a67a5263bc0517db,laks/laks_A_1.5m_stille_001_s03.wav,laks
16000,16000,1.0,-0.119140625,0.09912109375,0.119140625,0.012822939915070412,c3093b143cc7e152edcb6dcbe1a19060,laks/laks_A_1.5m_stille_001_s04.wav,laks
16000,16000,1.0,-0.10888671875,0.08203125,0.10888671875,0.013153501891351333,51f3e4727f9053911879cf53cabbb330,laks/laks_A_1.5m_stille_001_s05.wav,laks
16000,16000,1.0,-0.1083984375,0.0947265625,0.1083984375,0.010987225350670909,ccc61cd6e7a0f91b3f1cac398c38a5bc,laks/laks_A_1.5m_stille_001_s06.wav,laks
16000,16000,1.0,-0.11572265625,0.0771484375,0.11572265625,0.01309434425256719,06b93edbe10c9ac110b25aef15248422,laks/laks_A_1.5m_stille_001_s07.wav,laks
16000,16000,1.0,-0.1123046875,0.06884765625,0.1123046875,0.010757551176979838,53c05918b2074d1ed5ed851327224dbb,laks/laks_A_1.5m_stille_001_s08.wav,laks
16000,16000,1.0,-0.14306640625,0.0927734375,0.14306640625,0.010215751554444534,dae669d6f45072c5533fe929fd70f1e4,laks/laks_A_1.5m_stille_001_s09.wav,laks
16000,16000,1.0,-0.08203125,0.08935546875,0.08935546875,0.010058584170371273,8e9a88b92cb186d13668b69d62d6227e,laks/laks_A_1.5m_stille_001_s10.wav,laks
16000,16000,1.0,-0.56103515625,0.3271484375,0.56103515625,0.050203526647415606,abdabbba6a6a0c3cc36fcd1baf0a91fa,laks/laks_C_0.75m_stille_001_s01.wav,laks
16000,16000,1.0,-0.466796875,0.2802734375,0.466796875,0.038464025801390134,9c9e89495317ca803b62fc80ebf8e74c,laks/laks_C_0.75m_stille_001_s02.wav,laks
16000,16000,1.0,-0.359375,0.23876953125,0.359375,0.0341962870081626,5cb152c003a98d96fd34bbfc574f39c5,laks/laks_C_0.75m_stille_001_s03.wav,laks
16000,16000,1.0,-0.30615234375,0.2333984375,0.30615234375,0.039921737354718524,f81ead2890977fe4b1a2800089b786ce,laks/laks_C_0.75m_stille_001_s04.wav,laks
16000,16000,1.0,-0.3369140625,0.25244140625,0.3369140625,0.03666913902922352,af22b450b85cfad30c590c86b7fc832b,laks/laks_C_0.75m_stille_001_s05.wav,laks
16000,16000,1.0,-0.32470703125,0.19482421875,0.32470703125,0.032339176754687865,afd015a4ccd8e3505ab6ec60dedeae9f,laks/laks_C_0.75m_stille_001_s06.wav,laks
16000,16000,1.0,-0.29248046875,0.181640625,0.29248046875,0.03570005551152997,0ad19bce57ef5d73bfd7313cc17a8eb7,laks/laks_C_0.75m_stille_001_s07.wav,laks
16000,16000,1.0,-0.2919921875,0.15380859375,0.2919921875,0.026552540108722104,06fcc76fea25e397f6f6d594a640d79f,laks/laks_C_0.75m_stille_001_s08.wav,laks
16000,16000,1.0,-0.2255859375,0.17138671875,0.2255859375,0.029262719161091254,38b46bffd17d8aaf542c0af7d2d142d1,laks/laks_C_0.75m_stille_001_s09.wav,laks
16000,16000,1.0,-0.3974609375,0.275390625,0.3974609375,0.04848630769805768,aa4760cd6b8bb7b61dc2271fe5a770ea,laks/laks_C_0.75m_stille_001_s10.wav,laks
16000,16000,1.0,-0.4140625,0.33837890625,0.4140625,0.04206563692793208,6ca5ea7c8395650efaa82b7081d7d16b,laks/laks_C_1.5m_stille_001_s01.wav,laks
16000,16000,1.0,-0.326171875,0.32666015625,0.32666015625,0.03217304364970391,d43663c026cacacc4d025413918d6080,laks/laks_C_1.5m_stille_001_s02.wav,laks
16000,16000,1.0,-0.35693359375,0.26611328125,0.35693359375,0.03184373001193206,d952879c892c884106d1b4c2797e5100,laks/laks_C_1.5m_stille_001_s03.wav,laks
16000,16000,1.0,-0.2587890625,0.20458984375,0.2587890625,0.02954874137980887,3e70af0efa40dfe0be7e44208690f27b,laks/laks_C_1.5m_stille_001_s04.wav,laks
16000,16000,1.0,-0.3037109375,0.27685546875,0.3037109375,0.032517518234291456,e408a8c2baf39b9e4cbec0815df3d4d3,laks/laks_C_1.5m_stille_001_s05.wav,laks
16000,16000,1.0,-0.27880859375,0.20947265625,0.27880859375,0.029503314228880587,d3b49e71365b051b507d37961a28e2f5,laks/laks_C_1.5m_stille_001_s06.wav,laks
16000,16000,1.0,-0.33251953125,0.25341796875,0.33251953125,0.030399639064496654,ebc399da34bc9cf5d2c8b0f2c7ae914d,laks/laks_C_1.5m_stille_001_s07.wav,laks
16000,16000,1.0,-0.22607421875,0.18115234375,0.22607421875,0.023035561020661368,fe7ff87917f5ba2a10deaae9a36468bd,laks/laks_C_1.5m_stille_001_s08.wav,laks
16000,16000,1.0,-0.2021484375,0.1923828125,0.2021484375,0.023347858686276007,15454b048260e5962945f063f15d824a,laks/laks_C_1.5m_stille_001_s09.wav,laks
16000,16000,1.0,-0.23193359375,0.2333984375,0.2333984375,0.03027704748154877,b8605feec3372b14d8e082edbdbe6101,laks/laks_C_1.5m_stille_001_s10.wav,laks
16000,16000,1.0,-0.380859375,0.26318359375,0.380859375,0.03131276409698061,01c11cffdf9060eb36f1273695f40c20,laks/laks_J_0.75m_stille_001_s01.wav,laks
16000,16000,1.0,-0.22119140625,0.185546875,0.22119140625,0.018981749139944232,5f9035b60abc1d2e57cf9d27c5de5df9,laks/laks_J_0.75m_stille_001_s02.wav,laks
16000,16000,1.0,-0.20263671875,0.1767578125,0.20263671875,0.020035602749467307,abe7f5f1aea89654a13a96835fc182bb,laks/laks_J_0.75m_stille_001_s03.wav,laks
16000,16000,1.0,-0.248046875,0.1533203125,0.248046875,0.020651410874588785,b28fd2f6cc4ea88e2c0d0999320d9a11,laks/laks_J_0.75m_stille_001_s04.wav,laks
16000,16000,1.0,-0.1396484375,0.12841796875,0.1396484375,0.012699936284204884,637f25d60d4c4017eab7ca5e6fb35a75,laks/laks_J_0.75m_stille_001_s05.wav,laks
16000,16000,1.0,-0.42138671875,0.28515625,0.42138671875,0.029976787295655317,6441c52b646f4497faf76dbaaf495672,laks/laks_J_0.75m_stille_001_s06.wav,laks
16000,16000,1.0,-0.3154296875,0.1953125,0.3154296875,0.025945136505027656,46a660338455a9cdd093d7b6694c2aa9,laks/laks_J_0.75m_stille_001_s07.wav,laks
16000,16000,1.0,-0.2099609375,0.12744140625,0.2099609375,0.018208533808427838,14b779efa9e95f577bf3b427fef6b4a4,laks/laks_J_0.75m_stille_001_s08.wav,laks
16000,16000,1.0,-0.33984375,0.201171875,0.33984375,0.023308412805653357,128510550fbc00958243e0c2e8701f1d,laks/laks_J_0.75m_stille_001_s09.wav,laks
16000,16000,1.0,-0.25,0.22314453125,0.25,0.023602240173926273,37cf5ee59f4655da3d6f50822a61b95d,laks/laks_J_0.75m_stille_001_s10.wav,laks
16000,16000,1.0,-0.27783203125,0.25341796875,0.27783203125,0.0251290975863473,d9f7b8f6f0e54a8084b8ed5f82bf146b,laks/laks_J_1.5m_stille_001_s01.wav,laks
16000,16000,1.0,-0.27978515625,0.271484375,0.27978515625,0.02244727409649702,0fdfc717508c782885f7cdaf9bfbe2cd,laks/laks_J_1.5m_stille_001_s02.wav,laks
16000,16000,1.0,-0.44921875,0.5322265625,0.5322265625,0.02833804846324259,8343e23a800f47344a4ca53041f7227f,laks/laks_J_1.5m_stille_001_s03.wav,laks
16000,16000,1.0,-0.349609375,0.2158203125,0.349609375,0.02046567896274649,59f4b1fe2a04d491d1d303e35355f8b4,laks/laks_J_1.5m_stille_001_s04.wav,laks
16000,16000,1.0,-0.25390625,0.171875,0.25390625,0.019593163611989053,aa8e9762f29d7827ad397247308bf945,laks/laks_J_1.5m_stille_001_s05.wav,laks
16000,16000,1.0,-0.30810546875,0.28271484375,0.30810546875,0.029777323475777603,3c1b94c131e581e560ca7e38aafb0881,laks/laks_J_1.5m_stille_001_s06.wav,laks
16000,16000,1.0,-0.23828125,0.2001953125,0.23828125,0.021128527288661245,7ca5fcd3cd98c0cfc4f109e8c48a6bad,laks/laks_J_1.5m_stille_001_s07.wav,laks
16000,16000,1.0,-0.22900390625,0.181640625,0.22900390625,0.019921182383711412,f3c1a86d14006bb3f4b4cbba385051a0,laks/laks_J_1.5m_stille_001_s08.wav,laks
16000,16000,1.0,-0.2734375,0.16455078125,0.2734375,0.02211121712114481,8697228f70bb64fb6ae166cf79e8a896,laks/laks_J_1.5m_stille_001_s09.wav,laks
16000,16000,1.0,-0.2509765625,0.1708984375,0.2509765625,0.020301113262881643,f65080705f7029d666875ec28e583c7f,laks/laks_J_1.5m_stille_001_s10.wav,laks
16000,16000,1.0,-0.1474609375,0.1376953125,0.1474609375,0.02527024741789427,0dd65761644452e9b34783dfcb19ea52,ulv/ulv_A_0.75m_stille_001_s01.wav,ulv
16000,16000,1.0,-0.15087890625,0.1298828125,0.15087890625,0.022890887557437435,c5c0651e6e8a630fd195d84be39cc1d6,ulv/ulv_A_0.75m_stille_001_s02.wav,ulv
16000,16000,1.0,-0.15771484375,0.12353515625,0.15771484375,0.021294393682838086,6c5cc6f4f22623e18181b85190df9989,ulv/ulv_A_0.75m_stille_001_s03.wav,ulv
16000,16000,1.0,-0.11376953125,0.08642578125,0.11376953125,0.016966075814317083,6d02862396f0500a8eb157677da86076,ulv/ulv_A_0.75m_stille_001_s04.wav,ulv
16000,16000,1.0,-0.1259765625,0.115234375,0.1259765625,0.019054041090659796,f8c4adfd9e7c5fe8837effc36231d10e,ulv/ulv_A_0.75m_stille_001_s05.wav,ulv
16000,16000,1.0,-0.09326171875,0.07177734375,0.09326171875,0.01491841264425848,445b820b42d79745f765125e00ba786d,ulv/ulv_A_0.75m_stille_001_s06.wav,ulv
16000,16000,1.0,-0.1103515625,0.09375,0.1103515625,0.016667587960329286,1202274f0c7d60d9397d3d2fb5d4c512,ulv/ulv_A_0.75m_stille_001_s07.wav,ulv
16000,16000,1.0,-0.10205078125,0.08056640625,0.10205078125,0.015301880592774769,84e4072c1039e3f99638d975c6e75fa2,ulv/ulv_A_0.75m_stille_001_s08.wav,ulv
16000,16000,1.0,-0.119140625,0.095703125,0.119140625,0.019391300461348203,68da4da8ccbe3fbb9036934c522ede35,ulv/ulv_A_0.75m_stille_001_s09.wav,ulv
16000,16000,1.0,-0.08349609375,0.083984375,0.083984375,0.014633344920171844,e59d3300434dd75b240fa34ee85e5925,ulv/ulv_A_0.75m_stille_001_s10.wav,ulv
16000,16000,1.0,-0.212890625,0.169921875,0.212890625,0.03468797564547905,fde18e343d14cfac8ea0d6473aeaeca8,ulv/ulv_A_1.5m_stille_001_s01.wav,ulv
16000,16000,1.0,-0.15576171875,0.1513671875,0.15576171875,0.024127492655787182,660bbe579e51f4403849f14ffff8fbb0,ulv/ulv_A_1.5m_stille_001_s02.wav,ulv
16000,16000,1.0,-0.166015625,0.15673828125,0.166015625,0.031499948617705206,73d0acccc81bafae25d086065d5fdf55,ulv/ulv_A_1.5m_stille_001_s03.wav,ulv
16000,16000,1.0,-0.16015625,0.17041015625,0.17041015625,0.025945694176867908,d835f354599329f2b9bb16d818965903,ulv/ulv_A_1.5m_stille_001_s04.wav,ulv
16000,16000,1.0,-0.1318359375,0.08740234375,0.1318359375,0.018343181800778412,d9fd5ed5e2eb42d32a192c249d5a8f61,ulv/ulv_A_1.5m_stille_001_s05.wav,ulv
16000,16000,1.0,-0.11279296875,0.07958984375,0.11279296875,0.015925018559466795,3ab3593a38d33d2b44a78689bd382a35,ulv/ulv_A_1.5m_stille_001_s06.wav,ulv
16000,16000,1.0,-0.10791015625,0.12451171875,0.12451171875,0.019569494594724398,bf24fbf75f71876e3e7202c7e7230f72,ulv/ulv_A_1.5m_stille_001_s07.wav,ulv
16000,16000,1.0,-0.12646484375,0.12060546875,0.12646484375,0.020969986432538532,590231b4854860957ceed642d5e3db75,ulv/ulv_A_1.5m_stille_001_s08.wav,ulv
16000,16000,1.0,-0.0927734375,0.095703125,0.095703125,0.014384709928296683,d2207836d5c113b8435c9f6addd50e2c,ulv/ulv_A_1.5m_stille_001_s09.wav,ulv
16000,16000,1.0,-0.0830078125,0.09814453125,0.09814453125,0.014680569853719915,b8065fb4d467516851c4a84c78f6a677,ulv/ulv_A_1.5m_stille_001_s10.wav,ulv
16000,16000,1.0,-0.328125,0.31494140625,0.328125,0.051811304494353144,11179bc0e4e9fac63d2be8d5dfbedf60,ulv/ulv_C_0.75m_stille_001_s01.wav,ulv
16000,16000,1.0,-0.24853515625,0.2314453125,0.24853515625,0.04381027209401805,aad517a28e150a2e94bc590da4d6d2f4,ulv/ulv_C_0.75m_stille_001_s02.wav,ulv
16000,16000,1.0,-0.34716796875,0.37744140625,0.37744140625,0.051987309369199076,d926005758ac8fa20996ed057c9ccbbc,ulv/ulv_C_0.75m_stille_001_s03.wav,ulv
16000,16000,1.0,-0.35595703125,0.34130859375,0.35595703125,0.06892812531589558,d2ee4cdcd78d6768d34c06ef51a4fcb1,ulv/ulv_C_0.75m_stille_001_s04.wav,ulv
16000,16000,1.0,-0.4375,0.3935546875,0.4375,0.07541642197991623,13c1d42307a31aa5eda8b4ce19286a37,ulv/ulv_C_0.75m_stille_001_s05.wav,ulv
16000,16000,1.0,-0.232421875,0.23681640625,0.23681640625,0.04007735920282427,347881b933ab311bfdf1a6f1d6be3865,ulv/ulv_C_0.75m_stille_001_s06.wav,ulv
16000,16000,1.0,-0.2939453125,0.28857421875,0.2939453125,0.055963687476489624,941c55211717aa9e3ab2e8fc619bbe28,ulv/ulv_C_0.75m_stille_001_s07.wav,ulv
16000,16000,1.0,-0.3046875,0.31201171875,0.31201171875,0.04860152422594392,3c48a44c9b99fb0c97cb2ecf9590b6c3,ulv/ulv_C_0.75m_stille_001_s08.wav,ulv
16000,16000,1.0,-0.29931640625,0.30224609375,0.30224609375,0.0551117110241423,49f77ea30849c92f7a021f908d93e2ee,ulv/ulv_C_0.75m_stille_001_s09.wav,ulv
16000,16000,1.0,-0.3056640625,0.31494140625,0.31494140625,0.047615792981962744,c97893545e12288a63a28286b49c080f,ulv/ulv_C_0.75m_stille_001_s10.wav,ulv
16000,16000,1.0,-0.32666015625,0.2734375,0.32666015625,0.044029638310167554,db03b1087f8bff4885adc6e1cb4b1f06,ulv/ulv_C_1.5m_stille_001_s01.wav,ulv
16000,16000,1.0,-0.26220703125,0.23583984375,0.26220703125,0.03175230639331139,56a923009703b328db987e9943db970d,ulv/ulv_C_1.5m_stille_001_s02.wav,ulv
16000,16000,1.0,-0.2734375,0.2353515625,0.2734375,0.037001604105658496,e126fb70a1b28214472704fd8f910db7,ulv/ulv_C_1.5m_stille_001_s03.wav,ulv
16000,16000,1.0,-0.21728515625,0.197265625,0.21728515625,0.02820184331372644,0f889f0e2c253efa1de8f9cf6bc4f635,ulv/ulv_C_1.5m_stille_001_s04.wav,ulv
16000,16000,1.0,-0.33349609375,0.3017578125,0.33349609375,0.052146834454862276,8fc8bb52bbefc49204265c16f383e0a5,ulv/ulv_C_1.5m_stille_001_s05.wav,ulv
16000,16000,1.0,-0.20556640625,0.13330078125,0.20556640625,0.024388045545144902,51659f6a5dc937e6d9b6117bd61cf500,ulv/ulv_C_1.5m_stille_001_s06.wav,ulv
16000,16000,1.0,-0.2529296875,0.20068359375,0.2529296875,0.03422752391278794,7f24e7056ded3c2ee82f44f19126bd32,ulv/ulv_C_1.5m_stille_001_s07.wav,ulv
16000,16000,1.0,-0.19140625,0.16552734375,0.19140625,0.02672841233866184,17321f38ff70b95cd19bd8cd98f243c1,ulv/ulv_C_1.5m_stille_001_s08.wav,ulv
16000,16000,1.0,-0.31640625,0.2490234375,0.31640625,0.034239110913124905,5c7190c77880e1d712551665fc6b94f5,ulv/ulv_C_1.5m_stille_001_s09.wav,ulv
16000,16000,1.0,-0.26708984375,0.21484375,0.26708984375,0.02929995458746792,459bcf43da7f4e714f86611c2a1d4d16,ulv/ulv_C_1.5m_stille_001_s10.wav,ulv
16000,16000,1.0,-0.37109375,0.3271484375,0.37109375,0.05995827275261608,c0bd9996e3569db57ae5eecd6e79d3c1,ulv/ulv_J_0.75m_stille_001_s01.wav,ulv
16000,16000,1.0,-0.25244140625,0.2822265625,0.2822265625,0.05211023425306142,66a5547f0f44e5160863c85b0622ff4e,ulv/ulv_J_0.75m_stille_001_s02.wav,ulv
16000,16000,1.0,-0.31884765625,0.310546875,0.31884765625,0.06158135731248267,1fa7eb0bb98dbbaf85f528cf47e8d638,ulv/ulv_J_0.75m_stille_001_s03.wav,ulv
16000,16000,1.0,-0.1923828125,0.1962890625,0.1962890625,0.03674688926232049,1ab8b4fee2418b16e215b1d7e7f91048,ulv/ulv_J_0.75m_stille_001_s04.wav,ulv
16000,16000,1.0,-0.21435546875,0.22119140625,0.22119140625,0.03781087940209332,37d1d343fd1ca9ca2419031db67ef216,ulv/ulv_J_0.75m_stille_001_s05.wav,ulv
16000,16000,1.0,-0.25146484375,0.2890625,0.2890625,0.05014730318243902,569e68f42b018091a7b20ead25d1dd36,ulv/ulv_J_0.75m_stille_001_s06.wav,ulv
16000,16000,1.0,-0.2041015625,0.24267578125,0.24267578125,0.0392717830162835,6eeb59bab275e28374083d0e1d178ace,ulv/ulv_J_0.75m_stille_001_s07.wav,ulv
16000,16000,1.0,-0.20458984375,0.2470703125,0.2470703125,0.04189483270196278,24d67f37c762897299c12b5b57cd0fb9,ulv/ulv_J_0.75m_stille_001_s08.wav,ulv
16000,16000,1.0,-0.16796875,0.169921875,0.169921875,0.03155513471344305,878a63105aa1475127b78bf463a60924,ulv/ulv_J_0.75m_stille_001_s09.wav,ulv
16000,16000,1.0,-0.19091796875,0.2021484375,0.2021484375,0.034326396321092544,a8114fad91f920bd1d3ebe090ef78e03,ulv/ulv_J_0.75m_stille_001_s10.wav,ulv
16000,16000,1.0,-0.4521484375,0.3623046875,0.4521484375,0.05650098438627942,ba1791d5fbf7b01b954459d885120907,ulv/ulv_J_1.5m_stille_001_s01.wav,ulv
16000,16000,1.0,-0.482421875,0.3193359375,0.482421875,0.06168468900398822,05ce3e9fb8edfe9ddf018c8ca79f32b2,ulv/ulv_J_1.5m_stille_001_s02.wav,ulv
16000,16000,1.0,-0.42626953125,0.29052734375,0.42626953125,0.05509052043347306,e954eb7a1f0f4b35408a6a8f82dd0955,ulv/ulv_J_1.5m_stille_001_s03.wav,ulv
16000,16000,1.0,-0.41357421875,0.27490234375,0.41357421875,0.04579748862773796,8e8e981258688e32d626b5893ac58900,ulv/ulv_J_1.5m_stille_001_s04.wav,ulv
16000,16000,1.0,-0.36572265625,0.3330078125,0.36572265625,0.04948291897522865,0304e00a4866a4cefc0727588d6a1463,ulv/ulv_J_1.5m_stille_001_s05.wav,ulv
16000,16000,1.0,-0.27099609375,0.263671875,0.27099609375,0.0382402208087715,699e6bcea90d73b27893c325d0d051f6,ulv/ulv_J_1.5m_stille_001_s06.wav,ulv
16000,16000,1.0,-0.20263671875,0.16943359375,0.20263671875,0.03461192628983007,629d80c8ed791ee497f5949960781076,ulv/ulv_J_1.5m_stille_001_s07.wav,ulv
16000,16000,1.0,-0.30322265625,0.20654296875,0.30322265625,0.04036342647092379,8d64318603438676fe6a02100e6d831c,ulv/ulv_J_1.5m_stille_001_s08.wav,ulv
16000,16000,1.0,-0.29150390625,0.18896484375,0.29150390625,0.04570441025240866,5ab7134927f6947b4d5130a2892322b3,ulv/ulv_J_1.5m_stille_001_s09.wav,ulv
16000,16000,1.0,-0.33935546875,0.220703125,0.33935546875,0.04615455868590274,5fff02a2065a5a76ab51b44dd138d55b,ulv/ulv_J_1.5m_stille_001_s10.wav,ulv
