,mean_fit_time,std_fit_time,mean_score_time,std_score_time,param_ccp_alpha,param_n_estimators,params,split0_test_accuracy,split1_test_accuracy,split2_test_accuracy,split3_test_accuracy,split4_test_accuracy,mean_test_accuracy,std_test_accuracy,rank_test_accuracy,split0_train_accuracy,split1_train_accuracy,split2_train_accuracy,split3_train_accuracy,split4_train_accuracy,mean_train_accuracy,std_train_accuracy,split0_test_size,split1_test_size,split2_test_size,split3_test_size,split4_test_size,mean_test_size,std_test_size,rank_test_size,split0_train_size,split1_train_size,split2_train_size,split3_train_size,split4_train_size,mean_train_size,std_train_size,split0_test_compute,split1_test_compute,split2_test_compute,split3_test_compute,split4_test_compute,mean_test_compute,std_test_compute,rank_test_compute,split0_train_compute,split1_train_compute,split2_train_compute,split3_train_compute,split4_train_compute,mean_train_compute,std_train_compute,depth_param_type,depth_param_value,feature_set
0,0.3168511390686035,0.02733910492224079,0.0873075008392334,0.006539543913626861,0.05288979852952549,78,"{'ccp_alpha': np.float64(0.05288979852952549), 'n_estimators': 78}",0.8148148148148148,0.8765432098765432,0.825,0.8125,0.85,0.8357716049382715,0.024337432555234392,23,0.8504672897196262,0.9003115264797508,0.9037267080745341,0.8944099378881988,0.8726708074534162,0.8843172539231052,0.020079171928344502,2512.0,2552.0,2616.0,2632.0,2568.0,2576.0,43.524705627953416,15,2512.0,2552.0,2616.0,2632.0,2568.0,2576.0,43.524705627953416,280.07407407407396,268.4938271604938,266.6250000000001,278.37499999999994,273.12499999999994,273.3385802469136,5.27867047175681,8,275.03738317757006,270.85046728971963,273.972049689441,275.2360248447205,268.56832298136663,272.7328495965636,2.607643506960344,ccp_alpha,param_ccp_alpha,combined
1,0.029651546478271486,0.0016260237329965388,0.009522008895874023,0.0021326047940661438,0.18302115174365008,7,"{'ccp_alpha': np.float64(0.18302115174365008), 'n_estimators': 7}",0.5061728395061729,0.49382716049382713,0.5,0.5,0.5,0.5,0.0039040464940350537,47,0.4984423676012461,0.5015576323987538,0.5,0.5,0.5,0.5,0.0009851332274667674,56.0,56.0,56.0,56.0,56.0,56.0,0.0,98,56.0,56.0,56.0,56.0,56.0,56.0,0.0,7.0,7.0,7.0,7.0,7.0,7.0,0.0,99,7.0,7.0,7.0,7.0,7.0,7.0,0.0,ccp_alpha,param_ccp_alpha,combined
2,0.07500014305114747,0.008262319190341497,0.015763616561889647,0.0016155085610746389,0.13036838755190486,18,"{'ccp_alpha': np.float64(0.13036838755190486), 'n_estimators': 18}",0.5061728395061729,0.49382716049382713,0.5,0.5,0.5,0.5,0.0039040464940350537,47,0.4984423676012461,0.5015576323987538,0.5,0.5,0.5,0.5,0.0009851332274667674,144.0,144.0,144.0,144.0,144.0,144.0,0.0,87,144.0,144.0,144.0,144.0,144.0,144.0,0.0,24.0,21.0,26.0,24.0,22.0,23.4,1.7435595774162693,87,24.0,21.0,26.0,24.0,22.0,23.4,1.7435595774162693,ccp_alpha,param_ccp_alpha,combined
3,0.24263229370117187,0.008947409105947471,0.04549880027770996,0.005244442232218564,0.11839640771235403,56,"{'ccp_alpha': np.float64(0.11839640771235403), 'n_estimators': 56}",0.5061728395061729,0.49382716049382713,0.5,0.5,0.5,0.5,0.0039040464940350537,47,0.4984423676012461,0.5015576323987538,0.5,0.5,0.5,0.5,0.0009851332274667674,456.0,456.0,456.0,464.0,448.0,456.0,5.059644256269407,65,456.0,456.0,456.0,464.0,448.0,456.0,5.059644256269407,74.80246913580247,74.76543209876543,82.75,87.625,82.0,80.38858024691358,4.967155728492195,55,74.79439252336448,74.77258566978193,82.77639751552795,87.53105590062111,82.0,80.3748863218591,4.942604518904936,ccp_alpha,param_ccp_alpha,combined
4,0.07853326797485352,0.004088142319269804,0.024750280380249023,0.001545165905209487,0.0283086329500173,19,"{'ccp_alpha': np.float64(0.0283086329500173), 'n_estimators': 19}",0.8765432098765432,0.9135802469135802,0.85,0.8125,0.925,0.8755246913580248,0.04128120745213238,15,0.9034267912772586,0.9314641744548287,0.9192546583850931,0.9192546583850931,0.9161490683229814,0.917909870165051,0.008946463800747958,992.0,1088.0,1144.0,1056.0,1136.0,1083.2,55.79390647732062,25,992.0,1088.0,1144.0,1056.0,1136.0,1083.2,55.79390647732062,80.33333333333334,79.32098765432099,77.5375,81.0375,82.08749999999998,80.06336419753086,1.552421496826935,56,78.66666666666666,80.57320872274144,80.06832298136646,78.62111801242236,79.95652173913042,79.57716762446547,0.7899726391744106,ccp_alpha,param_ccp_alpha,combined
5,0.22101669311523436,0.010743975763966285,0.05035099983215332,0.00374261309653127,0.07841504035671745,53,"{'ccp_alpha': np.float64(0.07841504035671745), 'n_estimators': 53}",0.7407407407407407,0.6790123456790124,0.7125,0.6625,0.7125,0.7014506172839506,0.02759897874008762,38,0.7320872274143302,0.6697819314641744,0.7391304347826086,0.7546583850931677,0.7484472049689441,0.7288210367446449,0.030513350162071014,864.0,784.0,832.0,904.0,888.0,854.4,42.75324549083964,34,864.0,784.0,832.0,904.0,888.0,854.4,42.75324549083964,136.86419753086417,125.7283950617284,129.0375,140.96249999999998,134.93749999999997,133.50601851851852,5.465980350868706,29,135.97819314641745,126.08099688473523,129.9937888198758,139.84782608695653,133.86335403726707,133.15283179505042,4.760270133277972,ccp_alpha,param_ccp_alpha,combined
6,0.11020164489746094,0.006769258983250938,0.022647523880004884,0.0009679005102109088,0.09286885965899903,26,"{'ccp_alpha': np.float64(0.09286885965899903), 'n_estimators': 26}",0.654320987654321,0.49382716049382713,0.6375,0.6,0.6375,0.6046296296296296,0.05818723948772052,42,0.6448598130841121,0.5015576323987538,0.6614906832298136,0.7111801242236024,0.6459627329192547,0.6330101971711073,0.07001376142781522,280.0,240.0,264.0,304.0,280.0,273.6,21.105449533236673,81,280.0,240.0,264.0,304.0,280.0,273.6,21.105449533236673,51.92592592592593,48.30864197530864,47.7875,59.05,50.7625,51.56691358024691,4.041604985646926,74,51.93457943925234,48.320872274143305,47.8416149068323,58.88198757763975,50.45341614906832,51.486494069387206,3.9816494114598604,ccp_alpha,param_ccp_alpha,combined
7,0.15747809410095215,0.009591291546797722,0.029585838317871094,0.002711645531349597,0.2024146372638123,36,"{'ccp_alpha': np.float64(0.2024146372638123), 'n_estimators': 36}",0.5061728395061729,0.49382716049382713,0.5,0.5,0.5,0.5,0.0039040464940350537,47,0.4984423676012461,0.5015576323987538,0.5,0.5,0.5,0.5,0.0009851332274667674,288.0,288.0,288.0,288.0,288.0,288.0,0.0,77,288.0,288.0,288.0,288.0,288.0,288.0,0.0,36.0,36.0,36.0,36.0,36.0,36.0,0.0,80,36.0,36.0,36.0,36.0,36.0,36.0,0.0,ccp_alpha,param_ccp_alpha,combined
8,0.15028157234191894,0.012013036068566236,0.02527933120727539,0.0017158499939167195,0.19008330984477634,35,"{'ccp_alpha': np.float64(0.19008330984477634), 'n_estimators': 35}",0.5061728395061729,0.49382716049382713,0.5,0.5,0.5,0.5,0.0039040464940350537,47,0.4984423676012461,0.5015576323987538,0.5,0.5,0.5,0.5,0.0009851332274667674,280.0,280.0,280.0,280.0,280.0,280.0,0.0,78,280.0,280.0,280.0,280.0,280.0,280.0,0.0,35.0,35.0,35.0,35.0,35.0,35.0,0.0,83,35.0,35.0,35.0,35.0,35.0,35.0,0.0,ccp_alpha,param_ccp_alpha,combined
9,0.3127007484436035,0.008894805597137897,0.05607104301452637,0.0039055811629096406,0.10534852992013338,75,"{'ccp_alpha': np.float64(0.10534852992013338), 'n_estimators': 75}",0.5061728395061729,0.49382716049382713,0.5,0.5,0.5,0.5,0.0039040464940350537,47,0.4984423676012461,0.5015576323987538,0.5,0.5,0.5,0.5,0.0009851332274667674,656.0,656.0,632.0,672.0,616.0,646.4,19.85547783358537,53,656.0,656.0,632.0,672.0,616.0,646.4,19.85547783358537,120.0246913580247,117.1111111111111,116.4125,129.89999999999998,114.22500000000001,119.53466049382716,5.50444121860667,34,119.96884735202492,117.11526479750778,116.4472049689441,129.59937888198758,114.16459627329192,119.45905845475127,5.397813316620283,ccp_alpha,param_ccp_alpha,combined
10,0.18319997787475586,0.018305126451210563,0.056451272964477536,0.003341511913334671,0.027930347352849688,41,"{'ccp_alpha': np.float64(0.027930347352849688), 'n_estimators': 41}",0.8518518518518519,0.8888888888888888,0.85,0.85,0.925,0.8731481481481481,0.029871696372487735,16,0.9190031152647975,0.9283489096573209,0.9347826086956522,0.9347826086956522,0.9192546583850931,0.9272343801397032,0.007023152645830547,2272.0,2360.0,2464.0,2296.0,2408.0,2360.0,70.65408693062278,17,2272.0,2360.0,2464.0,2296.0,2408.0,2360.0,70.65408693062278,177.20987654320987,170.23456790123456,167.72500000000002,174.26249999999996,175.12500000000003,172.9113888888889,3.442864267056981,18,173.25856697819316,173.20560747663552,173.70807453416148,170.0807453416149,170.51863354037263,172.15432557419555,1.5306143836875872,ccp_alpha,param_ccp_alpha,combined
11,0.03709220886230469,0.006435950027844739,0.011630535125732422,0.00434877005582806,0.14565463880031285,7,"{'ccp_alpha': np.float64(0.14565463880031285), 'n_estimators': 7}",0.5061728395061729,0.49382716049382713,0.5,0.5,0.5,0.5,0.0039040464940350537,47,0.4984423676012461,0.5015576323987538,0.5,0.5,0.5,0.5,0.0009851332274667674,56.0,56.0,56.0,56.0,56.0,56.0,0.0,98,56.0,56.0,56.0,56.0,56.0,56.0,0.0,8.0,8.0,7.0,7.0,7.0,7.4,0.48989794855663565,98,8.0,8.0,7.0,7.0,7.0,7.4,0.48989794855663565,ccp_alpha,param_ccp_alpha,combined
12,0.0895390510559082,0.009006882931406395,0.02969021797180176,0.0032770560772045557,0.025306892817794163,21,"{'ccp_alpha': np.float64(0.025306892817794163), 'n_estimators': 21}",0.8765432098765432,0.9012345679012346,0.8625,0.85,0.9375,0.8855555555555554,0.03105168363955632,10,0.9158878504672897,0.9283489096573209,0.9254658385093167,0.9347826086956522,0.9161490683229814,0.9241268551305122,0.007275850261571762,1304.0,1240.0,1304.0,1256.0,1360.0,1292.8,42.21089906647334,24,1304.0,1240.0,1304.0,1256.0,1360.0,1292.8,42.21089906647334,93.59259259259262,88.58024691358025,86.3125,91.26249999999999,92.69999999999999,90.48956790123457,2.6909328944867275,51,91.75077881619937,89.80062305295951,89.17391304347825,88.88198757763975,90.41304347826087,90.00406919370755,1.0205754445211346,ccp_alpha,param_ccp_alpha,combined
13,0.3424201488494873,0.017716574517555938,0.17961249351501465,0.028924845132891893,0.015843649450973933,81,"{'ccp_alpha': np.float64(0.015843649450973933), 'n_estimators': 81}",0.9135802469135802,0.9382716049382716,0.875,0.875,0.9375,0.9078703703703702,0.02826897664207503,5,0.9626168224299065,0.9470404984423676,0.9627329192546584,0.9627329192546584,0.9627329192546584,0.95957121572725,0.006265519985549448,7680.0,7448.0,7616.0,7408.0,7432.0,7516.8,109.76046647131197,2,7680.0,7448.0,7616.0,7408.0,7432.0,7516.8,109.76046647131197,403.43209876543204,383.1604938271606,373.3750000000001,397.28749999999997,390.49999999999983,389.55101851851845,10.5445766280971,3,395.02803738317743,387.380062305296,388.07453416149076,386.5962732919255,381.6242236024845,387.74062614887487,4.2911021175153445,ccp_alpha,param_ccp_alpha,combined
14,0.2159705638885498,0.013260795195902763,0.046333932876586915,0.004250471433254225,0.07709947702533525,53,"{'ccp_alpha': np.float64(0.07709947702533525), 'n_estimators': 53}",0.7530864197530864,0.691358024691358,0.725,0.6625,0.7125,0.7088888888888889,0.030611403009470194,37,0.735202492211838,0.6915887850467289,0.7484472049689441,0.7546583850931677,0.7484472049689441,0.7356688144579245,0.0229366290912339,888.0,800.0,872.0,960.0,896.0,883.2,51.2499756097503,33,888.0,800.0,872.0,960.0,896.0,883.2,51.2499756097503,138.90123456790124,128.18518518518522,133.325,144.34999999999997,136.475,136.2472839506173,5.409001679546212,28,137.92523364485984,128.5919003115265,134.4751552795031,143.09316770186334,135.37888198757764,135.8928677850661,4.723410760838362,ccp_alpha,param_ccp_alpha,combined
15,0.15977931022644043,0.016777732147610108,0.057433032989501955,0.004299259210118902,0.024062403210365672,35,"{'ccp_alpha': np.float64(0.024062403210365672), 'n_estimators': 35}",0.8641975308641975,0.9012345679012346,0.85,0.8625,0.9125,0.8780864197530864,0.024268563855050187,13,0.9345794392523364,0.9314641744548287,0.9440993788819876,0.9409937888198758,0.9347826086956522,0.9371838780209361,0.0046390468204396875,2312.0,2264.0,2296.0,2216.0,2344.0,2286.4,43.64218143035474,18,2312.0,2264.0,2296.0,2216.0,2344.0,2286.4,43.64218143035474,160.08641975308646,150.7407407407408,147.83750000000003,156.27499999999998,157.91250000000002,154.57043209876545,4.571651778806382,22,156.38629283489098,153.41744548286604,153.06211180124225,151.9316770186335,153.51242236024845,153.66198989957627,1.4736237852821426,ccp_alpha,param_ccp_alpha,combined
16,0.2661489963531494,0.02371810557766855,0.14809823036193848,0.025339338080449966,0.010376904695344594,61,"{'ccp_alpha': np.float64(0.010376904695344594), 'n_estimators': 61}",0.9012345679012346,0.9382716049382716,0.875,0.9,0.9625,0.9154012345679012,0.031020959918662456,3,0.9813084112149533,0.9813084112149533,0.9906832298136646,0.9782608695652174,0.9782608695652174,0.9819643582748012,0.004567513792992385,7968.0,8208.0,8240.0,7656.0,8104.0,8035.2,212.0588597536071,1,7968.0,8208.0,8240.0,7656.0,8104.0,8035.2,212.0588597536071,329.5925925925926,319.6296296296296,310.5000000000001,328.03749999999997,327.2874999999999,323.00944444444445,7.139051618215395,6,322.9968847352024,322.7102803738318,322.17391304347825,317.22360248447205,318.11180124223597,320.6432963758441,2.4599740778574244,ccp_alpha,param_ccp_alpha,combined
17,0.13976459503173827,0.007348841798623498,0.02627277374267578,0.001167973621672817,0.20356778563283962,34,"{'ccp_alpha': np.float64(0.20356778563283962), 'n_estimators': 34}",0.5061728395061729,0.49382716049382713,0.5,0.5,0.5,0.5,0.0039040464940350537,47,0.4984423676012461,0.5015576323987538,0.5,0.5,0.5,0.5,0.0009851332274667674,272.0,272.0,272.0,272.0,272.0,272.0,0.0,82,272.0,272.0,272.0,272.0,272.0,272.0,0.0,34.0,34.0,34.0,34.0,34.0,34.0,0.0,84,34.0,34.0,34.0,34.0,34.0,34.0,0.0,ccp_alpha,param_ccp_alpha,combined
18,0.1912626266479492,0.04022574388768687,0.03336844444274902,0.003593515215222754,0.09960504939582839,38,"{'ccp_alpha': np.float64(0.09960504939582839), 'n_estimators': 38}",0.5308641975308642,0.49382716049382713,0.5,0.5,0.5,0.5049382716049383,0.013181578088927559,45,0.5514018691588785,0.5015576323987538,0.5,0.5,0.5,0.5105919003115265,0.020413900218574286,368.0,344.0,344.0,360.0,320.0,347.2,16.4730082255792,71,368.0,344.0,344.0,360.0,320.0,347.2,16.4730082255792,67.82716049382717,64.54320987654322,63.75,72.8,62.1875,66.22157407407408,3.7696931926217814,66,67.7601246105919,64.57009345794393,63.83540372670808,72.62732919254658,62.24534161490683,66.20765852053947,3.6778115748238855,ccp_alpha,param_ccp_alpha,combined
19,0.3511538505554199,0.049101452373404825,0.06758008003234864,0.014843025509092828,0.15731727316020197,71,"{'ccp_alpha': np.float64(0.15731727316020197), 'n_estimators': 71}",0.5061728395061729,0.49382716049382713,0.5,0.5,0.5,0.5,0.0039040464940350537,47,0.4984423676012461,0.5015576323987538,0.5,0.5,0.5,0.5,0.0009851332274667674,568.0,568.0,568.0,568.0,568.0,568.0,0.0,60,568.0,568.0,568.0,568.0,568.0,568.0,0.0,74.0,74.0,75.0,79.0,75.0,75.4,1.8547236990991407,63,74.0,74.0,75.0,79.0,75.0,75.4,1.8547236990991407,ccp_alpha,param_ccp_alpha,combined
20,0.3135972023010254,0.021831698031418243,0.05638284683227539,0.005201170037799252,0.16603885121722628,75,"{'ccp_alpha': np.float64(0.16603885121722628), 'n_estimators': 75}",0.5061728395061729,0.49382716049382713,0.5,0.5,0.5,0.5,0.0039040464940350537,47,0.4984423676012461,0.5015576323987538,0.5,0.5,0.5,0.5,0.0009851332274667674,600.0,600.0,600.0,600.0,600.0,600.0,0.0,56,600.0,600.0,600.0,600.0,600.0,600.0,0.0,77.0,78.0,75.0,80.0,75.0,77.0,1.8973665961010275,59,77.0,78.0,75.0,80.0,75.0,77.0,1.8973665961010275,ccp_alpha,param_ccp_alpha,combined
21,0.027156782150268555,0.005173453722318009,0.007929134368896484,0.0013530574567929793,0.13719228992251373,5,"{'ccp_alpha': np.float64(0.13719228992251373), 'n_estimators': 5}",0.5061728395061729,0.49382716049382713,0.5,0.5,0.5,0.5,0.0039040464940350537,47,0.4984423676012461,0.5015576323987538,0.5,0.5,0.5,0.5,0.0009851332274667674,40.0,40.0,40.0,40.0,40.0,40.0,0.0,100,40.0,40.0,40.0,40.0,40.0,40.0,0.0,6.0,6.0,6.0,5.0,5.0,5.6,0.48989794855663565,100,6.0,6.0,6.0,5.0,5.0,5.6,0.48989794855663565,ccp_alpha,param_ccp_alpha,combined
22,0.1726468563079834,0.008953401100276426,0.08877878189086914,0.011855503194516465,0.0106186168070887,41,"{'ccp_alpha': np.float64(0.0106186168070887), 'n_estimators': 41}",0.9012345679012346,0.9259259259259259,0.8625,0.9125,0.975,0.9154320987654321,0.03652514046924144,2,0.9875389408099688,0.9875389408099688,0.984472049689441,0.9813664596273292,0.9751552795031055,0.9832143340879627,0.0046335579408962255,5432.0,5472.0,5320.0,5056.0,5112.0,5278.4,167.30523004377358,5,5432.0,5472.0,5320.0,5056.0,5112.0,5278.4,167.30523004377358,223.76543209876547,215.35802469135805,204.14999999999998,220.0375,216.84999999999997,216.0321913580247,6.605381030792791,16,219.70404984423675,217.993769470405,212.1521739130434,212.22049689440993,211.1273291925466,214.63956386292836,3.5006999200986706,ccp_alpha,param_ccp_alpha,combined
23,0.4363542079925537,0.05677581289395367,0.0946500301361084,0.02403163761083808,0.1525222106471046,90,"{'ccp_alpha': np.float64(0.1525222106471046), 'n_estimators': 90}",0.5061728395061729,0.49382716049382713,0.5,0.5,0.5,0.5,0.0039040464940350537,47,0.4984423676012461,0.5015576323987538,0.5,0.5,0.5,0.5,0.0009851332274667674,720.0,720.0,720.0,720.0,720.0,720.0,0.0,46,720.0,720.0,720.0,720.0,720.0,720.0,0.0,94.0,94.0,95.0,100.0,95.0,95.6,2.244994432064365,46,94.0,94.0,95.0,100.0,95.0,95.6,2.244994432064365,ccp_alpha,param_ccp_alpha,combined
24,0.3850881576538086,0.033255267124165114,0.0743631362915039,0.010991359593351778,0.10686575733132929,85,"{'ccp_alpha': np.float64(0.10686575733132929), 'n_estimators': 85}",0.5061728395061729,0.49382716049382713,0.5,0.5,0.5,0.5,0.0039040464940350537,47,0.4984423676012461,0.5015576323987538,0.5,0.5,0.5,0.5,0.0009851332274667674,712.0,728.0,704.0,744.0,696.0,716.8,17.232527382830412,49,712.0,728.0,704.0,744.0,696.0,716.8,17.232527382830412,131.45679012345678,131.30864197530866,128.0625,143.325,126.22500000000001,132.07558641975308,5.964136863017538,31,131.42367601246104,131.29595015576325,128.0745341614907,143.10559006211182,126.16459627329192,132.01286933302376,5.892747351682048,ccp_alpha,param_ccp_alpha,combined
25,0.4789107322692871,0.10346795167841964,0.1731562614440918,0.02592639858917081,0.02505402653078445,91,"{'ccp_alpha': np.float64(0.02505402653078445), 'n_estimators': 91}",0.8765432098765432,0.9012345679012346,0.8625,0.8625,0.925,0.8855555555555554,0.02427358763864727,10,0.940809968847352,0.940809968847352,0.9409937888198758,0.937888198757764,0.9316770186335404,0.9384357887811768,0.0035720485694781534,5792.0,5752.0,5696.0,5704.0,5904.0,5769.6,75.62433470781743,4,5792.0,5752.0,5696.0,5704.0,5904.0,5769.6,75.62433470781743,405.7530864197531,387.69135802469134,376.48750000000007,398.9500000000001,399.5000000000001,393.67638888888894,10.381238263874293,2,396.67912772585674,392.33021806853577,389.6490683229815,390.68012422360255,390.6024844720496,391.9882045626052,2.4989832353156904,ccp_alpha,param_ccp_alpha,combined
26,0.5025859355926514,0.0518370706992586,0.11620726585388183,0.010495526464022858,0.05726129390462981,99,"{'ccp_alpha': np.float64(0.05726129390462981), 'n_estimators': 99}",0.8024691358024691,0.8641975308641975,0.8125,0.7625,0.8,0.8083333333333332,0.03268852207870036,29,0.822429906542056,0.8785046728971962,0.8913043478260869,0.8850931677018633,0.8136645962732919,0.858199338248099,0.03314912313891448,2872.0,2976.0,3000.0,3096.0,2800.0,2948.8,103.02310420483359,12,2872.0,2976.0,3000.0,3096.0,2800.0,2948.8,103.02310420483359,337.74074074074076,327.71604938271594,325.25000000000006,344.06249999999994,326.71250000000003,332.29635802469136,7.347016527131703,4,332.613707165109,330.52336448598123,333.10869565217394,339.7422360248449,322.30745341614914,331.6590913488517,5.605227548945768,ccp_alpha,param_ccp_alpha,combined
27,0.23303046226501464,0.010841132378641568,0.057077789306640626,0.006749248265785503,0.0725470616509615,54,"{'ccp_alpha': np.float64(0.0725470616509615), 'n_estimators': 54}",0.7530864197530864,0.7037037037037037,0.7375,0.6875,0.7125,0.7188580246913581,0.02354786575053616,36,0.7445482866043613,0.7227414330218068,0.7515527950310559,0.7732919254658385,0.7515527950310559,0.7487374470308237,0.016199485111422943,1064.0,912.0,1008.0,1168.0,1048.0,1040.0,82.98433587129561,27,1064.0,912.0,1008.0,1168.0,1048.0,1040.0,82.98433587129561,154.03703703703704,136.2716049382716,147.04999999999998,159.8125,147.7625,148.9867283950617,7.86926889593216,25,152.57632398753896,136.95015576323988,148.8913043478261,157.90993788819878,146.3354037267081,148.53262514270236,6.977041268673426,ccp_alpha,param_ccp_alpha,combined
28,0.2103646755218506,0.040487974001545364,0.047648143768310544,0.021726152548737755,0.17579025212617316,35,"{'ccp_alpha': np.float64(0.17579025212617316), 'n_estimators': 35}",0.5061728395061729,0.49382716049382713,0.5,0.5,0.5,0.5,0.0039040464940350537,47,0.4984423676012461,0.5015576323987538,0.5,0.5,0.5,0.5,0.0009851332274667674,280.0,280.0,280.0,280.0,280.0,280.0,0.0,78,280.0,280.0,280.0,280.0,280.0,280.0,0.0,35.0,35.0,35.0,36.0,35.0,35.2,0.4,82,35.0,35.0,35.0,36.0,35.0,35.2,0.4,ccp_alpha,param_ccp_alpha,combined
29,0.36850638389587403,0.04610734395115721,0.07454605102539062,0.02195373422440349,0.1172824028394329,62,"{'ccp_alpha': np.float64(0.1172824028394329), 'n_estimators': 62}",0.5061728395061729,0.49382716049382713,0.5,0.5,0.5,0.5,0.0039040464940350537,47,0.4984423676012461,0.5015576323987538,0.5,0.5,0.5,0.5,0.0009851332274667674,504.0,504.0,504.0,512.0,496.0,504.0,5.059644256269407,63,504.0,504.0,504.0,512.0,496.0,504.0,5.059644256269407,82.80246913580247,84.76543209876543,91.75,97.625,90.0,89.38858024691358,5.263821921026396,52,82.79439252336448,84.77258566978193,91.77639751552795,97.53105590062111,90.0,89.3748863218591,5.237655873491015,ccp_alpha,param_ccp_alpha,combined
30,0.04732556343078613,0.004297547944279743,0.010626745223999024,0.001116714503356747,0.14780320352177043,9,"{'ccp_alpha': np.float64(0.14780320352177043), 'n_estimators': 9}",0.5061728395061729,0.49382716049382713,0.5,0.5,0.5,0.5,0.0039040464940350537,47,0.4984423676012461,0.5015576323987538,0.5,0.5,0.5,0.5,0.0009851332274667674,72.0,72.0,72.0,72.0,72.0,72.0,0.0,94,72.0,72.0,72.0,72.0,72.0,72.0,0.0,10.0,10.0,10.0,10.0,10.0,10.0,0.0,95,10.0,10.0,10.0,10.0,10.0,10.0,0.0,ccp_alpha,param_ccp_alpha,combined
31,0.3038012981414795,0.08515941010194797,0.09574651718139648,0.017437553925117453,0.026244894861806534,49,"{'ccp_alpha': np.float64(0.026244894861806534), 'n_estimators': 49}",0.9012345679012346,0.8888888888888888,0.8625,0.8625,0.925,0.8880246913580245,0.023855569004630227,8,0.9376947040498442,0.9283489096573209,0.9316770186335404,0.937888198757764,0.9316770186335404,0.9334571699464019,0.003742269690423852,2896.0,2896.0,3032.0,2880.0,2992.0,2939.2,61.05210889068452,13,2896.0,2896.0,3032.0,2880.0,2992.0,2939.2,61.05210889068452,214.70370370370372,204.9506172839506,201.225,211.04999999999995,211.95000000000007,208.7758641975309,4.94032745940876,17,209.51401869158886,207.70093457943923,208.804347826087,205.59627329192543,205.88198757763973,207.49951239333603,1.5517801155994289,ccp_alpha,param_ccp_alpha,combined
32,0.04909262657165527,0.012416822055688526,0.00902729034423828,0.0013758905000980062,0.08487072720780645,6,"{'ccp_alpha': np.float64(0.08487072720780645), 'n_estimators': 6}",0.5802469135802469,0.6790123456790124,0.7,0.525,0.65,0.6268518518518518,0.06504310179171495,40,0.5825545171339563,0.6510903426791277,0.7204968944099379,0.577639751552795,0.6645962732919255,0.6392755558135484,0.05365423070262008,80.0,72.0,96.0,64.0,80.0,78.4,10.613199329137279,93,80.0,72.0,96.0,64.0,80.0,78.4,10.613199329137279,14.074074074074074,13.82716049382716,15.2,13.65,13.5875,14.067746913580246,0.5907738132053169,92,13.98753894080997,13.841121495327103,15.245341614906833,13.62111801242236,13.503105590062113,14.039645130705674,0.6259185774934222,ccp_alpha,param_ccp_alpha,combined
33,0.37729225158691404,0.02968051906940204,0.0796478271484375,0.008909491228732705,0.10653711279639316,70,"{'ccp_alpha': np.float64(0.10653711279639316), 'n_estimators': 70}",0.5061728395061729,0.49382716049382713,0.5,0.5,0.5,0.5,0.0039040464940350537,47,0.4984423676012461,0.5015576323987538,0.5,0.5,0.5,0.5,0.0009851332274667674,592.0,616.0,584.0,624.0,576.0,598.4,18.52133904446436,58,592.0,616.0,584.0,624.0,576.0,598.4,18.52133904446436,111.45679012345678,112.1111111111111,109.71249999999999,122.06249999999999,109.22500000000001,112.91358024691358,4.697264433928173,38,111.42367601246106,112.11526479750778,109.74534161490683,121.7888198757764,109.16459627329192,112.84753971478881,4.597777958073485,ccp_alpha,param_ccp_alpha,combined
34,0.3667739391326904,0.05920455660776478,0.10451149940490723,0.018449107711152803,0.04012501513619363,63,"{'ccp_alpha': np.float64(0.04012501513619363), 'n_estimators': 63}",0.9012345679012346,0.8888888888888888,0.825,0.8,0.9125,0.8655246913580246,0.04463966043380913,19,0.9065420560747663,0.9283489096573209,0.9161490683229814,0.9037267080745341,0.8944099378881988,0.9098353360035603,0.01156477029704087,2688.0,2720.0,2800.0,2712.0,2672.0,2718.4,44.22487987547281,14,2688.0,2720.0,2800.0,2712.0,2672.0,2718.4,44.22487987547281,251.12345679012347,237.03703703703707,234.56250000000009,245.11249999999995,242.34999999999994,242.03709876543212,5.881974941820261,12,245.36137071651086,240.33644859813086,242.59627329192548,240.75155279503107,237.00310559006215,241.20975019833207,2.7505220821372505,ccp_alpha,param_ccp_alpha,combined
35,0.5249116897583008,0.0987838160359395,0.08043646812438965,0.010709309461142633,0.13490954552618167,93,"{'ccp_alpha': np.float64(0.13490954552618167), 'n_estimators': 93}",0.5061728395061729,0.49382716049382713,0.5,0.5,0.5,0.5,0.0039040464940350537,47,0.4984423676012461,0.5015576323987538,0.5,0.5,0.5,0.5,0.0009851332274667674,744.0,744.0,744.0,760.0,744.0,747.2,6.4,42,744.0,744.0,744.0,760.0,744.0,747.2,6.4,108.0,105.0,114.0,114.625,113.0,110.925,3.7712729946266155,39,108.0,105.0,114.0,114.5248447204969,113.0,110.9049689440994,3.7517829307060646,ccp_alpha,param_ccp_alpha,combined
36,0.31761813163757324,0.05352739251251742,0.10537028312683105,0.027644122675808958,0.020596132543767166,53,"{'ccp_alpha': np.float64(0.020596132543767166), 'n_estimators': 53}",0.9135802469135802,0.8888888888888888,0.8625,0.85,0.925,0.8879938271604939,0.028699787334044078,9,0.9470404984423676,0.9376947040498442,0.9440993788819876,0.953416149068323,0.9347826086956522,0.9434066678276348,0.006646430837070428,3904.0,4008.0,3944.0,3824.0,3872.0,3910.4,62.66609928821165,8,3904.0,4008.0,3944.0,3824.0,3872.0,3910.4,62.66609928821165,246.02469135802477,234.86419753086432,228.33750000000006,242.22499999999997,240.62500000000006,238.41527777777782,6.188243799389503,13,240.69158878504672,238.40498442367598,236.73913043478265,235.5496894409938,233.55279503105595,236.987637623111,2.4353940376200818,ccp_alpha,param_ccp_alpha,combined
37,0.20403389930725097,0.050931649261532964,0.03087925910949707,0.007278756400048149,0.1937819496304306,31,"{'ccp_alpha': np.float64(0.1937819496304306), 'n_estimators': 31}",0.5061728395061729,0.49382716049382713,0.5,0.5,0.5,0.5,0.0039040464940350537,47,0.4984423676012461,0.5015576323987538,0.5,0.5,0.5,0.5,0.0009851332274667674,248.0,248.0,248.0,248.0,248.0,248.0,0.0,83,248.0,248.0,248.0,248.0,248.0,248.0,0.0,31.0,31.0,31.0,31.0,31.0,31.0,0.0,85,31.0,31.0,31.0,31.0,31.0,31.0,0.0,ccp_alpha,param_ccp_alpha,combined
38,0.3472264289855957,0.0631290656920899,0.058762311935424805,0.012431557574035652,0.10274275279234689,55,"{'ccp_alpha': np.float64(0.10274275279234689), 'n_estimators': 55}",0.5061728395061729,0.49382716049382713,0.5,0.5,0.5,0.5,0.0039040464940350537,47,0.4984423676012461,0.5015576323987538,0.5,0.5,0.5,0.5,0.0009851332274667674,496.0,472.0,472.0,520.0,456.0,483.2,22.400000000000002,64,496.0,472.0,472.0,520.0,456.0,483.2,22.400000000000002,91.08641975308642,87.23456790123457,85.9125,102.67499999999998,87.175,90.8166975308642,6.177974660650201,50,91.04984423676012,87.19314641744549,85.97826086956522,102.29813664596273,87.2919254658385,90.76226272711442,6.013777446966818,ccp_alpha,param_ccp_alpha,combined
39,0.550504207611084,0.09443237990147632,0.091495943069458,0.022231280706514586,0.16846181888005204,98,"{'ccp_alpha': np.float64(0.16846181888005204), 'n_estimators': 98}",0.5061728395061729,0.49382716049382713,0.5,0.5,0.5,0.5,0.0039040464940350537,47,0.4984423676012461,0.5015576323987538,0.5,0.5,0.5,0.5,0.0009851332274667674,784.0,784.0,784.0,784.0,784.0,784.0,0.0,37,784.0,784.0,784.0,784.0,784.0,784.0,0.0,100.0,100.0,98.0,103.0,98.0,99.8,1.8330302779823358,42,100.0,100.0,98.0,103.0,98.0,99.8,1.8330302779823358,ccp_alpha,param_ccp_alpha,combined
40,0.11801385879516602,0.01724968412392757,0.026175308227539062,0.007629381681073811,0.07421058524163261,20,"{'ccp_alpha': np.float64(0.07421058524163261), 'n_estimators': 20}",0.7530864197530864,0.7407407407407407,0.7375,0.65,0.75,0.7262654320987655,0.03856127928798744,35,0.7414330218068536,0.7445482866043613,0.7670807453416149,0.7484472049689441,0.7577639751552795,0.7518546467754106,0.009384647729645404,416.0,384.0,392.0,384.0,416.0,398.4,14.664242223858686,69,416.0,384.0,392.0,384.0,416.0,398.4,14.664242223858686,58.44444444444445,54.24691358024691,54.7125,55.3125,55.400000000000006,55.62327160493828,1.4716869041252705,71,57.90031152647975,54.54828660436138,55.319875776397524,54.773291925465834,54.8913043478261,55.48661403610612,1.232673326550035,ccp_alpha,param_ccp_alpha,combined
41,0.09214529991149903,0.010456755558181829,0.03129000663757324,0.008231454281288625,0.030077478365333733,14,"{'ccp_alpha': np.float64(0.030077478365333733), 'n_estimators': 14}",0.8765432098765432,0.9259259259259259,0.85,0.7875,0.9125,0.8704938271604938,0.04935950457579258,18,0.8940809968847352,0.9345794392523364,0.9192546583850931,0.937888198757764,0.9130434782608695,0.9197693543081596,0.015830509580256905,672.0,776.0,832.0,760.0,824.0,772.8,57.377347446531545,38,672.0,776.0,832.0,760.0,824.0,772.8,57.377347446531545,58.53086419753086,58.481481481481474,56.87499999999999,59.612500000000004,59.599999999999994,58.619969135802464,1.0017598331427962,69,57.07165109034268,59.25545171339564,58.59006211180124,57.689440993788814,57.86024844720497,58.093370871306675,0.7561151755279072,ccp_alpha,param_ccp_alpha,combined
42,0.5437917709350586,0.040762390187018084,0.1337902069091797,0.009418824051231739,0.06781858939728778,86,"{'ccp_alpha': np.float64(0.06781858939728778), 'n_estimators': 86}",0.7530864197530864,0.7530864197530864,0.7375,0.75,0.7375,0.7462345679012345,0.0072202434769530815,32,0.7507788161993769,0.7507788161993769,0.7795031055900621,0.8229813664596274,0.7546583850931677,0.7717400979083222,0.0277721711987978,1904.0,1792.0,2032.0,2096.0,1976.0,1960.0,105.1627310409919,21,1904.0,1792.0,2032.0,2096.0,1976.0,1960.0,105.1627310409919,258.1481481481482,241.08641975308652,254.76250000000005,267.31250000000006,257.07500000000005,255.676913580247,8.45183032927635,10,255.75389408099693,242.07788161993764,259.2111801242235,264.51242236024854,254.3509316770187,255.18126197248506,7.430029974188138,ccp_alpha,param_ccp_alpha,combined
43,0.465849781036377,0.04017020946030181,0.15254597663879393,0.011258651184497717,0.03379017171970501,98,"{'ccp_alpha': np.float64(0.03379017171970501), 'n_estimators': 98}",0.9012345679012346,0.8888888888888888,0.8625,0.8,0.9375,0.8780246913580246,0.045875723424216065,14,0.9345794392523364,0.9283489096573209,0.9285714285714286,0.9192546583850931,0.906832298136646,0.923517346800565,0.009672838187849938,4928.0,4904.0,5032.0,4840.0,4712.0,4883.2,105.6,6,4928.0,4904.0,5032.0,4840.0,4712.0,4883.2,105.6,409.2716049382715,388.66666666666674,382.46250000000015,400.03749999999997,391.6875,394.42515432098764,9.334618895292998,1,400.7009345794393,392.65732087227417,395.2422360248447,393.3633540372671,383.1832298136646,393.029415065498,5.673554821975823,ccp_alpha,param_ccp_alpha,combined
44,0.4968552589416504,0.08215952468537875,0.1038963794708252,0.013496942016271834,0.1182577670658974,84,"{'ccp_alpha': np.float64(0.1182577670658974), 'n_estimators': 84}",0.5061728395061729,0.49382716049382713,0.5,0.5,0.5,0.5,0.0039040464940350537,47,0.4984423676012461,0.5015576323987538,0.5,0.5,0.5,0.5,0.0009851332274667674,680.0,680.0,688.0,688.0,672.0,681.6,5.986651818838306,50,680.0,680.0,688.0,688.0,672.0,681.6,5.986651818838306,110.80246913580247,110.76543209876543,119.3625,125.625,116.0,116.51108024691356,5.604570355575795,36,110.79439252336448,110.77258566978193,119.37267080745342,125.53105590062111,116.0,116.4941409802442,5.575289556516368,ccp_alpha,param_ccp_alpha,combined
45,0.2547278881072998,0.056842106482734175,0.048584365844726564,0.010132072195124726,0.10170626317276497,45,"{'ccp_alpha': np.float64(0.10170626317276497), 'n_estimators': 45}",0.5061728395061729,0.49382716049382713,0.5,0.5,0.5,0.5,0.0039040464940350537,47,0.4984423676012461,0.5015576323987538,0.5,0.5,0.5,0.5,0.0009851332274667674,424.0,400.0,392.0,432.0,368.0,403.2,22.96432015105172,68,424.0,400.0,392.0,432.0,368.0,403.2,22.96432015105172,76.82716049382717,75.03703703703704,71.9125,85.07499999999999,71.5125,76.07283950617283,4.914995456402561,62,76.7601246105919,75.01869158878505,71.97826086956522,84.73913043478261,71.57142857142857,76.01352721503066,4.768623952068132,ccp_alpha,param_ccp_alpha,combined
46,0.09830055236816407,0.013965859231610074,0.021371841430664062,0.004524582929875269,0.19785329872212465,18,"{'ccp_alpha': np.float64(0.19785329872212465), 'n_estimators': 18}",0.5061728395061729,0.49382716049382713,0.5,0.5,0.5,0.5,0.0039040464940350537,47,0.4984423676012461,0.5015576323987538,0.5,0.5,0.5,0.5,0.0009851332274667674,144.0,144.0,144.0,144.0,144.0,144.0,0.0,87,144.0,144.0,144.0,144.0,144.0,144.0,0.0,18.0,18.0,18.0,18.0,18.0,18.0,0.0,88,18.0,18.0,18.0,18.0,18.0,18.0,0.0,ccp_alpha,param_ccp_alpha,combined
47,0.49377026557922366,0.06613075237699033,0.11566357612609864,0.01488781738995806,0.06717412696576616,98,"{'ccp_alpha': np.float64(0.06717412696576616), 'n_estimators': 98}",0.7530864197530864,0.7654320987654321,0.7375,0.7625,0.7375,0.7512037037037038,0.011909501636649103,31,0.7663551401869159,0.7601246105919003,0.7763975155279503,0.8198757763975155,0.7515527950310559,0.7748611675470676,0.023922684702043364,2264.0,2080.0,2352.0,2432.0,2232.0,2272.0,118.76699878333207,19,2264.0,2080.0,2352.0,2432.0,2232.0,2272.0,118.76699878333207,298.6666666666668,276.9012345679013,292.1875,308.4250000000002,291.71250000000003,293.5785802469137,10.29423160355604,7,295.6573208722742,278.0654205607476,297.22049689440985,304.94099378882004,288.80745341614914,292.93833710648016,9.03395128657997,ccp_alpha,param_ccp_alpha,combined
48,0.1096883773803711,0.013748791730779043,0.02721128463745117,0.0022851695968085202,0.06536069456588808,24,"{'ccp_alpha': np.float64(0.06536069456588808), 'n_estimators': 24}",0.7407407407407407,0.8148148148148148,0.775,0.7375,0.7875,0.7711111111111111,0.02914034673706034,30,0.7570093457943925,0.8255451713395638,0.8416149068322981,0.8043478260869565,0.7981366459627329,0.8053307792031887,0.028680454124157494,608.0,584.0,608.0,696.0,616.0,622.4,38.333275362275,54,608.0,584.0,608.0,696.0,616.0,622.4,38.333275362275,77.95061728395063,72.87654320987653,74.92500000000001,79.9625,77.72500000000001,76.68793209876544,2.4910758115985274,60,77.1246105919003,73.59813084112149,76.11490683229813,79.17701863354037,76.78881987577641,76.56069735492733,1.7994835145154828,ccp_alpha,param_ccp_alpha,combined
49,0.3225292205810547,0.05428818351913991,0.10296044349670411,0.027282328774516987,0.04317565400962643,60,"{'ccp_alpha': np.float64(0.04317565400962643), 'n_estimators': 60}",0.8765432098765432,0.8765432098765432,0.8375,0.8,0.9,0.8581172839506174,0.035315386129633905,21,0.8909657320872274,0.9221183800623053,0.9130434782608695,0.906832298136646,0.8819875776397516,0.9029894932373599,0.014611059964786966,2424.0,2392.0,2520.0,2448.0,2384.0,2433.6,48.8982617277956,16,2424.0,2392.0,2520.0,2448.0,2384.0,2433.6,48.8982617277956,234.25925925925924,220.08641975308646,219.81250000000003,229.62499999999997,225.88749999999993,225.93413580246914,5.560621222233411,14,229.33021806853574,223.1651090342679,227.19565217391303,225.7329192546584,221.3229813664597,225.34937597956696,2.8420352086407212,ccp_alpha,param_ccp_alpha,combined
50,0.043236589431762694,0.00533808755069679,0.015136003494262695,0.007977072249871856,0.18914611103340914,8,"{'ccp_alpha': np.float64(0.18914611103340914), 'n_estimators': 8}",0.5061728395061729,0.49382716049382713,0.5,0.5,0.5,0.5,0.0039040464940350537,47,0.4984423676012461,0.5015576323987538,0.5,0.5,0.5,0.5,0.0009851332274667674,64.0,64.0,64.0,64.0,64.0,64.0,0.0,96,64.0,64.0,64.0,64.0,64.0,64.0,0.0,8.0,8.0,8.0,8.0,8.0,8.0,0.0,97,8.0,8.0,8.0,8.0,8.0,8.0,0.0,ccp_alpha,param_ccp_alpha,combined
51,0.3985711097717285,0.13505267888104486,0.08963298797607422,0.021707233157855582,0.19353572898774601,72,"{'ccp_alpha': np.float64(0.19353572898774601), 'n_estimators': 72}",0.5061728395061729,0.49382716049382713,0.5,0.5,0.5,0.5,0.0039040464940350537,47,0.4984423676012461,0.5015576323987538,0.5,0.5,0.5,0.5,0.0009851332274667674,576.0,576.0,576.0,576.0,576.0,576.0,0.0,59,576.0,576.0,576.0,576.0,576.0,576.0,0.0,72.0,72.0,72.0,73.0,72.0,72.2,0.4,65,72.0,72.0,72.0,73.0,72.0,72.2,0.4,ccp_alpha,param_ccp_alpha,combined
52,0.031080341339111327,0.007062693219900729,0.014979362487792969,0.012141149870227599,0.09101239058598333,6,"{'ccp_alpha': np.float64(0.09101239058598333), 'n_estimators': 6}",0.5802469135802469,0.49382716049382713,0.575,0.525,0.5,0.5348148148148149,0.03651661110720802,44,0.5825545171339563,0.5015576323987538,0.5714285714285714,0.577639751552795,0.5,0.5466360945028154,0.03761122120601509,80.0,48.0,72.0,64.0,72.0,67.2,10.851727973000429,95,80.0,48.0,72.0,64.0,72.0,67.2,10.851727973000429,14.074074074074074,11.0,12.5125,13.65,11.175,12.482314814814817,1.2493539619977183,94,13.98753894080997,11.0,12.512422360248447,13.62111801242236,11.006211180124224,12.425458098721,1.2588450719919804,ccp_alpha,param_ccp_alpha,combined
53,0.6607342720031738,0.1062599115571019,0.09439663887023926,0.017307571132848917,0.10397910367746448,85,"{'ccp_alpha': np.float64(0.10397910367746448), 'n_estimators': 85}",0.5061728395061729,0.49382716049382713,0.5,0.5,0.5,0.5,0.0039040464940350537,47,0.4984423676012461,0.5015576323987538,0.5,0.5,0.5,0.5,0.0009851332274667674,744.0,736.0,712.0,760.0,712.0,732.8,18.65904606350496,43,744.0,736.0,712.0,760.0,712.0,732.8,18.65904606350496,138.82716049382717,135.1111111111111,129.4125,147.7625,131.625,136.54765432098765,6.452526964502587,27,138.7632398753894,135.1152647975078,129.4472049689441,147.4751552795031,131.62732919254657,136.48563882277818,6.3399934866625545,ccp_alpha,param_ccp_alpha,combined
54,0.1636904239654541,0.00997594187663876,0.028561496734619142,0.0059333670483292114,0.1271371665799223,27,"{'ccp_alpha': np.float64(0.1271371665799223), 'n_estimators': 27}",0.5061728395061729,0.49382716049382713,0.5,0.5,0.5,0.5,0.0039040464940350537,47,0.4984423676012461,0.5015576323987538,0.5,0.5,0.5,0.5,0.0009851332274667674,216.0,216.0,216.0,216.0,216.0,216.0,0.0,84,216.0,216.0,216.0,216.0,216.0,216.0,0.0,35.0,32.0,39.0,37.0,36.0,35.8,2.3151673805580453,81,35.0,32.0,39.0,37.0,36.0,35.8,2.3151673805580453,ccp_alpha,param_ccp_alpha,combined
55,0.5459760189056396,0.08906409888473742,0.1291165828704834,0.06529327039596113,0.15812655322605074,90,"{'ccp_alpha': np.float64(0.15812655322605074), 'n_estimators': 90}",0.5061728395061729,0.49382716049382713,0.5,0.5,0.5,0.5,0.0039040464940350537,47,0.4984423676012461,0.5015576323987538,0.5,0.5,0.5,0.5,0.0009851332274667674,720.0,720.0,720.0,720.0,720.0,720.0,0.0,46,720.0,720.0,720.0,720.0,720.0,720.0,0.0,92.0,93.0,93.0,97.0,93.0,93.6,1.7435595774162693,47,92.0,93.0,93.0,97.0,93.0,93.6,1.7435595774162693,ccp_alpha,param_ccp_alpha,combined
56,0.302365779876709,0.04940938324057992,0.10991206169128417,0.028765763444309724,0.024234588315634468,51,"{'ccp_alpha': np.float64(0.024234588315634468), 'n_estimators': 51}",0.9135802469135802,0.9012345679012346,0.8625,0.8625,0.9375,0.8954629629629629,0.029331804372589584,7,0.940809968847352,0.9345794392523364,0.937888198757764,0.9472049689440993,0.9347826086956522,0.9390530368994409,0.004672200483252352,3328.0,3240.0,3352.0,3200.0,3328.0,3289.6,58.87478237751712,10,3328.0,3240.0,3352.0,3200.0,3328.0,3289.6,58.87478237751712,229.39506172839506,216.2222222222222,213.1,223.32499999999996,225.43750000000009,221.49595679012344,5.993019063527893,15,224.17757009345797,219.45794392523356,221.0931677018634,217.61490683229812,218.99378881987576,220.2674754745458,2.2487484078282636,ccp_alpha,param_ccp_alpha,combined
57,0.18806567192077636,0.032966802006283186,0.06455802917480469,0.027414150748992235,0.027278109049049405,30,"{'ccp_alpha': np.float64(0.027278109049049405), 'n_estimators': 30}",0.8641975308641975,0.8888888888888888,0.85,0.85,0.9,0.8706172839506173,0.020437972375704418,17,0.9158878504672897,0.9283489096573209,0.9316770186335404,0.9440993788819876,0.9316770186335404,0.9303380352547357,0.009008049649489758,1728.0,1768.0,1832.0,1704.0,1824.0,1771.2,50.74800488689186,23,1728.0,1768.0,1832.0,1704.0,1824.0,1771.2,50.74800488689186,132.38271604938274,127.14814814814812,124.08750000000002,130.3875,131.7,129.14117283950617,3.1022664875502657,32,129.56386292834893,129.00623052959503,128.0683229813665,126.99068322981365,128.04968944099377,128.33575782202357,0.8854781730806887,ccp_alpha,param_ccp_alpha,combined
58,0.3306728839874268,0.03109729777221863,0.05233998298645019,0.019946889197282817,0.13088619589669154,48,"{'ccp_alpha': np.float64(0.13088619589669154), 'n_estimators': 48}",0.5061728395061729,0.49382716049382713,0.5,0.5,0.5,0.5,0.0039040464940350537,47,0.4984423676012461,0.5015576323987538,0.5,0.5,0.5,0.5,0.0009851332274667674,384.0,384.0,384.0,392.0,384.0,385.6,3.2,70,384.0,384.0,384.0,392.0,384.0,385.6,3.2,61.0,58.0,66.0,65.7875,62.0,62.557500000000005,3.0262559376232527,68,61.0,58.0,66.0,65.72360248447205,62.0,62.54472049689441,3.012693590914349,ccp_alpha,param_ccp_alpha,combined
59,0.24238920211791992,0.04048350163285897,0.05865888595581055,0.014119495572607922,0.12848370537665213,39,"{'ccp_alpha': np.float64(0.12848370537665213), 'n_estimators': 39}",0.5061728395061729,0.49382716049382713,0.5,0.5,0.5,0.5,0.0039040464940350537,47,0.4984423676012461,0.5015576323987538,0.5,0.5,0.5,0.5,0.0009851332274667674,312.0,320.0,312.0,320.0,312.0,315.2,3.919183588453085,74,312.0,320.0,312.0,320.0,312.0,315.2,3.919183588453085,50.0,47.76543209876543,54.0,54.7875,52.0,51.71058641975308,2.580035676420366,73,50.0,47.77258566978193,54.0,54.72360248447205,52.0,51.6992376308508,2.562684233348861,ccp_alpha,param_ccp_alpha,combined
60,0.1841710090637207,0.027889777231932946,0.03539361953735352,0.011069749348611784,0.10127553577878125,31,"{'ccp_alpha': np.float64(0.10127553577878125), 'n_estimators': 31}",0.5308641975308642,0.49382716049382713,0.5,0.5,0.5,0.5049382716049383,0.013181578088927559,45,0.5514018691588785,0.5015576323987538,0.5,0.5,0.5,0.5105919003115265,0.020413900218574286,296.0,272.0,280.0,296.0,256.0,280.0,15.17893276880822,78,296.0,272.0,280.0,296.0,256.0,280.0,15.17893276880822,54.23456790123457,52.54320987654321,52.0,57.875,49.5125,53.23305555555555,2.7709031708008074,72,54.1993769470405,52.570093457943926,52.059006211180126,57.7360248447205,49.57142857142857,53.22718600646273,2.69947253994391,ccp_alpha,param_ccp_alpha,combined
61,0.670691967010498,0.11184479794483917,0.14034199714660645,0.03343573994308327,0.06841063584944028,92,"{'ccp_alpha': np.float64(0.06841063584944028), 'n_estimators': 92}",0.7530864197530864,0.7530864197530864,0.7375,0.7375,0.7375,0.7437345679012346,0.007635755062379645,33,0.7570093457943925,0.7507788161993769,0.7732919254658385,0.8167701863354038,0.7546583850931677,0.7705017317776359,0.02437459571182307,2040.0,1872.0,2136.0,2208.0,2024.0,2056.0,113.70136322841516,20,2040.0,1872.0,2136.0,2208.0,2024.0,2056.0,113.70136322841516,275.3580246913581,254.7160493827162,270.33750000000003,285.3000000000001,269.6125,271.0648148148149,9.909515473680138,9,272.96261682243,255.90965732087224,274.81366459627327,282.22670807453426,267.0465838509317,270.5918461330083,8.797157156273649,ccp_alpha,param_ccp_alpha,combined
62,0.40441527366638186,0.09465069000877076,0.09129719734191895,0.048112505484047885,0.08969573757803534,65,"{'ccp_alpha': np.float64(0.08969573757803534), 'n_estimators': 65}",0.5679012345679012,0.49382716049382713,0.6375,0.625,0.5375,0.5723456790123456,0.053696732199692274,43,0.573208722741433,0.5015576323987538,0.6521739130434783,0.7298136645962733,0.5590062111801242,0.6031520287920126,0.07951501907004317,696.0,632.0,760.0,856.0,704.0,729.6,75.11484540355521,44,696.0,632.0,760.0,856.0,704.0,729.6,75.11484540355521,131.25925925925927,122.40740740740742,128.0625,154.14999999999995,130.14999999999998,133.20583333333332,10.907293574517595,30,131.04984423676012,122.45794392523364,128.38509316770188,153.73913043478257,129.78260869565216,133.08292409202608,10.739312592770862,ccp_alpha,param_ccp_alpha,combined
63,0.1773972988128662,0.026638550128150373,0.040761566162109374,0.005615814499473241,0.0564880397987382,33,"{'ccp_alpha': np.float64(0.0564880397987382), 'n_estimators': 33}",0.7530864197530864,0.8765432098765432,0.8125,0.7875,0.8375,0.813425925925926,0.04213601679073591,28,0.8099688473520249,0.8909657320872274,0.8975155279503105,0.8819875776397516,0.8571428571428571,0.8675161084344343,0.03187025271990423,1016.0,1064.0,1064.0,1144.0,1072.0,1072.0,41.10474425172841,26,1016.0,1064.0,1064.0,1144.0,1072.0,1072.0,41.10474425172841,117.35802469135804,113.62962962962963,112.7125,120.72500000000001,117.425,116.37003086419755,2.896279641290668,37,115.33956386292833,115.22118380062304,115.38509316770188,118.82919254658384,115.18322981366462,115.99165263830034,1.4206995872924146,ccp_alpha,param_ccp_alpha,combined
64,0.05120100975036621,0.00209607522715463,0.01314530372619629,0.0011679808109481872,0.12986873552344938,11,"{'ccp_alpha': np.float64(0.12986873552344938), 'n_estimators': 11}",0.5061728395061729,0.49382716049382713,0.5,0.5,0.5,0.5,0.0039040464940350537,47,0.4984423676012461,0.5015576323987538,0.5,0.5,0.5,0.5,0.0009851332274667674,88.0,88.0,88.0,88.0,88.0,88.0,0.0,92,88.0,88.0,88.0,88.0,88.0,88.0,0.0,15.0,13.0,14.0,14.0,12.0,13.6,1.0198039027185568,93,15.0,13.0,14.0,14.0,12.0,13.6,1.0198039027185568,ccp_alpha,param_ccp_alpha,combined
65,0.16451444625854492,0.03601327890075285,0.034146785736083984,0.007342347217415483,0.052763689678867395,27,"{'ccp_alpha': np.float64(0.052763689678867395), 'n_estimators': 27}",0.7777777777777778,0.8888888888888888,0.825,0.8,0.875,0.8333333333333333,0.04263685300966641,24,0.8161993769470405,0.9034267912772586,0.8975155279503105,0.8819875776397516,0.8633540372670807,0.8724966622162885,0.03138683138378126,856.0,928.0,936.0,952.0,944.0,923.2,34.539253031876655,31,856.0,928.0,936.0,952.0,944.0,923.2,34.539253031876655,96.80246913580247,95.41975308641976,93.88750000000002,99.1625,98.62499999999999,96.77944444444445,1.9645692904429828,45,95.11838006230529,96.45794392523365,96.17391304347827,97.44099378881987,96.31677018633543,96.30160020123449,0.7401628392909304,ccp_alpha,param_ccp_alpha,combined
66,0.5375031471252442,0.08462055765834635,0.09871869087219239,0.021549354613460105,0.10933166182496225,99,"{'ccp_alpha': np.float64(0.10933166182496225), 'n_estimators': 99}",0.5061728395061729,0.49382716049382713,0.5,0.5,0.5,0.5,0.0039040464940350537,47,0.4984423676012461,0.5015576323987538,0.5,0.5,0.5,0.5,0.0009851332274667674,832.0,848.0,832.0,872.0,816.0,840.0,18.93145530591877,36,832.0,848.0,832.0,872.0,816.0,840.0,18.93145530591877,149.2469135802469,148.27160493827162,149.36249999999998,166.0,146.5125,151.8787037037037,7.134085969673671,24,149.19003115264795,148.20560747663552,149.45652173913047,165.7080745341615,146.69875776397515,151.8517985333101,6.995245235350439,ccp_alpha,param_ccp_alpha,combined
67,0.03604135513305664,0.0044712012573419726,0.009277009963989257,0.0009183527963351323,0.12128015664946087,7,"{'ccp_alpha': np.float64(0.12128015664946087), 'n_estimators': 7}",0.5061728395061729,0.49382716049382713,0.5,0.5,0.5,0.5,0.0039040464940350537,47,0.4984423676012461,0.5015576323987538,0.5,0.5,0.5,0.5,0.0009851332274667674,64.0,56.0,56.0,64.0,56.0,59.2,3.9191835884530852,97,64.0,56.0,56.0,64.0,56.0,59.2,3.9191835884530852,10.802469135802468,8.0,9.0,10.8375,9.0,9.527993827160493,1.116370353236109,96,10.794392523364486,8.0,9.0,10.807453416149068,9.0,9.52036918790271,1.1075027693746566,ccp_alpha,param_ccp_alpha,combined
68,0.3353257656097412,0.06467667367914534,0.05153722763061523,0.008778221450498114,0.16023792673371368,54,"{'ccp_alpha': np.float64(0.16023792673371368), 'n_estimators': 54}",0.5061728395061729,0.49382716049382713,0.5,0.5,0.5,0.5,0.0039040464940350537,47,0.4984423676012461,0.5015576323987538,0.5,0.5,0.5,0.5,0.0009851332274667674,432.0,432.0,432.0,432.0,432.0,432.0,0.0,67,432.0,432.0,432.0,432.0,432.0,432.0,0.0,55.0,56.0,56.0,60.0,57.0,56.8,1.7204650534085253,70,55.0,56.0,56.0,60.0,57.0,56.8,1.7204650534085253,ccp_alpha,param_ccp_alpha,combined
69,0.2559928894042969,0.023540460242838908,0.044933319091796875,0.0077945559792325664,0.1548680300366579,40,"{'ccp_alpha': np.float64(0.1548680300366579), 'n_estimators': 40}",0.5061728395061729,0.49382716049382713,0.5,0.5,0.5,0.5,0.0039040464940350537,47,0.4984423676012461,0.5015576323987538,0.5,0.5,0.5,0.5,0.0009851332274667674,320.0,320.0,320.0,320.0,320.0,320.0,0.0,73,320.0,320.0,320.0,320.0,320.0,320.0,0.0,42.0,42.0,41.0,45.0,42.0,42.4,1.3564659966250536,76,42.0,42.0,41.0,45.0,42.0,42.4,1.3564659966250536,ccp_alpha,param_ccp_alpha,combined
70,0.17696542739868165,0.014564571477137536,0.03691391944885254,0.009984167574099834,0.1916686179565571,39,"{'ccp_alpha': np.float64(0.1916686179565571), 'n_estimators': 39}",0.5061728395061729,0.49382716049382713,0.5,0.5,0.5,0.5,0.0039040464940350537,47,0.4984423676012461,0.5015576323987538,0.5,0.5,0.5,0.5,0.0009851332274667674,312.0,312.0,312.0,312.0,312.0,312.0,0.0,75,312.0,312.0,312.0,312.0,312.0,312.0,0.0,39.0,39.0,39.0,39.0,39.0,39.0,0.0,79,39.0,39.0,39.0,39.0,39.0,39.0,0.0,ccp_alpha,param_ccp_alpha,combined
71,0.1388570785522461,0.030233495265543423,0.03971829414367676,0.011876854389749761,0.05652188653520198,24,"{'ccp_alpha': np.float64(0.05652188653520198), 'n_estimators': 24}",0.7530864197530864,0.8765432098765432,0.825,0.7875,0.85,0.818425925925926,0.04391679236613164,27,0.794392523364486,0.8847352024922118,0.9037267080745341,0.8757763975155279,0.8540372670807453,0.8625336197055009,0.03763123434122132,696.0,744.0,768.0,832.0,768.0,761.6,43.93449669678714,40,696.0,744.0,768.0,832.0,768.0,761.6,43.93449669678714,82.17283950617285,81.41975308641973,81.175,86.7375,84.4125,83.18351851851851,2.1122342226766504,54,81.02492211838006,82.33644859813083,83.01242236024845,85.31366459627328,82.95341614906835,82.92817476442019,1.390741314070058,ccp_alpha,param_ccp_alpha,combined
72,0.21873950958251953,0.047350049854493266,0.04192605018615723,0.011188518537251472,0.16642625032072592,42,"{'ccp_alpha': np.float64(0.16642625032072592), 'n_estimators': 42}",0.5061728395061729,0.49382716049382713,0.5,0.5,0.5,0.5,0.0039040464940350537,47,0.4984423676012461,0.5015576323987538,0.5,0.5,0.5,0.5,0.0009851332274667674,336.0,336.0,336.0,336.0,336.0,336.0,0.0,72,336.0,336.0,336.0,336.0,336.0,336.0,0.0,43.0,44.0,42.0,45.0,42.0,43.2,1.16619037896906,75,43.0,44.0,42.0,45.0,42.0,43.2,1.16619037896906,ccp_alpha,param_ccp_alpha,combined
73,0.0841515064239502,0.015660714598550986,0.019159269332885743,0.00451053287744866,0.17701525877269153,16,"{'ccp_alpha': np.float64(0.17701525877269153), 'n_estimators': 16}",0.5061728395061729,0.49382716049382713,0.5,0.5,0.5,0.5,0.0039040464940350537,47,0.4984423676012461,0.5015576323987538,0.5,0.5,0.5,0.5,0.0009851332274667674,128.0,128.0,128.0,128.0,128.0,128.0,0.0,90,128.0,128.0,128.0,128.0,128.0,128.0,0.0,16.0,16.0,16.0,16.0,16.0,16.0,0.0,90,16.0,16.0,16.0,16.0,16.0,16.0,0.0,ccp_alpha,param_ccp_alpha,combined
74,0.23647375106811525,0.02853230231390133,0.06015195846557617,0.007204520055532808,0.041491748216721074,43,"{'ccp_alpha': np.float64(0.041491748216721074), 'n_estimators': 43}",0.8888888888888888,0.8888888888888888,0.825,0.8125,0.9,0.8630555555555557,0.03661612678507574,20,0.8847352024922118,0.9252336448598131,0.9099378881987578,0.906832298136646,0.8975155279503105,0.904850912327548,0.013444022053402638,1760.0,1840.0,1872.0,1792.0,1808.0,1814.4,38.665747115502626,22,1760.0,1840.0,1872.0,1792.0,1808.0,1814.4,38.665747115502626,170.60493827160494,162.2962962962963,160.07500000000002,165.87499999999997,165.63750000000002,164.89774691358028,3.5805229932933202,20,166.8442367601246,165.11838006230533,165.43478260869566,163.01242236024842,161.72981366459624,164.42792709119405,1.8227729129391819,ccp_alpha,param_ccp_alpha,combined
75,0.21172642707824707,0.037763269324068385,0.037198543548583984,0.007971352057917854,0.1540834636538163,37,"{'ccp_alpha': np.float64(0.1540834636538163), 'n_estimators': 37}",0.5061728395061729,0.49382716049382713,0.5,0.5,0.5,0.5,0.0039040464940350537,47,0.4984423676012461,0.5015576323987538,0.5,0.5,0.5,0.5,0.0009851332274667674,296.0,296.0,296.0,296.0,296.0,296.0,0.0,76,296.0,296.0,296.0,296.0,296.0,296.0,0.0,39.0,40.0,38.0,41.0,39.0,39.4,1.019803902718557,78,39.0,40.0,38.0,41.0,39.0,39.4,1.019803902718557,ccp_alpha,param_ccp_alpha,combined
76,0.4252056121826172,0.05011504140603176,0.06838746070861816,0.007175884542670198,0.1860243586725422,85,"{'ccp_alpha': np.float64(0.1860243586725422), 'n_estimators': 85}",0.5061728395061729,0.49382716049382713,0.5,0.5,0.5,0.5,0.0039040464940350537,47,0.4984423676012461,0.5015576323987538,0.5,0.5,0.5,0.5,0.0009851332274667674,680.0,680.0,680.0,680.0,680.0,680.0,0.0,51,680.0,680.0,680.0,680.0,680.0,680.0,0.0,85.0,85.0,85.0,86.0,85.0,85.2,0.4,53,85.0,85.0,85.0,86.0,85.0,85.2,0.4,ccp_alpha,param_ccp_alpha,combined
77,0.45981779098510744,0.058257301248446886,0.082676362991333,0.013485739985894658,0.16528301040335946,96,"{'ccp_alpha': np.float64(0.16528301040335946), 'n_estimators': 96}",0.5061728395061729,0.49382716049382713,0.5,0.5,0.5,0.5,0.0039040464940350537,47,0.4984423676012461,0.5015576323987538,0.5,0.5,0.5,0.5,0.0009851332274667674,768.0,768.0,768.0,768.0,768.0,768.0,0.0,39,768.0,768.0,768.0,768.0,768.0,768.0,0.0,98.0,99.0,96.0,101.0,96.0,98.0,1.8973665961010275,44,98.0,99.0,96.0,101.0,96.0,98.0,1.8973665961010275,ccp_alpha,param_ccp_alpha,combined
78,0.32030296325683594,0.021885006683583706,0.06649603843688964,0.010916938021422413,0.12870350977868245,55,"{'ccp_alpha': np.float64(0.12870350977868245), 'n_estimators': 55}",0.5061728395061729,0.49382716049382713,0.5,0.5,0.5,0.5,0.0039040464940350537,47,0.4984423676012461,0.5015576323987538,0.5,0.5,0.5,0.5,0.0009851332274667674,440.0,448.0,440.0,448.0,440.0,443.2,3.919183588453085,66,440.0,448.0,440.0,448.0,440.0,443.2,3.919183588453085,70.0,67.76543209876543,75.0,75.7875,74.0,72.51058641975308,3.097522529376816,64,70.0,67.77258566978193,75.0,75.72360248447205,74.0,72.4992376308508,3.0818843690642233,ccp_alpha,param_ccp_alpha,combined
79,0.08923025131225586,0.019951568089048854,0.023961448669433595,0.004750711967383985,0.19102051503000878,17,"{'ccp_alpha': np.float64(0.19102051503000878), 'n_estimators': 17}",0.5061728395061729,0.49382716049382713,0.5,0.5,0.5,0.5,0.0039040464940350537,47,0.4984423676012461,0.5015576323987538,0.5,0.5,0.5,0.5,0.0009851332274667674,136.0,136.0,136.0,136.0,136.0,136.0,0.0,89,136.0,136.0,136.0,136.0,136.0,136.0,0.0,17.0,17.0,17.0,17.0,17.0,17.0,0.0,89,17.0,17.0,17.0,17.0,17.0,17.0,0.0,ccp_alpha,param_ccp_alpha,combined
80,0.35480074882507323,0.04852950150257482,0.13698868751525878,0.00986923029134888,0.025508854239373872,76,"{'ccp_alpha': np.float64(0.025508854239373872), 'n_estimators': 76}",0.8888888888888888,0.8888888888888888,0.8625,0.8625,0.925,0.8855555555555554,0.022983488437152887,10,0.940809968847352,0.9314641744548287,0.937888198757764,0.9347826086956522,0.9254658385093167,0.9340821578529829,0.005316668423606342,4776.0,4704.0,4736.0,4680.0,4792.0,4737.6,42.15020759142237,7,4776.0,4704.0,4736.0,4680.0,4792.0,4737.6,42.15020759142237,339.01234567901236,322.86419753086415,314.56250000000006,331.475,329.71250000000003,327.52530864197536,8.271592983568839,5,330.30529595015577,326.461059190031,325.9037267080746,324.2329192546585,321.6770186335403,325.71600394729205,2.8342508995296756,ccp_alpha,param_ccp_alpha,combined
81,0.14586901664733887,0.021323135906809964,0.07626423835754395,0.013190561256611008,0.01036593772346043,24,"{'ccp_alpha': np.float64(0.01036593772346043), 'n_estimators': 24}",0.9135802469135802,0.9135802469135802,0.8625,0.875,0.9375,0.9004320987654321,0.027587724319893318,6,0.9813084112149533,0.9781931464174455,0.9782608695652174,0.9813664596273292,0.968944099378882,0.9776145972407655,0.004553035323467877,3120.0,3152.0,3136.0,2992.0,2992.0,3078.4,71.26738384422427,11,3120.0,3152.0,3136.0,2992.0,2992.0,3078.4,71.26738384422427,130.82716049382717,125.13580246913583,119.27499999999999,129.04999999999998,127.49999999999997,126.3575925925926,4.0046742312985195,33,128.07788161993767,127.23676012461058,123.49378881987579,124.13975155279505,124.51552795031056,125.49274201350593,1.8169144360155596,ccp_alpha,param_ccp_alpha,combined
82,0.34717020988464353,0.0440631314507641,0.08018240928649903,0.021298234143036825,0.12381601049849408,67,"{'ccp_alpha': np.float64(0.12381601049849408), 'n_estimators': 67}",0.5061728395061729,0.49382716049382713,0.5,0.5,0.5,0.5,0.0039040464940350537,47,0.4984423676012461,0.5015576323987538,0.5,0.5,0.5,0.5,0.0009851332274667674,536.0,544.0,544.0,552.0,536.0,542.4,5.986651818838306,61,536.0,544.0,544.0,552.0,536.0,542.4,5.986651818838306,89.0,87.76543209876543,94.75,100.625,95.0,93.42808641975309,4.640851995027426,48,89.0,87.77258566978193,94.77639751552795,100.53105590062111,95.0,93.41600781718621,4.61157108090991,ccp_alpha,param_ccp_alpha,combined
83,0.19112825393676758,0.026895772202840486,0.06946334838867188,0.01019215410808495,0.011873365443216502,30,"{'ccp_alpha': np.float64(0.011873365443216502), 'n_estimators': 30}",0.9012345679012346,0.9382716049382716,0.8625,0.9,0.95,0.9104012345679011,0.031085564173009197,4,0.9813084112149533,0.9719626168224299,0.968944099378882,0.9782608695652174,0.968944099378882,0.973884019272073,0.0050353911205761525,3480.0,3392.0,3304.0,3272.0,3272.0,3344.0,80.95430810031051,9,3480.0,3392.0,3304.0,3272.0,3272.0,3344.0,80.95430810031051,159.50617283950618,150.86419753086423,144.4875,156.11249999999998,154.1625,153.0265740740741,5.106664763769588,23,156.76947040498445,153.32710280373828,149.52484472049693,150.85403726708077,149.72670807453417,152.04043265416692,2.7242744435675847,ccp_alpha,param_ccp_alpha,combined
84,0.12098221778869629,0.015559026430786695,0.028505849838256835,0.006853594319804595,0.0689972631678172,22,"{'ccp_alpha': np.float64(0.0689972631678172), 'n_estimators': 22}",0.7654320987654321,0.7654320987654321,0.75,0.6875,0.75,0.7436728395061728,0.028921910535228693,34,0.7538940809968847,0.7663551401869159,0.7950310559006211,0.7857142857142857,0.7608695652173914,0.7723728256032197,0.0155009128608941,504.0,520.0,488.0,536.0,504.0,510.4,16.316862443496913,62,504.0,520.0,488.0,536.0,504.0,510.4,16.316862443496913,67.33333333333334,66.54320987654322,63.462500000000006,68.1375,65.06250000000001,66.10780864197531,1.6674207616153185,67,66.82554517133954,67.05295950155762,64.43788819875776,67.51242236024844,64.39440993788821,66.04464503395832,1.3480220153594429,ccp_alpha,param_ccp_alpha,combined
85,0.30991511344909667,0.05899662872550623,0.1098088264465332,0.009677627695189017,0.010354986818792735,48,"{'ccp_alpha': np.float64(0.010354986818792735), 'n_estimators': 48}",0.9135802469135802,0.9382716049382716,0.875,0.9,0.975,0.9203703703703703,0.034130276604957724,1,0.9844236760124611,0.9875389408099688,0.9906832298136646,0.9813664596273292,0.984472049689441,0.9856968711905729,0.003166407136773796,6360.0,6568.0,6392.0,6000.0,6240.0,6312.0,188.02553018140912,3,6360.0,6568.0,6392.0,6000.0,6240.0,6312.0,188.02553018140912,261.08641975308643,253.72839506172846,242.81250000000003,257.575,255.92499999999993,254.22546296296295,6.191661371087503,11,256.214953271028,256.4579439252337,251.91925465838509,248.7142857142857,248.6708074534161,252.39544900446967,3.4276276557282666,ccp_alpha,param_ccp_alpha,combined
86,0.543261194229126,0.09723653709273387,0.08370990753173828,0.009071459896116551,0.16626933990454462,91,"{'ccp_alpha': np.float64(0.16626933990454462), 'n_estimators': 91}",0.5061728395061729,0.49382716049382713,0.5,0.5,0.5,0.5,0.0039040464940350537,47,0.4984423676012461,0.5015576323987538,0.5,0.5,0.5,0.5,0.0009851332274667674,728.0,728.0,728.0,728.0,728.0,728.0,0.0,45,728.0,728.0,728.0,728.0,728.0,728.0,0.0,93.0,94.0,91.0,96.0,91.0,93.0,1.8973665961010275,49,93.0,94.0,91.0,96.0,91.0,93.0,1.8973665961010275,ccp_alpha,param_ccp_alpha,combined
87,0.10026426315307617,0.029635324158562276,0.020154905319213868,0.010028378816875471,0.20127430532630528,15,"{'ccp_alpha': np.float64(0.20127430532630528), 'n_estimators': 15}",0.5061728395061729,0.49382716049382713,0.5,0.5,0.5,0.5,0.0039040464940350537,47,0.4984423676012461,0.5015576323987538,0.5,0.5,0.5,0.5,0.0009851332274667674,120.0,120.0,120.0,120.0,120.0,120.0,0.0,91,120.0,120.0,120.0,120.0,120.0,120.0,0.0,15.0,15.0,15.0,15.0,15.0,15.0,0.0,91,15.0,15.0,15.0,15.0,15.0,15.0,0.0,ccp_alpha,param_ccp_alpha,combined
88,0.4020688056945801,0.09618789485236448,0.08060531616210938,0.020234671594773667,0.16717748565610566,77,"{'ccp_alpha': np.float64(0.16717748565610566), 'n_estimators': 77}",0.5061728395061729,0.49382716049382713,0.5,0.5,0.5,0.5,0.0039040464940350537,47,0.4984423676012461,0.5015576323987538,0.5,0.5,0.5,0.5,0.0009851332274667674,616.0,616.0,616.0,616.0,616.0,616.0,0.0,55,616.0,616.0,616.0,616.0,616.0,616.0,0.0,79.0,80.0,77.0,82.0,77.0,79.0,1.8973665961010275,58,79.0,80.0,77.0,82.0,77.0,79.0,1.8973665961010275,ccp_alpha,param_ccp_alpha,combined
89,0.31216816902160643,0.10558669981365575,0.05074620246887207,0.006618136145514153,0.0853074301713021,54,"{'ccp_alpha': np.float64(0.0853074301713021), 'n_estimators': 54}",0.654320987654321,0.5679012345679012,0.6125,0.625,0.625,0.6169444444444444,0.028113268946714377,41,0.6386292834890965,0.5669781931464174,0.6490683229813664,0.7329192546583851,0.6521739130434783,0.6479537934637488,0.05269188839726605,672.0,600.0,648.0,712.0,640.0,654.4,36.9735040265323,52,672.0,600.0,648.0,712.0,640.0,654.4,36.9735040265323,119.72839506172839,109.85185185185185,111.36249999999998,129.84999999999997,118.6625,117.89104938271603,7.130752120899224,35,119.53582554517136,110.04984423676015,111.7888198757764,129.3229813664596,118.3198757763975,117.80346936011301,6.815593904803488,ccp_alpha,param_ccp_alpha,combined
90,0.4108096122741699,0.07559845723124836,0.07676477432250976,0.00988152700790477,0.10570261735175256,88,"{'ccp_alpha': np.float64(0.10570261735175256), 'n_estimators': 88}",0.5061728395061729,0.49382716049382713,0.5,0.5,0.5,0.5,0.0039040464940350537,47,0.4984423676012461,0.5015576323987538,0.5,0.5,0.5,0.5,0.0009851332274667674,752.0,760.0,736.0,792.0,728.0,753.6,22.28542124349459,41,752.0,760.0,736.0,792.0,728.0,753.6,22.28542124349459,138.28395061728395,139.1111111111111,134.4125,151.6,133.52500000000003,139.38651234567902,6.473930717588635,26,138.25545171339564,139.1152647975078,134.4472049689441,151.27639751552795,133.59006211180125,139.33687622143535,6.335700698265719,ccp_alpha,param_ccp_alpha,combined
91,0.132444429397583,0.018947680183888375,0.027253246307373045,0.005600474792377332,0.10904508759727251,25,"{'ccp_alpha': np.float64(0.10904508759727251), 'n_estimators': 25}",0.5061728395061729,0.49382716049382713,0.5,0.5,0.5,0.5,0.0039040464940350537,47,0.4984423676012461,0.5015576323987538,0.5,0.5,0.5,0.5,0.0009851332274667674,224.0,208.0,200.0,232.0,208.0,214.4,11.757550765359255,85,224.0,208.0,200.0,232.0,208.0,214.4,11.757550765359255,43.666666666666664,37.93827160493827,39.0,44.2,41.5125,41.26348765432099,2.475512852171869,77,43.65732087227414,37.925233644859816,39.0,44.12422360248447,41.57142857142857,41.2556413382094,2.4607349966416265,ccp_alpha,param_ccp_alpha,combined
92,0.40871806144714357,0.05057698984391727,0.08117575645446777,0.009144915415342224,0.09453146644635212,90,"{'ccp_alpha': np.float64(0.09453146644635212), 'n_estimators': 90}",0.5061728395061729,0.49382716049382713,0.5,0.5,0.5,0.5,0.0039040464940350537,47,0.4984423676012461,0.5015576323987538,0.5,0.5279503105590062,0.5,0.5055900621118012,0.01122344265949812,896.0,840.0,888.0,976.0,904.0,900.8,43.700800907992516,32,896.0,840.0,888.0,976.0,904.0,900.8,43.700800907992516,170.48148148148147,164.11111111111114,160.74999999999997,186.07500000000002,169.375,170.15851851851852,8.707972739497096,19,170.35514018691592,164.22741433021807,160.94720496894413,185.66459627329192,168.96273291925465,170.03141773572492,8.507085655770522,ccp_alpha,param_ccp_alpha,combined
93,0.4006324768066406,0.031940633833513046,0.07210264205932618,0.007687198270694106,0.14869165484882876,90,"{'ccp_alpha': np.float64(0.14869165484882876), 'n_estimators': 90}",0.5061728395061729,0.49382716049382713,0.5,0.5,0.5,0.5,0.0039040464940350537,47,0.4984423676012461,0.5015576323987538,0.5,0.5,0.5,0.5,0.0009851332274667674,720.0,720.0,720.0,720.0,720.0,720.0,0.0,46,720.0,720.0,720.0,720.0,720.0,720.0,0.0,97.0,96.0,99.0,103.0,99.0,98.8,2.4,43,97.0,96.0,99.0,103.0,99.0,98.8,2.4,ccp_alpha,param_ccp_alpha,combined
94,0.12548389434814453,0.00886281135354734,0.03399362564086914,0.0024375147352218365,0.0539641732519108,30,"{'ccp_alpha': np.float64(0.0539641732519108), 'n_estimators': 30}",0.7777777777777778,0.8888888888888888,0.825,0.8125,0.8375,0.8283333333333334,0.03624547651640454,25,0.8130841121495327,0.9034267912772586,0.9006211180124224,0.8881987577639752,0.8571428571428571,0.8724947272692092,0.03394054837239148,944.0,992.0,1016.0,1064.0,1000.0,1003.2,38.731898998112655,28,944.0,992.0,1016.0,1064.0,1000.0,1003.2,38.731898998112655,107.33333333333334,104.45679012345678,103.97500000000002,111.3125,107.94999999999999,107.00552469135803,2.6544173080427615,41,105.58566978193144,105.57320872274143,106.56832298136648,109.40683229813664,105.68944099378885,106.56469495559297,1.4686975573414096,ccp_alpha,param_ccp_alpha,combined
95,0.282910680770874,0.019148709436317805,0.0618990421295166,0.009528467992407344,0.08124906669165201,68,"{'ccp_alpha': np.float64(0.08124906669165201), 'n_estimators': 68}",0.7160493827160493,0.6172839506172839,0.6875,0.6625,0.675,0.6716666666666666,0.03247503232380611,39,0.6978193146417445,0.6292834890965732,0.7267080745341615,0.7515527950310559,0.7391304347826086,0.7088988216172287,0.0436161392588163,1016.0,872.0,1048.0,1080.0,968.0,996.8,72.54901791202965,29,1016.0,872.0,1048.0,1080.0,968.0,996.8,72.54901791202965,167.64197530864197,147.0493827160494,162.21249999999998,174.96249999999995,163.01249999999996,162.97577160493825,9.161756492938109,21,166.6635514018692,147.59501557632402,163.17391304347825,174.3726708074534,161.85714285714286,162.73245873725355,8.729848473162086,ccp_alpha,param_ccp_alpha,combined
96,0.3106792449951172,0.035204054841666985,0.05134439468383789,0.004107862093509703,0.1722148011644615,75,"{'ccp_alpha': np.float64(0.1722148011644615), 'n_estimators': 75}",0.5061728395061729,0.49382716049382713,0.5,0.5,0.5,0.5,0.0039040464940350537,47,0.4984423676012461,0.5015576323987538,0.5,0.5,0.5,0.5,0.0009851332274667674,600.0,600.0,600.0,600.0,600.0,600.0,0.0,56,600.0,600.0,600.0,600.0,600.0,600.0,0.0,77.0,77.0,75.0,79.0,75.0,76.6,1.4966629547095764,61,77.0,77.0,75.0,79.0,75.0,76.6,1.4966629547095764,ccp_alpha,param_ccp_alpha,combined
97,0.13231725692749025,0.00380576157782396,0.033423757553100585,0.0026038900221982816,0.05734678249721789,31,"{'ccp_alpha': np.float64(0.05734678249721789), 'n_estimators': 31}",0.7283950617283951,0.8765432098765432,0.825,0.8125,0.8625,0.8209876543209876,0.05190611138122088,26,0.7881619937694704,0.8847352024922118,0.9037267080745341,0.8850931677018633,0.8509316770186336,0.8625297498113426,0.04090099694875943,904.0,984.0,992.0,1080.0,984.0,988.8,55.79390647732062,30,904.0,984.0,992.0,1080.0,984.0,988.8,55.79390647732062,107.61728395061729,106.09876543209876,105.65,113.60000000000001,109.72500000000001,108.53820987654322,2.9041673540136945,40,106.02492211838006,107.43925233644859,107.9472049689441,111.81366459627327,107.73913043478264,108.19283489096574,1.9310267736622861,ccp_alpha,param_ccp_alpha,combined
98,0.08856768608093261,0.003069698166142104,0.02592620849609375,0.0016482613174731522,0.04519624549637255,21,"{'ccp_alpha': np.float64(0.04519624549637255), 'n_estimators': 21}",0.8518518518518519,0.8888888888888888,0.8375,0.8,0.9,0.8556481481481482,0.03609021237614542,22,0.8691588785046729,0.9221183800623053,0.9006211180124224,0.9006211180124224,0.8819875776397516,0.8949014144463149,0.018086672291406012,800.0,864.0,904.0,848.0,856.0,854.4,33.332266649599454,34,800.0,864.0,904.0,848.0,856.0,854.4,33.332266649599454,80.58024691358025,79.66666666666666,77.7,80.725,80.025,79.73938271604939,1.0885256770845164,57,79.43613707165107,80.68535825545169,80.23913043478261,78.98757763975152,78.39440993788821,79.54852266790502,0.8280821554926254,ccp_alpha,param_ccp_alpha,combined
99,0.09122800827026367,0.0018213744568856079,0.016141080856323244,0.0019393480728850845,0.1396852890111233,22,"{'ccp_alpha': np.float64(0.1396852890111233), 'n_estimators': 22}",0.5061728395061729,0.49382716049382713,0.5,0.5,0.5,0.5,0.0039040464940350537,47,0.4984423676012461,0.5015576323987538,0.5,0.5,0.5,0.5,0.0009851332274667674,176.0,176.0,176.0,176.0,176.0,176.0,0.0,86,176.0,176.0,176.0,176.0,176.0,176.0,0.0,25.0,24.0,28.0,27.0,25.0,25.8,1.4696938456699067,86,25.0,24.0,28.0,27.0,25.0,25.8,1.4696938456699067,ccp_alpha,param_ccp_alpha,combined
